week_id,week_start,week_end,posts_processed,retruths,original_posts,unique_nodes,edge_count,negative_posts,neutral_posts,positive_posts,top_topic,top_topic_node,top_topic_count,top_entity,top_entity_node,top_entity_count,top_nodes_json
2022-W07,2022-02-14,2022-02-20,1,0,1,1,0,0,0,1,Endorsements Appointments,topic::endorsements_appointments,1,,,0,"[{""node"":""topic::endorsements_appointments"",""label"":""Endorsements Appointments"",""count"":1}]"
2022-W17,2022-04-25,2022-05-01,12,2,10,37,167,4,2,6,Media Communications,topic::media_communications,10,F,org::f,1,"[{""node"":""topic::media_communications"",""label"":""Media Communications"",""count"":10},{""node"":""topic::energy_environment"",""label"":""Energy Environment"",""count"":2},{""node"":""topic::defense_military_veterans"",""label"":""Defense Military Veterans"",""count"":1},{""node"":""hashtag::covfefe"",""label"":""#covfefe"",""count"":1},{""node"":""org::f"",""label"":""F"",""count"":1},{""node"":""per::j"",""label"":""J"",""count"":1},{""node"":""org::truth social"",""label"":""Truth Social"",""count"":1},{""node"":""loc::palm beach"",""label"":""Palm Beach"",""count"":1},{""node"":""per::ka"",""label"":""Ka"",""count"":1},{""node"":""per::sh patel"",""label"":""Sh Patel"",""count"":1}]"
2022-W18,2022-05-02,2022-05-08,23,8,15,34,95,4,5,14,Media Communications,topic::media_communications,15,Trump,per::trump,4,"[{""node"":""topic::media_communications"",""label"":""Media Communications"",""count"":15},{""node"":""topic::elections_campaigns"",""label"":""Elections Campaigns"",""count"":7},{""node"":""topic::health_public_health"",""label"":""Health Public Health"",""count"":5},{""node"":""per::trump"",""label"":""Trump"",""count"":4},{""node"":""topic::law_justice_crime"",""label"":""Law Justice Crime"",""count"":4},{""node"":""loc::ohio"",""label"":""Ohio"",""count"":3},{""node"":""mention::realdonaldtrump"",""label"":""@realdonaldtrump"",""count"":2},{""node"":""mention::rsbnpresident"",""label"":""@rsbnpresident"",""count"":2},{""node"":""loc::u. s"",""label"":""U. S"",""count"":2},{""node"":""loc::indiana"",""label"":""Indiana"",""count"":2}]"
2022-W19,2022-05-09,2022-05-15,39,3,36,71,223,15,8,16,Media Communications,topic::media_communications,16,Joe Biden,per::joe biden,5,"[{""node"":""topic::media_communications"",""label"":""Media Communications"",""count"":16},{""node"":""topic::elections_campaigns"",""label"":""Elections Campaigns"",""count"":9},{""node"":""topic::energy_environment"",""label"":""Energy Environment"",""count"":7},{""node"":""topic::health_public_health"",""label"":""Health Public Health"",""count"":5},{""node"":""topic::congress_governance"",""label"":""Congress Governance"",""count"":5},{""node"":""per::joe biden"",""label"":""Joe Biden"",""count"":5},{""node"":""topic::law_justice_crime"",""label"":""Law Justice Crime"",""count"":4},{""node"":""loc::pennsylvania"",""label"":""Pennsylvania"",""count"":4},{""node"":""topic::endorsements_appointments"",""label"":""Endorsements Appointments"",""count"":3},{""node"":""loc::america"",""label"":""America"",""count"":3}]"
2022-W20,2022-05-16,2022-05-22,105,51,54,119,427,29,39,37,Media Communications,topic::media_communications,66,Pennsylvania,loc::pennsylvania,6,"[{""node"":""topic::media_communications"",""label"":""Media Communications"",""count"":66},{""node"":""topic::law_justice_crime"",""label"":""Law Justice Crime"",""count"":26},{""node"":""topic::elections_campaigns"",""label"":""Elections Campaigns"",""count"":18},{""node"":""topic::defense_military_veterans"",""label"":""Defense Military Veterans"",""count"":13},{""node"":""topic::energy_environment"",""label"":""Energy Environment"",""count"":13},{""node"":""topic::health_public_health"",""label"":""Health Public Health"",""count"":12},{""node"":""topic::congress_governance"",""label"":""Congress Governance"",""count"":11},{""node"":""topic::immigration_border"",""label"":""Immigration Border"",""count"":8},{""node"":""loc::pennsylvania"",""label"":""Pennsylvania"",""count"":6},{""node"":""mention::realdonaldtrump"",""label"":""@realdonaldtrump"",""count"":6}]"
2022-W21,2022-05-23,2022-05-29,50,18,32,76,303,18,18,14,Media Communications,topic::media_communications,37,Trump,per::trump,10,"[{""node"":""topic::media_communications"",""label"":""Media Communications"",""count"":37},{""node"":""topic::elections_campaigns"",""label"":""Elections Campaigns"",""count"":14},{""node"":""per::trump"",""label"":""Trump"",""count"":10},{""node"":""topic::health_public_health"",""label"":""Health Public Health"",""count"":7},{""node"":""loc::pennsylvania"",""label"":""Pennsylvania"",""count"":7},{""node"":""mention::rsbnpresident"",""label"":""@rsbnpresident"",""count"":6},{""node"":""loc::georgia"",""label"":""Georgia"",""count"":5},{""node"":""loc::texas"",""label"":""Texas"",""count"":5},{""node"":""topic::law_justice_crime"",""label"":""Law Justice Crime"",""count"":4},{""node"":""org::senate"",""label"":""Senate"",""count"":4}]"
2022-W22,2022-05-30,2022-06-05,59,26,33,95,391,17,18,24,Media Communications,topic::media_communications,43,Iowa,loc::iowa,4,"[{""node"":""topic::media_communications"",""label"":""Media Communications"",""count"":43},{""node"":""topic::health_public_health"",""label"":""Health Public Health"",""count"":9},{""node"":""topic::congress_governance"",""label"":""Congress Governance"",""count"":9},{""node"":""topic::defense_military_veterans"",""label"":""Defense Military Veterans"",""count"":9},{""node"":""topic::energy_environment"",""label"":""Energy Environment"",""count"":8},{""node"":""topic::elections_campaigns"",""label"":""Elections Campaigns"",""count"":8},{""node"":""topic::law_justice_crime"",""label"":""Law Justice Crime"",""count"":6},{""node"":""topic::social_culture_education"",""label"":""Social Culture Education"",""count"":4},{""node"":""mention::devinnunes"",""label"":""@devinnunes"",""count"":4},{""node"":""mention::donaldjtrumpjr"",""label"":""@donaldjtrumpjr"",""count"":4}]"
2022-W23,2022-06-06,2022-06-12,63,22,41,75,228,29,17,17,Media Communications,topic::media_communications,44,Unselects,org::unselects,5,"[{""node"":""topic::media_communications"",""label"":""Media Communications"",""count"":44},{""node"":""topic::law_justice_crime"",""label"":""Law Justice Crime"",""count"":10},{""node"":""topic::energy_environment"",""label"":""Energy Environment"",""count"":8},{""node"":""topic::defense_military_veterans"",""label"":""Defense Military Veterans"",""count"":6},{""node"":""topic::health_public_health"",""label"":""Health Public Health"",""count"":6},{""node"":""topic::elections_campaigns"",""label"":""Elections Campaigns"",""count"":6},{""node"":""org::unselects"",""label"":""Unselects"",""count"":5},{""node"":""per::trump"",""label"":""Trump"",""count"":4},{""node"":""org::unselect committee"",""label"":""Unselect Committee"",""count"":4},{""node"":""topic::congress_governance"",""label"":""Congress Governance"",""count"":4}]"
2022-W24,2022-06-13,2022-06-19,54,11,43,69,294,26,7,21,Media Communications,topic::media_communications,31,Unselect Committee,org::unselect committee,6,"[{""node"":""topic::media_communications"",""label"":""Media Communications"",""count"":31},{""node"":""topic::law_justice_crime"",""label"":""Law Justice Crime"",""count"":17},{""node"":""topic::congress_governance"",""label"":""Congress Governance"",""count"":11},{""node"":""topic::elections_campaigns"",""label"":""Elections Campaigns"",""count"":10},{""node"":""org::unselect committee"",""label"":""Unselect Committee"",""count"":6},{""node"":""topic::health_public_health"",""label"":""Health Public Health"",""count"":5},{""node"":""topic::defense_military_veterans"",""label"":""Defense Military Veterans"",""count"":5},{""node"":""loc::america"",""label"":""America"",""count"":4},{""node"":""topic::energy_environment"",""label"":""Energy Environment"",""count"":4},{""node"":""per::trump"",""label"":""Trump"",""count"":4}]"
2022-W25,2022-06-20,2022-06-26,39,17,22,66,269,16,5,18,Media Communications,topic::media_communications,28,Il,loc::il,5,"[{""node"":""topic::media_communications"",""label"":""Media Communications"",""count"":28},{""node"":""topic::congress_governance"",""label"":""Congress Governance"",""count"":10},{""node"":""topic::law_justice_crime"",""label"":""Law Justice Crime"",""count"":9},{""node"":""topic::elections_campaigns"",""label"":""Elections Campaigns"",""count"":6},{""node"":""loc::il"",""label"":""Il"",""count"":5},{""node"":""per::trump"",""label"":""Trump"",""count"":5},{""node"":""org::unselect committee"",""label"":""Unselect Committee"",""count"":4},{""node"":""org::newsmax"",""label"":""Newsmax"",""count"":4},{""node"":""mention::realdonaldtrump"",""label"":""@realdonaldtrump"",""count"":4},{""node"":""loc::texas"",""label"":""Texas"",""count"":3}]"
2022-W26,2022-06-27,2022-07-03,55,7,48,81,327,29,7,19,Media Communications,topic::media_communications,30,Cassidy Hutchinson,per::cassidy hutchinson,6,"[{""node"":""topic::media_communications"",""label"":""Media Communications"",""count"":30},{""node"":""topic::law_justice_crime"",""label"":""Law Justice Crime"",""count"":19},{""node"":""topic::congress_governance"",""label"":""Congress Governance"",""count"":12},{""node"":""topic::elections_campaigns"",""label"":""Elections Campaigns"",""count"":12},{""node"":""topic::health_public_health"",""label"":""Health Public Health"",""count"":11},{""node"":""topic::defense_military_veterans"",""label"":""Defense Military Veterans"",""count"":7},{""node"":""per::cassidy hutchinson"",""label"":""Cassidy Hutchinson"",""count"":6},{""node"":""per::trump"",""label"":""Trump"",""count"":6},{""node"":""loc::illinois"",""label"":""Illinois"",""count"":5},{""node"":""loc::florida"",""label"":""Florida"",""count"":5}]"
2022-W27,2022-07-04,2022-07-10,81,22,59,110,561,40,14,27,Media Communications,topic::media_communications,52,Trump,per::trump,10,"[{""node"":""topic::media_communications"",""label"":""Media Communications"",""count"":52},{""node"":""topic::law_justice_crime"",""label"":""Law Justice Crime"",""count"":26},{""node"":""topic::elections_campaigns"",""label"":""Elections Campaigns"",""count"":16},{""node"":""topic::congress_governance"",""label"":""Congress Governance"",""count"":12},{""node"":""per::trump"",""label"":""Trump"",""count"":10},{""node"":""topic::health_public_health"",""label"":""Health Public Health"",""count"":9},{""node"":""loc::alaska"",""label"":""Alaska"",""count"":9},{""node"":""loc::america"",""label"":""America"",""count"":7},{""node"":""topic::endorsements_appointments"",""label"":""Endorsements Appointments"",""count"":7},{""node"":""org::unselect committee"",""label"":""Unselect Committee"",""count"":6}]"
2022-W28,2022-07-11,2022-07-17,32,5,27,50,152,13,8,11,Media Communications,topic::media_communications,23,F,org::f,3,"[{""node"":""topic::media_communications"",""label"":""Media Communications"",""count"":23},{""node"":""topic::law_justice_crime"",""label"":""Law Justice Crime"",""count"":8},{""node"":""topic::elections_campaigns"",""label"":""Elections Campaigns"",""count"":6},{""node"":""org::f"",""label"":""F"",""count"":3},{""node"":""topic::energy_environment"",""label"":""Energy Environment"",""count"":3},{""node"":""topic::health_public_health"",""label"":""Health Public Health"",""count"":3},{""node"":""topic::congress_governance"",""label"":""Congress Governance"",""count"":3},{""node"":""org::unselect committee"",""label"":""Unselect Committee"",""count"":3},{""node"":""per::trump"",""label"":""Trump"",""count"":3},{""node"":""per::joe biden"",""label"":""Joe Biden"",""count"":2}]"
2022-W29,2022-07-18,2022-07-24,58,16,42,68,279,23,17,18,Media Communications,topic::media_communications,35,Trump,per::trump,8,"[{""node"":""topic::media_communications"",""label"":""Media Communications"",""count"":35},{""node"":""topic::law_justice_crime"",""label"":""Law Justice Crime"",""count"":17},{""node"":""topic::elections_campaigns"",""label"":""Elections Campaigns"",""count"":16},{""node"":""per::trump"",""label"":""Trump"",""count"":8},{""node"":""topic::congress_governance"",""label"":""Congress Governance"",""count"":7},{""node"":""topic::health_public_health"",""label"":""Health Public Health"",""count"":6},{""node"":""loc::arizona"",""label"":""Arizona"",""count"":6},{""node"":""topic::endorsements_appointments"",""label"":""Endorsements Appointments"",""count"":5},{""node"":""loc::maryland"",""label"":""Maryland"",""count"":5},{""node"":""org::unselect committee"",""label"":""Unselect Committee"",""count"":4}]"
2022-W30,2022-07-25,2022-07-31,44,20,24,75,225,18,6,20,Media Communications,topic::media_communications,29,Justice Department,org::justice department,3,"[{""node"":""topic::media_communications"",""label"":""Media Communications"",""count"":29},{""node"":""topic::law_justice_crime"",""label"":""Law Justice Crime"",""count"":10},{""node"":""topic::congress_governance"",""label"":""Congress Governance"",""count"":7},{""node"":""topic::elections_campaigns"",""label"":""Elections Campaigns"",""count"":6},{""node"":""topic::health_public_health"",""label"":""Health Public Health"",""count"":4},{""node"":""topic::immigration_border"",""label"":""Immigration Border"",""count"":4},{""node"":""mention::realdonaldtrump"",""label"":""@realdonaldtrump"",""count"":3},{""node"":""org::justice department"",""label"":""Justice Department"",""count"":3},{""node"":""per::robin vos"",""label"":""Robin Vos"",""count"":3},{""node"":""loc::missouri"",""label"":""Missouri"",""count"":3}]"
2022-W31,2022-08-01,2022-08-07,85,30,55,100,537,18,34,33,Media Communications,topic::media_communications,51,Trump,per::trump,13,"[{""node"":""topic::media_communications"",""label"":""Media Communications"",""count"":51},{""node"":""topic::elections_campaigns"",""label"":""Elections Campaigns"",""count"":23},{""node"":""topic::congress_governance"",""label"":""Congress Governance"",""count"":21},{""node"":""per::trump"",""label"":""Trump"",""count"":13},{""node"":""mention::realdonaldtrump"",""label"":""@realdonaldtrump"",""count"":12},{""node"":""topic::health_public_health"",""label"":""Health Public Health"",""count"":11},{""node"":""topic::defense_military_veterans"",""label"":""Defense Military Veterans"",""count"":9},{""node"":""topic::law_justice_crime"",""label"":""Law Justice Crime"",""count"":9},{""node"":""topic::endorsements_appointments"",""label"":""Endorsements Appointments"",""count"":8},{""node"":""topic::energy_environment"",""label"":""Energy Environment"",""count"":7}]"
2022-W32,2022-08-08,2022-08-14,77,29,48,98,427,31,24,22,Media Communications,topic::media_communications,51,Fbi,org::fbi,9,"[{""node"":""topic::media_communications"",""label"":""Media Communications"",""count"":51},{""node"":""topic::law_justice_crime"",""label"":""Law Justice Crime"",""count"":28},{""node"":""topic::elections_campaigns"",""label"":""Elections Campaigns"",""count"":14},{""node"":""topic::congress_governance"",""label"":""Congress Governance"",""count"":12},{""node"":""org::fbi"",""label"":""Fbi"",""count"":9},{""node"":""loc::mar - a - lago"",""label"":""Mar - A - Lago"",""count"":8},{""node"":""topic::health_public_health"",""label"":""Health Public Health"",""count"":7},{""node"":""per::obama"",""label"":""Obama"",""count"":7},{""node"":""org::congress"",""label"":""Congress"",""count"":4},{""node"":""topic::defense_military_veterans"",""label"":""Defense Military Veterans"",""count"":4}]"
2022-W33,2022-08-15,2022-08-21,87,20,67,96,417,39,29,19,Media Communications,topic::media_communications,40,Fbi,org::fbi,18,"[{""node"":""topic::media_communications"",""label"":""Media Communications"",""count"":40},{""node"":""topic::law_justice_crime"",""label"":""Law Justice Crime"",""count"":31},{""node"":""topic::elections_campaigns"",""label"":""Elections Campaigns"",""count"":19},{""node"":""org::fbi"",""label"":""Fbi"",""count"":18},{""node"":""topic::congress_governance"",""label"":""Congress Governance"",""count"":14},{""node"":""topic::health_public_health"",""label"":""Health Public Health"",""count"":12},{""node"":""topic::energy_environment"",""label"":""Energy Environment"",""count"":10},{""node"":""per::trump"",""label"":""Trump"",""count"":10},{""node"":""loc::mar - a - lago"",""label"":""Mar - A - Lago"",""count"":8},{""node"":""per::liz cheney"",""label"":""Liz Cheney"",""count"":8}]"
2022-W34,2022-08-22,2022-08-28,64,6,58,78,293,25,23,16,Media Communications,topic::media_communications,30,Trump,per::trump,15,"[{""node"":""topic::media_communications"",""label"":""Media Communications"",""count"":30},{""node"":""topic::law_justice_crime"",""label"":""Law Justice Crime"",""count"":28},{""node"":""per::trump"",""label"":""Trump"",""count"":15},{""node"":""org::fbi"",""label"":""Fbi"",""count"":13},{""node"":""topic::elections_campaigns"",""label"":""Elections Campaigns"",""count"":9},{""node"":""topic::health_public_health"",""label"":""Health Public Health"",""count"":8},{""node"":""topic::congress_governance"",""label"":""Congress Governance"",""count"":7},{""node"":""loc::mar - a - lago"",""label"":""Mar - A - Lago"",""count"":7},{""node"":""per::b"",""label"":""B"",""count"":5},{""node"":""loc::white house"",""label"":""White House"",""count"":4}]"
2022-W35,2022-08-29,2022-09-04,148,96,52,109,505,57,53,38,Media Communications,topic::media_communications,116,Fbi,org::fbi,21,"[{""node"":""topic::media_communications"",""label"":""Media Communications"",""count"":116},{""node"":""topic::law_justice_crime"",""label"":""Law Justice Crime"",""count"":37},{""node"":""org::fbi"",""label"":""Fbi"",""count"":21},{""node"":""topic::elections_campaigns"",""label"":""Elections Campaigns"",""count"":17},{""node"":""topic::health_public_health"",""label"":""Health Public Health"",""count"":16},{""node"":""topic::energy_environment"",""label"":""Energy Environment"",""count"":9},{""node"":""per::trump"",""label"":""Trump"",""count"":9},{""node"":""loc::pennsylvania"",""label"":""Pennsylvania"",""count"":9},{""node"":""loc::america"",""label"":""America"",""count"":7},{""node"":""topic::congress_governance"",""label"":""Congress Governance"",""count"":6}]"
2022-W36,2022-09-05,2022-09-11,60,14,46,94,426,35,10,15,Law Justice Crime,topic::law_justice_crime,32,Fbi,org::fbi,15,"[{""node"":""topic::law_justice_crime"",""label"":""Law Justice Crime"",""count"":32},{""node"":""topic::media_communications"",""label"":""Media Communications"",""count"":30},{""node"":""org::fbi"",""label"":""Fbi"",""count"":15},{""node"":""topic::elections_campaigns"",""label"":""Elections Campaigns"",""count"":9},{""node"":""per::trump"",""label"":""Trump"",""count"":8},{""node"":""topic::energy_environment"",""label"":""Energy Environment"",""count"":7},{""node"":""topic::health_public_health"",""label"":""Health Public Health"",""count"":6},{""node"":""org::doj"",""label"":""Doj"",""count"":5},{""node"":""topic::endorsements_appointments"",""label"":""Endorsements Appointments"",""count"":4},{""node"":""loc::hell"",""label"":""Hell"",""count"":4}]"
2022-W37,2022-09-12,2022-09-18,108,68,40,124,540,39,34,35,Media Communications,topic::media_communications,77,Fbi,org::fbi,11,"[{""node"":""topic::media_communications"",""label"":""Media Communications"",""count"":77},{""node"":""topic::law_justice_crime"",""label"":""Law Justice Crime"",""count"":22},{""node"":""topic::elections_campaigns"",""label"":""Elections Campaigns"",""count"":18},{""node"":""topic::health_public_health"",""label"":""Health Public Health"",""count"":14},{""node"":""topic::energy_environment"",""label"":""Energy Environment"",""count"":12},{""node"":""mention::realdonaldtrump"",""label"":""@realdonaldtrump"",""count"":12},{""node"":""org::fbi"",""label"":""Fbi"",""count"":11},{""node"":""per::trump"",""label"":""Trump"",""count"":10},{""node"":""loc::ohio"",""label"":""Ohio"",""count"":10},{""node"":""topic::congress_governance"",""label"":""Congress Governance"",""count"":9}]"
2022-W38,2022-09-19,2022-09-25,91,33,58,120,484,35,31,25,Media Communications,topic::media_communications,56,Trump,per::trump,16,"[{""node"":""topic::media_communications"",""label"":""Media Communications"",""count"":56},{""node"":""topic::law_justice_crime"",""label"":""Law Justice Crime"",""count"":26},{""node"":""topic::elections_campaigns"",""label"":""Elections Campaigns"",""count"":16},{""node"":""per::trump"",""label"":""Trump"",""count"":16},{""node"":""topic::endorsements_appointments"",""label"":""Endorsements Appointments"",""count"":7},{""node"":""topic::health_public_health"",""label"":""Health Public Health"",""count"":7},{""node"":""mention::realdonaldtrump"",""label"":""@realdonaldtrump"",""count"":6},{""node"":""org::fbi"",""label"":""Fbi"",""count"":6},{""node"":""per::p"",""label"":""P"",""count"":6},{""node"":""topic::energy_environment"",""label"":""Energy Environment"",""count"":5}]"
2022-W39,2022-09-26,2022-10-02,85,43,42,101,475,28,34,23,Media Communications,topic::media_communications,57,Trump,per::trump,14,"[{""node"":""topic::media_communications"",""label"":""Media Communications"",""count"":57},{""node"":""topic::elections_campaigns"",""label"":""Elections Campaigns"",""count"":16},{""node"":""per::trump"",""label"":""Trump"",""count"":14},{""node"":""topic::law_justice_crime"",""label"":""Law Justice Crime"",""count"":11},{""node"":""topic::health_public_health"",""label"":""Health Public Health"",""count"":11},{""node"":""mention::realdonaldtrump"",""label"":""@realdonaldtrump"",""count"":11},{""node"":""topic::congress_governance"",""label"":""Congress Governance"",""count"":10},{""node"":""topic::energy_environment"",""label"":""Energy Environment"",""count"":9},{""node"":""topic::foreign_policy_diplomacy"",""label"":""Foreign Policy Diplomacy"",""count"":6},{""node"":""loc::russia"",""label"":""Russia"",""count"":5}]"
2022-W40,2022-10-03,2022-10-09,92,32,60,114,452,19,33,40,Media Communications,topic::media_communications,57,Trump,per::trump,16,"[{""node"":""topic::media_communications"",""label"":""Media Communications"",""count"":57},{""node"":""topic::law_justice_crime"",""label"":""Law Justice Crime"",""count"":21},{""node"":""per::trump"",""label"":""Trump"",""count"":16},{""node"":""topic::health_public_health"",""label"":""Health Public Health"",""count"":13},{""node"":""topic::elections_campaigns"",""label"":""Elections Campaigns"",""count"":11},{""node"":""topic::endorsements_appointments"",""label"":""Endorsements Appointments"",""count"":8},{""node"":""mention::realdonaldtrump"",""label"":""@realdonaldtrump"",""count"":8},{""node"":""loc::nevada"",""label"":""Nevada"",""count"":7},{""node"":""per::b"",""label"":""B"",""count"":6},{""node"":""loc::brazil"",""label"":""Brazil"",""count"":5}]"
2022-W41,2022-10-10,2022-10-16,90,27,63,103,417,24,38,28,Media Communications,topic::media_communications,54,Trump,per::trump,11,"[{""node"":""topic::media_communications"",""label"":""Media Communications"",""count"":54},{""node"":""topic::law_justice_crime"",""label"":""Law Justice Crime"",""count"":24},{""node"":""topic::health_public_health"",""label"":""Health Public Health"",""count"":13},{""node"":""topic::elections_campaigns"",""label"":""Elections Campaigns"",""count"":11},{""node"":""per::trump"",""label"":""Trump"",""count"":11},{""node"":""topic::energy_environment"",""label"":""Energy Environment"",""count"":10},{""node"":""mention::realdonaldtrump"",""label"":""@realdonaldtrump"",""count"":9},{""node"":""topic::congress_governance"",""label"":""Congress Governance"",""count"":9},{""node"":""topic::endorsements_appointments"",""label"":""Endorsements Appointments"",""count"":8},{""node"":""topic::defense_military_veterans"",""label"":""Defense Military Veterans"",""count"":7}]"
2022-W42,2022-10-17,2022-10-23,70,34,36,108,463,25,20,25,Media Communications,topic::media_communications,44,Trump,per::trump,8,"[{""node"":""topic::media_communications"",""label"":""Media Communications"",""count"":44},{""node"":""topic::law_justice_crime"",""label"":""Law Justice Crime"",""count"":17},{""node"":""topic::elections_campaigns"",""label"":""Elections Campaigns"",""count"":14},{""node"":""mention::realdonaldtrump"",""label"":""@realdonaldtrump"",""count"":10},{""node"":""per::trump"",""label"":""Trump"",""count"":8},{""node"":""topic::defense_military_veterans"",""label"":""Defense Military Veterans"",""count"":7},{""node"":""topic::congress_governance"",""label"":""Congress Governance"",""count"":6},{""node"":""topic::health_public_health"",""label"":""Health Public Health"",""count"":6},{""node"":""topic::endorsements_appointments"",""label"":""Endorsements Appointments"",""count"":6},{""node"":""topic::energy_environment"",""label"":""Energy Environment"",""count"":4}]"
2022-W43,2022-10-24,2022-10-30,92,34,58,113,430,26,32,34,Media Communications,topic::media_communications,50,Trump,per::trump,8,"[{""node"":""topic::media_communications"",""label"":""Media Communications"",""count"":50},{""node"":""topic::law_justice_crime"",""label"":""Law Justice Crime"",""count"":28},{""node"":""topic::elections_campaigns"",""label"":""Elections Campaigns"",""count"":18},{""node"":""topic::health_public_health"",""label"":""Health Public Health"",""count"":15},{""node"":""topic::defense_military_veterans"",""label"":""Defense Military Veterans"",""count"":8},{""node"":""per::trump"",""label"":""Trump"",""count"":8},{""node"":""topic::congress_governance"",""label"":""Congress Governance"",""count"":7},{""node"":""topic::endorsements_appointments"",""label"":""Endorsements Appointments"",""count"":6},{""node"":""mention::oksanatrump"",""label"":""@oksanatrump"",""count"":6},{""node"":""topic::energy_environment"",""label"":""Energy Environment"",""count"":4}]"
2022-W44,2022-10-31,2022-11-06,102,55,47,124,560,24,37,41,Media Communications,topic::media_communications,70,Trump,per::trump,14,"[{""node"":""topic::media_communications"",""label"":""Media Communications"",""count"":70},{""node"":""topic::law_justice_crime"",""label"":""Law Justice Crime"",""count"":17},{""node"":""per::trump"",""label"":""Trump"",""count"":14},{""node"":""topic::elections_campaigns"",""label"":""Elections Campaigns"",""count"":12},{""node"":""mention::realdonaldtrump"",""label"":""@realdonaldtrump"",""count"":12},{""node"":""topic::health_public_health"",""label"":""Health Public Health"",""count"":10},{""node"":""topic::congress_governance"",""label"":""Congress Governance"",""count"":10},{""node"":""mention::realamericasvoice"",""label"":""@realamericasvoice"",""count"":9},{""node"":""topic::endorsements_appointments"",""label"":""Endorsements Appointments"",""count"":7},{""node"":""topic::defense_military_veterans"",""label"":""Defense Military Veterans"",""count"":7}]"
2022-W45,2022-11-07,2022-11-13,95,36,59,119,520,40,25,30,Media Communications,topic::media_communications,61,Arizona,loc::arizona,10,"[{""node"":""topic::media_communications"",""label"":""Media Communications"",""count"":61},{""node"":""topic::elections_campaigns"",""label"":""Elections Campaigns"",""count"":24},{""node"":""topic::congress_governance"",""label"":""Congress Governance"",""count"":15},{""node"":""topic::law_justice_crime"",""label"":""Law Justice Crime"",""count"":15},{""node"":""topic::health_public_health"",""label"":""Health Public Health"",""count"":13},{""node"":""loc::arizona"",""label"":""Arizona"",""count"":10},{""node"":""topic::endorsements_appointments"",""label"":""Endorsements Appointments"",""count"":8},{""node"":""per::trump"",""label"":""Trump"",""count"":7},{""node"":""topic::energy_environment"",""label"":""Energy Environment"",""count"":6},{""node"":""topic::immigration_border"",""label"":""Immigration Border"",""count"":6}]"
2022-W46,2022-11-14,2022-11-20,95,63,32,108,401,29,38,28,Media Communications,topic::media_communications,60,Trump,per::trump,26,"[{""node"":""topic::media_communications"",""label"":""Media Communications"",""count"":60},{""node"":""per::trump"",""label"":""Trump"",""count"":26},{""node"":""topic::law_justice_crime"",""label"":""Law Justice Crime"",""count"":20},{""node"":""topic::elections_campaigns"",""label"":""Elections Campaigns"",""count"":15},{""node"":""topic::endorsements_appointments"",""label"":""Endorsements Appointments"",""count"":10},{""node"":""mention::realdonaldtrump"",""label"":""@realdonaldtrump"",""count"":7},{""node"":""topic::health_public_health"",""label"":""Health Public Health"",""count"":6},{""node"":""topic::congress_governance"",""label"":""Congress Governance"",""count"":5},{""node"":""loc::america"",""label"":""America"",""count"":5},{""node"":""mention::tonyxtwo"",""label"":""@tonyxtwo"",""count"":5}]"
2022-W47,2022-11-21,2022-11-27,116,86,30,94,310,38,65,13,Media Communications,topic::media_communications,102,Trump,per::trump,9,"[{""node"":""topic::media_communications"",""label"":""Media Communications"",""count"":102},{""node"":""topic::law_justice_crime"",""label"":""Law Justice Crime"",""count"":31},{""node"":""mention::oksanatrump"",""label"":""@oksanatrump"",""count"":13},{""node"":""topic::elections_campaigns"",""label"":""Elections Campaigns"",""count"":9},{""node"":""per::trump"",""label"":""Trump"",""count"":9},{""node"":""per::jack smith"",""label"":""Jack Smith"",""count"":7},{""node"":""per::joe biden"",""label"":""Joe Biden"",""count"":7},{""node"":""topic::health_public_health"",""label"":""Health Public Health"",""count"":6},{""node"":""per::ka"",""label"":""Ka"",""count"":6},{""node"":""org::supreme court"",""label"":""Supreme Court"",""count"":5}]"
2022-W48,2022-11-28,2022-12-04,67,24,43,96,356,45,10,12,Media Communications,topic::media_communications,40,Trump,per::trump,10,"[{""node"":""topic::media_communications"",""label"":""Media Communications"",""count"":40},{""node"":""topic::law_justice_crime"",""label"":""Law Justice Crime"",""count"":37},{""node"":""topic::elections_campaigns"",""label"":""Elections Campaigns"",""count"":14},{""node"":""per::trump"",""label"":""Trump"",""count"":10},{""node"":""topic::congress_governance"",""label"":""Congress Governance"",""count"":7},{""node"":""org::big tech"",""label"":""Big Tech"",""count"":6},{""node"":""per::jack smith"",""label"":""Jack Smith"",""count"":5},{""node"":""topic::health_public_health"",""label"":""Health Public Health"",""count"":4},{""node"":""org::fbi"",""label"":""Fbi"",""count"":4},{""node"":""loc::new york"",""label"":""New York"",""count"":3}]"
2022-W49,2022-12-05,2022-12-11,109,71,38,101,359,53,35,21,Media Communications,topic::media_communications,83,Fbi,org::fbi,14,"[{""node"":""topic::media_communications"",""label"":""Media Communications"",""count"":83},{""node"":""topic::law_justice_crime"",""label"":""Law Justice Crime"",""count"":42},{""node"":""org::fbi"",""label"":""Fbi"",""count"":14},{""node"":""topic::health_public_health"",""label"":""Health Public Health"",""count"":12},{""node"":""topic::elections_campaigns"",""label"":""Elections Campaigns"",""count"":11},{""node"":""topic::foreign_policy_diplomacy"",""label"":""Foreign Policy Diplomacy"",""count"":10},{""node"":""per::trump"",""label"":""Trump"",""count"":9},{""node"":""topic::congress_governance"",""label"":""Congress Governance"",""count"":7},{""node"":""mention::realdonaldtrump"",""label"":""@realdonaldtrump"",""count"":6},{""node"":""loc::america"",""label"":""America"",""count"":5}]"
2022-W50,2022-12-12,2022-12-18,102,53,49,84,262,38,41,23,Media Communications,topic::media_communications,78,Fbi,org::fbi,12,"[{""node"":""topic::media_communications"",""label"":""Media Communications"",""count"":78},{""node"":""topic::law_justice_crime"",""label"":""Law Justice Crime"",""count"":27},{""node"":""topic::health_public_health"",""label"":""Health Public Health"",""count"":14},{""node"":""org::fbi"",""label"":""Fbi"",""count"":12},{""node"":""topic::elections_campaigns"",""label"":""Elections Campaigns"",""count"":10},{""node"":""per::trump"",""label"":""Trump"",""count"":10},{""node"":""mention::realdonaldtrumphttps"",""label"":""@realdonaldtrumphttps"",""count"":8},{""node"":""topic::social_culture_education"",""label"":""Social Culture Education"",""count"":6},{""node"":""topic::congress_governance"",""label"":""Congress Governance"",""count"":5},{""node"":""mention::realdonaldtrump"",""label"":""@realdonaldtrump"",""count"":4}]"
2022-W51,2022-12-19,2022-12-25,85,39,46,89,422,50,18,17,Media Communications,topic::media_communications,55,Fbi,org::fbi,17,"[{""node"":""topic::media_communications"",""label"":""Media Communications"",""count"":55},{""node"":""topic::law_justice_crime"",""label"":""Law Justice Crime"",""count"":38},{""node"":""org::fbi"",""label"":""Fbi"",""count"":17},{""node"":""per::trump"",""label"":""Trump"",""count"":14},{""node"":""topic::congress_governance"",""label"":""Congress Governance"",""count"":13},{""node"":""per::b"",""label"":""B"",""count"":10},{""node"":""per::iden"",""label"":""Iden"",""count"":10},{""node"":""topic::health_public_health"",""label"":""Health Public Health"",""count"":9},{""node"":""org::unselect committee"",""label"":""Unselect Committee"",""count"":8},{""node"":""topic::elections_campaigns"",""label"":""Elections Campaigns"",""count"":7}]"
2022-W52,2022-12-26,2023-01-01,52,18,34,74,287,32,9,11,Media Communications,topic::media_communications,33,Trump,per::trump,8,"[{""node"":""topic::media_communications"",""label"":""Media Communications"",""count"":33},{""node"":""topic::law_justice_crime"",""label"":""Law Justice Crime"",""count"":15},{""node"":""topic::congress_governance"",""label"":""Congress Governance"",""count"":9},{""node"":""per::trump"",""label"":""Trump"",""count"":8},{""node"":""topic::elections_campaigns"",""label"":""Elections Campaigns"",""count"":6},{""node"":""topic::health_public_health"",""label"":""Health Public Health"",""count"":6},{""node"":""org::fbi"",""label"":""Fbi"",""count"":5},{""node"":""topic::energy_environment"",""label"":""Energy Environment"",""count"":5},{""node"":""loc::usa"",""label"":""Usa"",""count"":4},{""node"":""topic::immigration_border"",""label"":""Immigration Border"",""count"":3}]"
2023-W01,2023-01-02,2023-01-08,43,4,39,72,323,25,1,17,Media Communications,topic::media_communications,27,Republican Party,org::republican party,6,"[{""node"":""topic::media_communications"",""label"":""Media Communications"",""count"":27},{""node"":""topic::law_justice_crime"",""label"":""Law Justice Crime"",""count"":13},{""node"":""topic::congress_governance"",""label"":""Congress Governance"",""count"":13},{""node"":""topic::health_public_health"",""label"":""Health Public Health"",""count"":6},{""node"":""org::republican party"",""label"":""Republican Party"",""count"":6},{""node"":""loc::u. s"",""label"":""U. S"",""count"":4},{""node"":""topic::elections_campaigns"",""label"":""Elections Campaigns"",""count"":4},{""node"":""loc::china"",""label"":""China"",""count"":4},{""node"":""loc::usa"",""label"":""Usa"",""count"":3},{""node"":""topic::foreign_policy_diplomacy"",""label"":""Foreign Policy Diplomacy"",""count"":3}]"
2023-W02,2023-01-09,2023-01-15,127,74,53,126,594,63,45,19,Media Communications,topic::media_communications,90,B,per::b,24,"[{""node"":""topic::media_communications"",""label"":""Media Communications"",""count"":90},{""node"":""topic::law_justice_crime"",""label"":""Law Justice Crime"",""count"":46},{""node"":""per::b"",""label"":""B"",""count"":24},{""node"":""org::fbi"",""label"":""Fbi"",""count"":14},{""node"":""per::trump"",""label"":""Trump"",""count"":14},{""node"":""per::iden"",""label"":""Iden"",""count"":14},{""node"":""topic::congress_governance"",""label"":""Congress Governance"",""count"":13},{""node"":""loc::china"",""label"":""China"",""count"":9},{""node"":""per::joe biden"",""label"":""Joe Biden"",""count"":9},{""node"":""org::b"",""label"":""B"",""count"":9}]"
2023-W03,2023-01-16,2023-01-22,72,35,37,117,549,29,30,13,Media Communications,topic::media_communications,46,B,per::b,13,"[{""node"":""topic::media_communications"",""label"":""Media Communications"",""count"":46},{""node"":""topic::law_justice_crime"",""label"":""Law Justice Crime"",""count"":29},{""node"":""per::b"",""label"":""B"",""count"":13},{""node"":""topic::health_public_health"",""label"":""Health Public Health"",""count"":12},{""node"":""per::iden"",""label"":""Iden"",""count"":9},{""node"":""topic::congress_governance"",""label"":""Congress Governance"",""count"":6},{""node"":""per::joe biden"",""label"":""Joe Biden"",""count"":4},{""node"":""org::b"",""label"":""B"",""count"":4},{""node"":""loc::china"",""label"":""China"",""count"":4},{""node"":""org::g"",""label"":""G"",""count"":4}]"
2023-W04,2023-01-23,2023-01-29,124,66,58,162,737,57,37,30,Media Communications,topic::media_communications,94,Trump,per::trump,10,"[{""node"":""topic::media_communications"",""label"":""Media Communications"",""count"":94},{""node"":""topic::law_justice_crime"",""label"":""Law Justice Crime"",""count"":39},{""node"":""topic::elections_campaigns"",""label"":""Elections Campaigns"",""count"":14},{""node"":""topic::health_public_health"",""label"":""Health Public Health"",""count"":11},{""node"":""per::trump"",""label"":""Trump"",""count"":10},{""node"":""topic::congress_governance"",""label"":""Congress Governance"",""count"":7},{""node"":""org::fbi"",""label"":""Fbi"",""count"":7},{""node"":""loc::new hampshire"",""label"":""New Hampshire"",""count"":7},{""node"":""mention::realdonaldtrumppage"",""label"":""@realdonaldtrumppage"",""count"":5},{""node"":""loc::r"",""label"":""R"",""count"":5}]"
2023-W05,2023-01-30,2023-02-05,142,68,74,159,755,63,42,37,Media Communications,topic::media_communications,100,Trump,per::trump,24,"[{""node"":""topic::media_communications"",""label"":""Media Communications"",""count"":100},{""node"":""topic::law_justice_crime"",""label"":""Law Justice Crime"",""count"":36},{""node"":""topic::health_public_health"",""label"":""Health Public Health"",""count"":25},{""node"":""per::trump"",""label"":""Trump"",""count"":24},{""node"":""topic::elections_campaigns"",""label"":""Elections Campaigns"",""count"":18},{""node"":""topic::foreign_policy_diplomacy"",""label"":""Foreign Policy Diplomacy"",""count"":10},{""node"":""per::b"",""label"":""B"",""count"":9},{""node"":""per::iden"",""label"":""Iden"",""count"":8},{""node"":""loc::china"",""label"":""China"",""count"":6},{""node"":""loc::america"",""label"":""America"",""count"":6}]"
2023-W06,2023-02-06,2023-02-12,131,37,94,133,517,72,30,29,Media Communications,topic::media_communications,86,Trump,per::trump,9,"[{""node"":""topic::media_communications"",""label"":""Media Communications"",""count"":86},{""node"":""topic::law_justice_crime"",""label"":""Law Justice Crime"",""count"":27},{""node"":""topic::health_public_health"",""label"":""Health Public Health"",""count"":18},{""node"":""topic::congress_governance"",""label"":""Congress Governance"",""count"":13},{""node"":""topic::foreign_policy_diplomacy"",""label"":""Foreign Policy Diplomacy"",""count"":11},{""node"":""topic::elections_campaigns"",""label"":""Elections Campaigns"",""count"":10},{""node"":""per::trump"",""label"":""Trump"",""count"":9},{""node"":""topic::energy_environment"",""label"":""Energy Environment"",""count"":9},{""node"":""loc::america"",""label"":""America"",""count"":7},{""node"":""org::fbi"",""label"":""Fbi"",""count"":7}]"
2023-W07,2023-02-13,2023-02-19,72,16,56,122,672,31,14,27,Media Communications,topic::media_communications,39,Trump,per::trump,13,"[{""node"":""topic::media_communications"",""label"":""Media Communications"",""count"":39},{""node"":""topic::health_public_health"",""label"":""Health Public Health"",""count"":19},{""node"":""topic::law_justice_crime"",""label"":""Law Justice Crime"",""count"":16},{""node"":""per::trump"",""label"":""Trump"",""count"":13},{""node"":""topic::elections_campaigns"",""label"":""Elections Campaigns"",""count"":10},{""node"":""org::r"",""label"":""R"",""count"":7},{""node"":""topic::energy_environment"",""label"":""Energy Environment"",""count"":6},{""node"":""topic::endorsements_appointments"",""label"":""Endorsements Appointments"",""count"":6},{""node"":""org::f"",""label"":""F"",""count"":5},{""node"":""topic::congress_governance"",""label"":""Congress Governance"",""count"":5}]"
2023-W08,2023-02-20,2023-02-26,62,17,45,94,405,25,11,26,Media Communications,topic::media_communications,37,B,per::b,5,"[{""node"":""topic::media_communications"",""label"":""Media Communications"",""count"":37},{""node"":""topic::law_justice_crime"",""label"":""Law Justice Crime"",""count"":17},{""node"":""topic::health_public_health"",""label"":""Health Public Health"",""count"":13},{""node"":""topic::elections_campaigns"",""label"":""Elections Campaigns"",""count"":6},{""node"":""topic::foreign_policy_diplomacy"",""label"":""Foreign Policy Diplomacy"",""count"":6},{""node"":""topic::endorsements_appointments"",""label"":""Endorsements Appointments"",""count"":5},{""node"":""per::b"",""label"":""B"",""count"":5},{""node"":""per::iden"",""label"":""Iden"",""count"":5},{""node"":""topic::energy_environment"",""label"":""Energy Environment"",""count"":5},{""node"":""topic::congress_governance"",""label"":""Congress Governance"",""count"":4}]"
2023-W09,2023-02-27,2023-03-05,77,26,51,112,467,41,17,19,Media Communications,topic::media_communications,45,Foxnews,org::foxnews,7,"[{""node"":""topic::media_communications"",""label"":""Media Communications"",""count"":45},{""node"":""topic::law_justice_crime"",""label"":""Law Justice Crime"",""count"":20},{""node"":""topic::elections_campaigns"",""label"":""Elections Campaigns"",""count"":18},{""node"":""topic::health_public_health"",""label"":""Health Public Health"",""count"":13},{""node"":""org::foxnews"",""label"":""Foxnews"",""count"":7},{""node"":""loc::america"",""label"":""America"",""count"":6},{""node"":""hashtag::agenda47"",""label"":""#agenda47"",""count"":6},{""node"":""per::rupert murdoch"",""label"":""Rupert Murdoch"",""count"":6},{""node"":""org::cpac"",""label"":""Cpac"",""count"":6},{""node"":""per::paul ryan"",""label"":""Paul Ryan"",""count"":5}]"
2023-W10,2023-03-06,2023-03-12,121,69,52,151,742,48,45,28,Media Communications,topic::media_communications,87,Trump,per::trump,20,"[{""node"":""topic::media_communications"",""label"":""Media Communications"",""count"":87},{""node"":""topic::law_justice_crime"",""label"":""Law Justice Crime"",""count"":42},{""node"":""per::trump"",""label"":""Trump"",""count"":20},{""node"":""topic::elections_campaigns"",""label"":""Elections Campaigns"",""count"":19},{""node"":""topic::health_public_health"",""label"":""Health Public Health"",""count"":17},{""node"":""per::ron des"",""label"":""Ron Des"",""count"":7},{""node"":""topic::energy_environment"",""label"":""Energy Environment"",""count"":7},{""node"":""loc::iowa"",""label"":""Iowa"",""count"":7},{""node"":""per::b"",""label"":""B"",""count"":7},{""node"":""loc::manhattan"",""label"":""Manhattan"",""count"":6}]"
2023-W11,2023-03-13,2023-03-19,87,53,34,118,490,37,33,17,Media Communications,topic::media_communications,70,Trump,per::trump,10,"[{""node"":""topic::media_communications"",""label"":""Media Communications"",""count"":70},{""node"":""topic::law_justice_crime"",""label"":""Law Justice Crime"",""count"":24},{""node"":""topic::health_public_health"",""label"":""Health Public Health"",""count"":11},{""node"":""per::trump"",""label"":""Trump"",""count"":10},{""node"":""topic::elections_campaigns"",""label"":""Elections Campaigns"",""count"":9},{""node"":""mention::realdonaldtrump"",""label"":""@realdonaldtrump"",""count"":8},{""node"":""loc::iowa"",""label"":""Iowa"",""count"":5},{""node"":""topic::congress_governance"",""label"":""Congress Governance"",""count"":4},{""node"":""topic::energy_environment"",""label"":""Energy Environment"",""count"":4},{""node"":""hashtag::maga"",""label"":""#maga"",""count"":4}]"
2023-W12,2023-03-20,2023-03-26,143,71,72,153,806,65,43,35,Media Communications,topic::media_communications,91,Trump,per::trump,26,"[{""node"":""topic::media_communications"",""label"":""Media Communications"",""count"":91},{""node"":""topic::law_justice_crime"",""label"":""Law Justice Crime"",""count"":60},{""node"":""topic::health_public_health"",""label"":""Health Public Health"",""count"":26},{""node"":""per::trump"",""label"":""Trump"",""count"":26},{""node"":""topic::elections_campaigns"",""label"":""Elections Campaigns"",""count"":23},{""node"":""mention::realdonaldtrump"",""label"":""@realdonaldtrump"",""count"":20},{""node"":""loc::florida"",""label"":""Florida"",""count"":14},{""node"":""per::ron"",""label"":""Ron"",""count"":13},{""node"":""per::alvin bragg"",""label"":""Alvin Bragg"",""count"":9},{""node"":""per::cohen"",""label"":""Cohen"",""count"":7}]"
2023-W13,2023-03-27,2023-04-02,99,49,50,106,448,44,40,15,Media Communications,topic::media_communications,55,Trump,per::trump,17,"[{""node"":""topic::media_communications"",""label"":""Media Communications"",""count"":55},{""node"":""topic::law_justice_crime"",""label"":""Law Justice Crime"",""count"":35},{""node"":""topic::health_public_health"",""label"":""Health Public Health"",""count"":21},{""node"":""per::trump"",""label"":""Trump"",""count"":17},{""node"":""topic::elections_campaigns"",""label"":""Elections Campaigns"",""count"":14},{""node"":""topic::congress_governance"",""label"":""Congress Governance"",""count"":8},{""node"":""mention::danscavino"",""label"":""@danscavino"",""count"":7},{""node"":""mention::realdonaldtrump"",""label"":""@realdonaldtrump"",""count"":6},{""node"":""topic::endorsements_appointments"",""label"":""Endorsements Appointments"",""count"":6},{""node"":""per::donald j. trump"",""label"":""Donald J. Trump"",""count"":6}]"
2023-W14,2023-04-03,2023-04-09,66,19,47,80,321,31,20,15,Media Communications,topic::media_communications,39,Trump,per::trump,11,"[{""node"":""topic::media_communications"",""label"":""Media Communications"",""count"":39},{""node"":""topic::law_justice_crime"",""label"":""Law Justice Crime"",""count"":21},{""node"":""per::trump"",""label"":""Trump"",""count"":11},{""node"":""topic::elections_campaigns"",""label"":""Elections Campaigns"",""count"":11},{""node"":""per::b"",""label"":""B"",""count"":10},{""node"":""per::iden"",""label"":""Iden"",""count"":9},{""node"":""topic::health_public_health"",""label"":""Health Public Health"",""count"":7},{""node"":""loc::america"",""label"":""America"",""count"":4},{""node"":""topic::foreign_policy_diplomacy"",""label"":""Foreign Policy Diplomacy"",""count"":4},{""node"":""mention::realdonaldtrump"",""label"":""@realdonaldtrump"",""count"":3}]"
2023-W15,2023-04-10,2023-04-16,82,30,52,127,678,47,18,17,Media Communications,topic::media_communications,49,Trump,per::trump,17,"[{""node"":""topic::media_communications"",""label"":""Media Communications"",""count"":49},{""node"":""topic::law_justice_crime"",""label"":""Law Justice Crime"",""count"":38},{""node"":""topic::elections_campaigns"",""label"":""Elections Campaigns"",""count"":19},{""node"":""per::trump"",""label"":""Trump"",""count"":17},{""node"":""per::b"",""label"":""B"",""count"":15},{""node"":""topic::health_public_health"",""label"":""Health Public Health"",""count"":13},{""node"":""per::iden"",""label"":""Iden"",""count"":10},{""node"":""topic::foreign_policy_diplomacy"",""label"":""Foreign Policy Diplomacy"",""count"":5},{""node"":""topic::congress_governance"",""label"":""Congress Governance"",""count"":5},{""node"":""mention::realdonaldtrump"",""label"":""@realdonaldtrump"",""count"":5}]"
2023-W16,2023-04-17,2023-04-23,65,30,35,95,412,18,20,27,Media Communications,topic::media_communications,48,Trump,per::trump,6,"[{""node"":""topic::media_communications"",""label"":""Media Communications"",""count"":48},{""node"":""topic::elections_campaigns"",""label"":""Elections Campaigns"",""count"":16},{""node"":""topic::health_public_health"",""label"":""Health Public Health"",""count"":7},{""node"":""topic::law_justice_crime"",""label"":""Law Justice Crime"",""count"":6},{""node"":""topic::congress_governance"",""label"":""Congress Governance"",""count"":6},{""node"":""per::trump"",""label"":""Trump"",""count"":6},{""node"":""per::b"",""label"":""B"",""count"":4},{""node"":""per::iden"",""label"":""Iden"",""count"":4},{""node"":""loc::florida"",""label"":""Florida"",""count"":4},{""node"":""mention::realdonaldtrump"",""label"":""@realdonaldtrump"",""count"":3}]"
2023-W17,2023-04-24,2023-04-30,110,61,49,115,441,35,44,31,Media Communications,topic::media_communications,79,Trump,per::trump,18,"[{""node"":""topic::media_communications"",""label"":""Media Communications"",""count"":79},{""node"":""mention::realdonaldtrump"",""label"":""@realdonaldtrump"",""count"":20},{""node"":""per::trump"",""label"":""Trump"",""count"":18},{""node"":""topic::elections_campaigns"",""label"":""Elections Campaigns"",""count"":17},{""node"":""topic::law_justice_crime"",""label"":""Law Justice Crime"",""count"":16},{""node"":""topic::health_public_health"",""label"":""Health Public Health"",""count"":10},{""node"":""topic::endorsements_appointments"",""label"":""Endorsements Appointments"",""count"":7},{""node"":""mention::realdonaldtrumphttps"",""label"":""@realdonaldtrumphttps"",""count"":7},{""node"":""topic::energy_environment"",""label"":""Energy Environment"",""count"":6},{""node"":""per::b"",""label"":""B"",""count"":6}]"
2023-W18,2023-05-01,2023-05-07,58,24,34,84,324,22,18,18,Media Communications,topic::media_communications,30,Joe Biden,per::joe biden,7,"[{""node"":""topic::media_communications"",""label"":""Media Communications"",""count"":30},{""node"":""topic::law_justice_crime"",""label"":""Law Justice Crime"",""count"":14},{""node"":""topic::health_public_health"",""label"":""Health Public Health"",""count"":11},{""node"":""topic::elections_campaigns"",""label"":""Elections Campaigns"",""count"":8},{""node"":""per::joe biden"",""label"":""Joe Biden"",""count"":7},{""node"":""per::trump"",""label"":""Trump"",""count"":7},{""node"":""topic::foreign_policy_diplomacy"",""label"":""Foreign Policy Diplomacy"",""count"":5},{""node"":""topic::immigration_border"",""label"":""Immigration Border"",""count"":4},{""node"":""topic::endorsements_appointments"",""label"":""Endorsements Appointments"",""count"":4},{""node"":""per::c"",""label"":""C"",""count"":4}]"
2023-W19,2023-05-08,2023-05-14,72,26,46,103,409,27,17,28,Media Communications,topic::media_communications,45,Trump,per::trump,10,"[{""node"":""topic::media_communications"",""label"":""Media Communications"",""count"":45},{""node"":""topic::elections_campaigns"",""label"":""Elections Campaigns"",""count"":18},{""node"":""topic::law_justice_crime"",""label"":""Law Justice Crime"",""count"":14},{""node"":""topic::health_public_health"",""label"":""Health Public Health"",""count"":11},{""node"":""per::trump"",""label"":""Trump"",""count"":10},{""node"":""org::cnn"",""label"":""Cnn"",""count"":9},{""node"":""per::b"",""label"":""B"",""count"":5},{""node"":""per::iden"",""label"":""Iden"",""count"":5},{""node"":""loc::new hampshire"",""label"":""New Hampshire"",""count"":5},{""node"":""topic::endorsements_appointments"",""label"":""Endorsements Appointments"",""count"":5}]"
2023-W20,2023-05-15,2023-05-21,102,47,55,130,650,46,33,23,Media Communications,topic::media_communications,63,Fbi,org::fbi,19,"[{""node"":""topic::media_communications"",""label"":""Media Communications"",""count"":63},{""node"":""topic::law_justice_crime"",""label"":""Law Justice Crime"",""count"":41},{""node"":""topic::elections_campaigns"",""label"":""Elections Campaigns"",""count"":22},{""node"":""org::fbi"",""label"":""Fbi"",""count"":19},{""node"":""per::trump"",""label"":""Trump"",""count"":18},{""node"":""topic::health_public_health"",""label"":""Health Public Health"",""count"":14},{""node"":""per::b"",""label"":""B"",""count"":10},{""node"":""topic::congress_governance"",""label"":""Congress Governance"",""count"":9},{""node"":""per::iden"",""label"":""Iden"",""count"":9},{""node"":""mention::realdonaldtrump"",""label"":""@realdonaldtrump"",""count"":8}]"
2023-W21,2023-05-22,2023-05-28,107,56,51,132,644,38,39,30,Media Communications,topic::media_communications,69,Trump,per::trump,12,"[{""node"":""topic::media_communications"",""label"":""Media Communications"",""count"":69},{""node"":""topic::elections_campaigns"",""label"":""Elections Campaigns"",""count"":25},{""node"":""topic::law_justice_crime"",""label"":""Law Justice Crime"",""count"":24},{""node"":""per::trump"",""label"":""Trump"",""count"":12},{""node"":""per::b"",""label"":""B"",""count"":10},{""node"":""topic::health_public_health"",""label"":""Health Public Health"",""count"":10},{""node"":""mention::realdonaldtrump"",""label"":""@realdonaldtrump"",""count"":9},{""node"":""org::fbi"",""label"":""Fbi"",""count"":7},{""node"":""per::iden"",""label"":""Iden"",""count"":7},{""node"":""topic::congress_governance"",""label"":""Congress Governance"",""count"":6}]"
2023-W22,2023-05-29,2023-06-04,125,69,56,125,577,39,50,36,Media Communications,topic::media_communications,84,Trump,per::trump,12,"[{""node"":""topic::media_communications"",""label"":""Media Communications"",""count"":84},{""node"":""topic::law_justice_crime"",""label"":""Law Justice Crime"",""count"":22},{""node"":""topic::elections_campaigns"",""label"":""Elections Campaigns"",""count"":21},{""node"":""topic::health_public_health"",""label"":""Health Public Health"",""count"":19},{""node"":""topic::energy_environment"",""label"":""Energy Environment"",""count"":12},{""node"":""per::trump"",""label"":""Trump"",""count"":12},{""node"":""mention::realdonaldtrump"",""label"":""@realdonaldtrump"",""count"":10},{""node"":""topic::foreign_policy_diplomacy"",""label"":""Foreign Policy Diplomacy"",""count"":7},{""node"":""loc::iowa"",""label"":""Iowa"",""count"":6},{""node"":""per::b"",""label"":""B"",""count"":5}]"
2023-W23,2023-06-05,2023-06-11,191,105,86,160,872,89,70,32,Media Communications,topic::media_communications,135,B,per::b,26,"[{""node"":""topic::media_communications"",""label"":""Media Communications"",""count"":135},{""node"":""topic::law_justice_crime"",""label"":""Law Justice Crime"",""count"":87},{""node"":""topic::elections_campaigns"",""label"":""Elections Campaigns"",""count"":31},{""node"":""per::b"",""label"":""B"",""count"":26},{""node"":""topic::health_public_health"",""label"":""Health Public Health"",""count"":26},{""node"":""per::trump"",""label"":""Trump"",""count"":24},{""node"":""per::iden"",""label"":""Iden"",""count"":20},{""node"":""per::joe biden"",""label"":""Joe Biden"",""count"":16},{""node"":""mention::realdonaldtrump"",""label"":""@realdonaldtrump"",""count"":16},{""node"":""topic::congress_governance"",""label"":""Congress Governance"",""count"":13}]"
2023-W24,2023-06-12,2023-06-18,125,52,73,112,459,56,40,29,Media Communications,topic::media_communications,76,B,per::b,12,"[{""node"":""topic::media_communications"",""label"":""Media Communications"",""count"":76},{""node"":""topic::law_justice_crime"",""label"":""Law Justice Crime"",""count"":52},{""node"":""topic::health_public_health"",""label"":""Health Public Health"",""count"":21},{""node"":""topic::elections_campaigns"",""label"":""Elections Campaigns"",""count"":15},{""node"":""per::b"",""label"":""B"",""count"":12},{""node"":""per::trump"",""label"":""Trump"",""count"":12},{""node"":""per::joe biden"",""label"":""Joe Biden"",""count"":11},{""node"":""topic::energy_environment"",""label"":""Energy Environment"",""count"":10},{""node"":""per::iden"",""label"":""Iden"",""count"":7},{""node"":""topic::endorsements_appointments"",""label"":""Endorsements Appointments"",""count"":6}]"
2023-W25,2023-06-19,2023-06-25,128,71,57,106,501,45,57,26,Media Communications,topic::media_communications,80,Trump,per::trump,20,"[{""node"":""topic::media_communications"",""label"":""Media Communications"",""count"":80},{""node"":""topic::law_justice_crime"",""label"":""Law Justice Crime"",""count"":48},{""node"":""per::trump"",""label"":""Trump"",""count"":20},{""node"":""topic::elections_campaigns"",""label"":""Elections Campaigns"",""count"":18},{""node"":""topic::health_public_health"",""label"":""Health Public Health"",""count"":17},{""node"":""per::b"",""label"":""B"",""count"":15},{""node"":""mention::realdonaldtrump"",""label"":""@realdonaldtrump"",""count"":12},{""node"":""per::iden"",""label"":""Iden"",""count"":9},{""node"":""topic::congress_governance"",""label"":""Congress Governance"",""count"":9},{""node"":""org::fbi"",""label"":""Fbi"",""count"":9}]"
2023-W26,2023-06-26,2023-07-02,125,54,71,126,568,35,41,49,Media Communications,topic::media_communications,89,Trump,per::trump,12,"[{""node"":""topic::media_communications"",""label"":""Media Communications"",""count"":89},{""node"":""topic::health_public_health"",""label"":""Health Public Health"",""count"":26},{""node"":""topic::law_justice_crime"",""label"":""Law Justice Crime"",""count"":22},{""node"":""topic::elections_campaigns"",""label"":""Elections Campaigns"",""count"":15},{""node"":""per::trump"",""label"":""Trump"",""count"":12},{""node"":""topic::endorsements_appointments"",""label"":""Endorsements Appointments"",""count"":11},{""node"":""topic::foreign_policy_diplomacy"",""label"":""Foreign Policy Diplomacy"",""count"":8},{""node"":""per::b"",""label"":""B"",""count"":8},{""node"":""mention::realdonaldtrump"",""label"":""@realdonaldtrump"",""count"":8},{""node"":""loc::america"",""label"":""America"",""count"":8}]"
2023-W27,2023-07-03,2023-07-09,106,74,32,110,496,41,39,26,Media Communications,topic::media_communications,77,Trump,per::trump,13,"[{""node"":""topic::media_communications"",""label"":""Media Communications"",""count"":77},{""node"":""topic::law_justice_crime"",""label"":""Law Justice Crime"",""count"":35},{""node"":""topic::elections_campaigns"",""label"":""Elections Campaigns"",""count"":16},{""node"":""topic::health_public_health"",""label"":""Health Public Health"",""count"":15},{""node"":""per::trump"",""label"":""Trump"",""count"":13},{""node"":""per::b"",""label"":""B"",""count"":13},{""node"":""topic::foreign_policy_diplomacy"",""label"":""Foreign Policy Diplomacy"",""count"":12},{""node"":""mention::realdonaldtrump"",""label"":""@realdonaldtrump"",""count"":11},{""node"":""per::iden"",""label"":""Iden"",""count"":9},{""node"":""loc::white house"",""label"":""White House"",""count"":8}]"
2023-W28,2023-07-10,2023-07-16,144,86,58,134,657,45,54,45,Media Communications,topic::media_communications,98,Trump,per::trump,15,"[{""node"":""topic::media_communications"",""label"":""Media Communications"",""count"":98},{""node"":""topic::law_justice_crime"",""label"":""Law Justice Crime"",""count"":25},{""node"":""topic::elections_campaigns"",""label"":""Elections Campaigns"",""count"":22},{""node"":""topic::health_public_health"",""label"":""Health Public Health"",""count"":16},{""node"":""per::trump"",""label"":""Trump"",""count"":15},{""node"":""per::b"",""label"":""B"",""count"":13},{""node"":""topic::endorsements_appointments"",""label"":""Endorsements Appointments"",""count"":12},{""node"":""per::iden"",""label"":""Iden"",""count"":8},{""node"":""per::c"",""label"":""C"",""count"":7},{""node"":""per::joe biden"",""label"":""Joe Biden"",""count"":7}]"
2023-W29,2023-07-17,2023-07-23,168,121,47,131,557,48,78,42,Media Communications,topic::media_communications,132,Trump,per::trump,17,"[{""node"":""topic::media_communications"",""label"":""Media Communications"",""count"":132},{""node"":""topic::law_justice_crime"",""label"":""Law Justice Crime"",""count"":42},{""node"":""topic::elections_campaigns"",""label"":""Elections Campaigns"",""count"":28},{""node"":""topic::health_public_health"",""label"":""Health Public Health"",""count"":21},{""node"":""per::trump"",""label"":""Trump"",""count"":17},{""node"":""mention::realdonaldtrump"",""label"":""@realdonaldtrump"",""count"":13},{""node"":""per::b"",""label"":""B"",""count"":10},{""node"":""per::joe biden"",""label"":""Joe Biden"",""count"":10},{""node"":""topic::foreign_policy_diplomacy"",""label"":""Foreign Policy Diplomacy"",""count"":9},{""node"":""topic::energy_environment"",""label"":""Energy Environment"",""count"":7}]"
2023-W30,2023-07-24,2023-07-30,198,132,66,178,1010,81,66,51,Media Communications,topic::media_communications,147,Trump,per::trump,29,"[{""node"":""topic::media_communications"",""label"":""Media Communications"",""count"":147},{""node"":""topic::law_justice_crime"",""label"":""Law Justice Crime"",""count"":66},{""node"":""topic::elections_campaigns"",""label"":""Elections Campaigns"",""count"":32},{""node"":""per::trump"",""label"":""Trump"",""count"":29},{""node"":""topic::congress_governance"",""label"":""Congress Governance"",""count"":22},{""node"":""topic::health_public_health"",""label"":""Health Public Health"",""count"":18},{""node"":""mention::realdonaldtrump"",""label"":""@realdonaldtrump"",""count"":16},{""node"":""per::joe biden"",""label"":""Joe Biden"",""count"":15},{""node"":""topic::endorsements_appointments"",""label"":""Endorsements Appointments"",""count"":14},{""node"":""per::b"",""label"":""B"",""count"":13}]"
2023-W31,2023-07-31,2023-08-06,155,83,72,154,777,76,55,24,Media Communications,topic::media_communications,113,Trump,per::trump,25,"[{""node"":""topic::media_communications"",""label"":""Media Communications"",""count"":113},{""node"":""topic::law_justice_crime"",""label"":""Law Justice Crime"",""count"":54},{""node"":""topic::elections_campaigns"",""label"":""Elections Campaigns"",""count"":43},{""node"":""topic::health_public_health"",""label"":""Health Public Health"",""count"":31},{""node"":""per::trump"",""label"":""Trump"",""count"":25},{""node"":""per::joe biden"",""label"":""Joe Biden"",""count"":16},{""node"":""per::b"",""label"":""B"",""count"":14},{""node"":""mention::realdonaldtrump"",""label"":""@realdonaldtrump"",""count"":13},{""node"":""org::foxnews"",""label"":""Foxnews"",""count"":12},{""node"":""per::iden"",""label"":""Iden"",""count"":12}]"
2023-W32,2023-08-07,2023-08-13,134,71,63,148,860,54,49,31,Media Communications,topic::media_communications,101,Trump,per::trump,14,"[{""node"":""topic::media_communications"",""label"":""Media Communications"",""count"":101},{""node"":""topic::law_justice_crime"",""label"":""Law Justice Crime"",""count"":50},{""node"":""topic::elections_campaigns"",""label"":""Elections Campaigns"",""count"":28},{""node"":""per::trump"",""label"":""Trump"",""count"":14},{""node"":""per::joe biden"",""label"":""Joe Biden"",""count"":14},{""node"":""mention::realdonaldtrump"",""label"":""@realdonaldtrump"",""count"":13},{""node"":""topic::health_public_health"",""label"":""Health Public Health"",""count"":12},{""node"":""per::c"",""label"":""C"",""count"":12},{""node"":""per::b"",""label"":""B"",""count"":11},{""node"":""topic::endorsements_appointments"",""label"":""Endorsements Appointments"",""count"":9}]"
2023-W33,2023-08-14,2023-08-20,99,42,57,112,478,41,37,21,Media Communications,topic::media_communications,65,Joe Biden,per::joe biden,12,"[{""node"":""topic::media_communications"",""label"":""Media Communications"",""count"":65},{""node"":""topic::law_justice_crime"",""label"":""Law Justice Crime"",""count"":39},{""node"":""topic::elections_campaigns"",""label"":""Elections Campaigns"",""count"":22},{""node"":""per::joe biden"",""label"":""Joe Biden"",""count"":12},{""node"":""per::c"",""label"":""C"",""count"":11},{""node"":""per::trump"",""label"":""Trump"",""count"":10},{""node"":""topic::health_public_health"",""label"":""Health Public Health"",""count"":9},{""node"":""mention::realdonaldtrump"",""label"":""@realdonaldtrump"",""count"":6},{""node"":""loc::georgia"",""label"":""Georgia"",""count"":5},{""node"":""topic::endorsements_appointments"",""label"":""Endorsements Appointments"",""count"":5}]"
2023-W34,2023-08-21,2023-08-27,133,53,80,129,544,51,44,38,Media Communications,topic::media_communications,93,Trump,per::trump,14,"[{""node"":""topic::media_communications"",""label"":""Media Communications"",""count"":93},{""node"":""topic::law_justice_crime"",""label"":""Law Justice Crime"",""count"":33},{""node"":""topic::health_public_health"",""label"":""Health Public Health"",""count"":19},{""node"":""topic::elections_campaigns"",""label"":""Elections Campaigns"",""count"":19},{""node"":""per::trump"",""label"":""Trump"",""count"":14},{""node"":""topic::endorsements_appointments"",""label"":""Endorsements Appointments"",""count"":11},{""node"":""per::c"",""label"":""C"",""count"":11},{""node"":""per::joe biden"",""label"":""Joe Biden"",""count"":11},{""node"":""per::b"",""label"":""B"",""count"":8},{""node"":""mention::realdonaldtrump"",""label"":""@realdonaldtrump"",""count"":7}]"
2023-W35,2023-08-28,2023-09-03,204,81,123,154,765,86,53,65,Media Communications,topic::media_communications,107,Joe Biden,per::joe biden,19,"[{""node"":""topic::media_communications"",""label"":""Media Communications"",""count"":107},{""node"":""topic::law_justice_crime"",""label"":""Law Justice Crime"",""count"":67},{""node"":""topic::elections_campaigns"",""label"":""Elections Campaigns"",""count"":42},{""node"":""topic::health_public_health"",""label"":""Health Public Health"",""count"":33},{""node"":""per::joe biden"",""label"":""Joe Biden"",""count"":19},{""node"":""per::trump"",""label"":""Trump"",""count"":18},{""node"":""topic::energy_environment"",""label"":""Energy Environment"",""count"":15},{""node"":""loc::america"",""label"":""America"",""count"":13},{""node"":""per::b"",""label"":""B"",""count"":11},{""node"":""per::c"",""label"":""C"",""count"":9}]"
2023-W36,2023-09-04,2023-09-10,96,24,72,104,416,34,33,29,Media Communications,topic::media_communications,51,Trump,per::trump,11,"[{""node"":""topic::media_communications"",""label"":""Media Communications"",""count"":51},{""node"":""topic::law_justice_crime"",""label"":""Law Justice Crime"",""count"":24},{""node"":""topic::elections_campaigns"",""label"":""Elections Campaigns"",""count"":19},{""node"":""topic::health_public_health"",""label"":""Health Public Health"",""count"":15},{""node"":""topic::energy_environment"",""label"":""Energy Environment"",""count"":14},{""node"":""per::trump"",""label"":""Trump"",""count"":11},{""node"":""topic::endorsements_appointments"",""label"":""Endorsements Appointments"",""count"":8},{""node"":""per::b"",""label"":""B"",""count"":7},{""node"":""mention::realdonaldtrump"",""label"":""@realdonaldtrump"",""count"":6},{""node"":""per::c"",""label"":""C"",""count"":6}]"
2023-W37,2023-09-11,2023-09-17,99,32,67,122,542,39,30,30,Media Communications,topic::media_communications,59,C,per::c,16,"[{""node"":""topic::media_communications"",""label"":""Media Communications"",""count"":59},{""node"":""topic::law_justice_crime"",""label"":""Law Justice Crime"",""count"":27},{""node"":""topic::elections_campaigns"",""label"":""Elections Campaigns"",""count"":23},{""node"":""per::c"",""label"":""C"",""count"":16},{""node"":""topic::health_public_health"",""label"":""Health Public Health"",""count"":14},{""node"":""per::trump"",""label"":""Trump"",""count"":13},{""node"":""per::joe biden"",""label"":""Joe Biden"",""count"":12},{""node"":""per::b"",""label"":""B"",""count"":11},{""node"":""mention::realdonaldtrump"",""label"":""@realdonaldtrump"",""count"":11},{""node"":""topic::endorsements_appointments"",""label"":""Endorsements Appointments"",""count"":6}]"
2023-W38,2023-09-18,2023-09-24,117,56,61,120,654,51,35,31,Media Communications,topic::media_communications,72,Trump,per::trump,26,"[{""node"":""topic::media_communications"",""label"":""Media Communications"",""count"":72},{""node"":""per::trump"",""label"":""Trump"",""count"":26},{""node"":""topic::law_justice_crime"",""label"":""Law Justice Crime"",""count"":22},{""node"":""per::joe biden"",""label"":""Joe Biden"",""count"":20},{""node"":""topic::elections_campaigns"",""label"":""Elections Campaigns"",""count"":19},{""node"":""topic::health_public_health"",""label"":""Health Public Health"",""count"":17},{""node"":""per::c"",""label"":""C"",""count"":15},{""node"":""topic::immigration_border"",""label"":""Immigration Border"",""count"":15},{""node"":""mention::realdonaldtrump"",""label"":""@realdonaldtrump"",""count"":14},{""node"":""topic::energy_environment"",""label"":""Energy Environment"",""count"":11}]"
2023-W39,2023-09-25,2023-10-01,194,102,92,187,1156,65,71,58,Media Communications,topic::media_communications,135,Trump,per::trump,35,"[{""node"":""topic::media_communications"",""label"":""Media Communications"",""count"":135},{""node"":""per::trump"",""label"":""Trump"",""count"":35},{""node"":""topic::elections_campaigns"",""label"":""Elections Campaigns"",""count"":33},{""node"":""topic::law_justice_crime"",""label"":""Law Justice Crime"",""count"":33},{""node"":""topic::health_public_health"",""label"":""Health Public Health"",""count"":21},{""node"":""mention::realdonaldtrump"",""label"":""@realdonaldtrump"",""count"":20},{""node"":""topic::energy_environment"",""label"":""Energy Environment"",""count"":15},{""node"":""loc::michigan"",""label"":""Michigan"",""count"":12},{""node"":""per::b"",""label"":""B"",""count"":11},{""node"":""per::joe biden"",""label"":""Joe Biden"",""count"":10}]"
2023-W40,2023-10-02,2023-10-08,131,54,77,157,1030,65,44,22,Media Communications,topic::media_communications,87,Trump,per::trump,21,"[{""node"":""topic::media_communications"",""label"":""Media Communications"",""count"":87},{""node"":""topic::law_justice_crime"",""label"":""Law Justice Crime"",""count"":50},{""node"":""mention::realdonaldtrump"",""label"":""@realdonaldtrump"",""count"":22},{""node"":""topic::elections_campaigns"",""label"":""Elections Campaigns"",""count"":21},{""node"":""per::trump"",""label"":""Trump"",""count"":21},{""node"":""loc::new york"",""label"":""New York"",""count"":16},{""node"":""per::let"",""label"":""Let"",""count"":13},{""node"":""topic::health_public_health"",""label"":""Health Public Health"",""count"":12},{""node"":""per::joe biden"",""label"":""Joe Biden"",""count"":11},{""node"":""topic::immigration_border"",""label"":""Immigration Border"",""count"":11}]"
2023-W41,2023-10-09,2023-10-15,122,34,88,136,708,63,29,30,Media Communications,topic::media_communications,58,Israel,loc::israel,14,"[{""node"":""topic::media_communications"",""label"":""Media Communications"",""count"":58},{""node"":""topic::law_justice_crime"",""label"":""Law Justice Crime"",""count"":32},{""node"":""topic::foreign_policy_diplomacy"",""label"":""Foreign Policy Diplomacy"",""count"":21},{""node"":""topic::elections_campaigns"",""label"":""Elections Campaigns"",""count"":16},{""node"":""loc::israel"",""label"":""Israel"",""count"":14},{""node"":""per::trump"",""label"":""Trump"",""count"":13},{""node"":""per::joe biden"",""label"":""Joe Biden"",""count"":11},{""node"":""per::b"",""label"":""B"",""count"":10},{""node"":""topic::health_public_health"",""label"":""Health Public Health"",""count"":10},{""node"":""topic::immigration_border"",""label"":""Immigration Border"",""count"":9}]"
2023-W42,2023-10-16,2023-10-22,131,66,65,134,746,50,47,34,Media Communications,topic::media_communications,81,Trump,per::trump,22,"[{""node"":""topic::media_communications"",""label"":""Media Communications"",""count"":81},{""node"":""topic::law_justice_crime"",""label"":""Law Justice Crime"",""count"":28},{""node"":""topic::elections_campaigns"",""label"":""Elections Campaigns"",""count"":22},{""node"":""per::trump"",""label"":""Trump"",""count"":22},{""node"":""topic::health_public_health"",""label"":""Health Public Health"",""count"":21},{""node"":""topic::foreign_policy_diplomacy"",""label"":""Foreign Policy Diplomacy"",""count"":16},{""node"":""topic::energy_environment"",""label"":""Energy Environment"",""count"":13},{""node"":""per::b"",""label"":""B"",""count"":12},{""node"":""per::joe biden"",""label"":""Joe Biden"",""count"":12},{""node"":""per::c"",""label"":""C"",""count"":9}]"
2023-W43,2023-10-23,2023-10-29,137,67,70,156,885,53,45,39,Media Communications,topic::media_communications,99,Trump,per::trump,24,"[{""node"":""topic::media_communications"",""label"":""Media Communications"",""count"":99},{""node"":""topic::law_justice_crime"",""label"":""Law Justice Crime"",""count"":29},{""node"":""per::trump"",""label"":""Trump"",""count"":24},{""node"":""topic::foreign_policy_diplomacy"",""label"":""Foreign Policy Diplomacy"",""count"":22},{""node"":""topic::elections_campaigns"",""label"":""Elections Campaigns"",""count"":16},{""node"":""topic::health_public_health"",""label"":""Health Public Health"",""count"":15},{""node"":""mention::realdonaldtrump"",""label"":""@realdonaldtrump"",""count"":12},{""node"":""per::b"",""label"":""B"",""count"":11},{""node"":""topic::endorsements_appointments"",""label"":""Endorsements Appointments"",""count"":11},{""node"":""loc::israel"",""label"":""Israel"",""count"":10}]"
2023-W44,2023-10-30,2023-11-05,105,15,90,139,739,51,22,32,Media Communications,topic::media_communications,43,Trump,per::trump,12,"[{""node"":""topic::media_communications"",""label"":""Media Communications"",""count"":43},{""node"":""topic::law_justice_crime"",""label"":""Law Justice Crime"",""count"":37},{""node"":""topic::elections_campaigns"",""label"":""Elections Campaigns"",""count"":27},{""node"":""topic::health_public_health"",""label"":""Health Public Health"",""count"":16},{""node"":""per::trump"",""label"":""Trump"",""count"":12},{""node"":""per::joe biden"",""label"":""Joe Biden"",""count"":11},{""node"":""per::c"",""label"":""C"",""count"":10},{""node"":""topic::immigration_border"",""label"":""Immigration Border"",""count"":10},{""node"":""loc::america"",""label"":""America"",""count"":8},{""node"":""loc::florida"",""label"":""Florida"",""count"":7}]"
2023-W45,2023-11-06,2023-11-12,104,38,66,150,972,39,29,36,Media Communications,topic::media_communications,63,Trump,per::trump,29,"[{""node"":""topic::media_communications"",""label"":""Media Communications"",""count"":63},{""node"":""topic::law_justice_crime"",""label"":""Law Justice Crime"",""count"":37},{""node"":""topic::elections_campaigns"",""label"":""Elections Campaigns"",""count"":31},{""node"":""per::trump"",""label"":""Trump"",""count"":29},{""node"":""loc::florida"",""label"":""Florida"",""count"":14},{""node"":""topic::health_public_health"",""label"":""Health Public Health"",""count"":13},{""node"":""mention::realdonaldtrump"",""label"":""@realdonaldtrump"",""count"":8},{""node"":""topic::energy_environment"",""label"":""Energy Environment"",""count"":6},{""node"":""org::a"",""label"":""A"",""count"":6},{""node"":""org::g"",""label"":""G"",""count"":6}]"
2023-W46,2023-11-13,2023-11-19,114,38,76,150,907,40,29,45,Media Communications,topic::media_communications,76,Trump,per::trump,23,"[{""node"":""topic::media_communications"",""label"":""Media Communications"",""count"":76},{""node"":""topic::law_justice_crime"",""label"":""Law Justice Crime"",""count"":30},{""node"":""topic::elections_campaigns"",""label"":""Elections Campaigns"",""count"":24},{""node"":""per::trump"",""label"":""Trump"",""count"":23},{""node"":""topic::health_public_health"",""label"":""Health Public Health"",""count"":13},{""node"":""topic::endorsements_appointments"",""label"":""Endorsements Appointments"",""count"":11},{""node"":""per::b"",""label"":""B"",""count"":9},{""node"":""loc::iowa"",""label"":""Iowa"",""count"":9},{""node"":""topic::foreign_policy_diplomacy"",""label"":""Foreign Policy Diplomacy"",""count"":8},{""node"":""mention::realdonaldtrump"",""label"":""@realdonaldtrump"",""count"":8}]"
2023-W47,2023-11-20,2023-11-26,88,15,73,97,398,44,15,29,Media Communications,topic::media_communications,42,Trump,per::trump,10,"[{""node"":""topic::media_communications"",""label"":""Media Communications"",""count"":42},{""node"":""topic::law_justice_crime"",""label"":""Law Justice Crime"",""count"":30},{""node"":""topic::elections_campaigns"",""label"":""Elections Campaigns"",""count"":14},{""node"":""topic::health_public_health"",""label"":""Health Public Health"",""count"":12},{""node"":""per::trump"",""label"":""Trump"",""count"":10},{""node"":""topic::endorsements_appointments"",""label"":""Endorsements Appointments"",""count"":7},{""node"":""topic::congress_governance"",""label"":""Congress Governance"",""count"":6},{""node"":""topic::energy_environment"",""label"":""Energy Environment"",""count"":5},{""node"":""topic::foreign_policy_diplomacy"",""label"":""Foreign Policy Diplomacy"",""count"":5},{""node"":""per::c"",""label"":""C"",""count"":5}]"
2023-W48,2023-11-27,2023-12-03,163,56,107,161,856,53,52,58,Media Communications,topic::media_communications,103,Trump,per::trump,44,"[{""node"":""topic::media_communications"",""label"":""Media Communications"",""count"":103},{""node"":""per::trump"",""label"":""Trump"",""count"":44},{""node"":""topic::law_justice_crime"",""label"":""Law Justice Crime"",""count"":40},{""node"":""topic::elections_campaigns"",""label"":""Elections Campaigns"",""count"":30},{""node"":""topic::endorsements_appointments"",""label"":""Endorsements Appointments"",""count"":20},{""node"":""topic::health_public_health"",""label"":""Health Public Health"",""count"":15},{""node"":""loc::iowa"",""label"":""Iowa"",""count"":14},{""node"":""mention::realdonaldtrump"",""label"":""@realdonaldtrump"",""count"":12},{""node"":""topic::energy_environment"",""label"":""Energy Environment"",""count"":9},{""node"":""per::joe biden"",""label"":""Joe Biden"",""count"":9}]"
2023-W49,2023-12-04,2023-12-10,93,16,77,141,741,39,32,22,Media Communications,topic::media_communications,50,Trump,per::trump,19,"[{""node"":""topic::media_communications"",""label"":""Media Communications"",""count"":50},{""node"":""topic::law_justice_crime"",""label"":""Law Justice Crime"",""count"":39},{""node"":""topic::elections_campaigns"",""label"":""Elections Campaigns"",""count"":20},{""node"":""per::trump"",""label"":""Trump"",""count"":19},{""node"":""topic::health_public_health"",""label"":""Health Public Health"",""count"":12},{""node"":""topic::endorsements_appointments"",""label"":""Endorsements Appointments"",""count"":10},{""node"":""per::joe biden"",""label"":""Joe Biden"",""count"":9},{""node"":""topic::congress_governance"",""label"":""Congress Governance"",""count"":8},{""node"":""loc::new york"",""label"":""New York"",""count"":8},{""node"":""per::c"",""label"":""C"",""count"":7}]"
2023-W50,2023-12-11,2023-12-17,94,20,74,102,478,35,24,35,Media Communications,topic::media_communications,53,Trump,per::trump,18,"[{""node"":""topic::media_communications"",""label"":""Media Communications"",""count"":53},{""node"":""topic::elections_campaigns"",""label"":""Elections Campaigns"",""count"":22},{""node"":""per::trump"",""label"":""Trump"",""count"":18},{""node"":""topic::law_justice_crime"",""label"":""Law Justice Crime"",""count"":17},{""node"":""topic::health_public_health"",""label"":""Health Public Health"",""count"":13},{""node"":""mention::rsbn"",""label"":""@rsbn"",""count"":8},{""node"":""per::b"",""label"":""B"",""count"":7},{""node"":""loc::america"",""label"":""America"",""count"":7},{""node"":""per::iden"",""label"":""Iden"",""count"":5},{""node"":""loc::iowa"",""label"":""Iowa"",""count"":5}]"
2023-W51,2023-12-18,2023-12-24,198,98,100,180,1153,83,65,50,Media Communications,topic::media_communications,123,Trump,per::trump,45,"[{""node"":""topic::media_communications"",""label"":""Media Communications"",""count"":123},{""node"":""topic::law_justice_crime"",""label"":""Law Justice Crime"",""count"":62},{""node"":""per::trump"",""label"":""Trump"",""count"":45},{""node"":""topic::elections_campaigns"",""label"":""Elections Campaigns"",""count"":39},{""node"":""topic::health_public_health"",""label"":""Health Public Health"",""count"":22},{""node"":""loc::america"",""label"":""America"",""count"":18},{""node"":""loc::nevada"",""label"":""Nevada"",""count"":15},{""node"":""mention::rsbn"",""label"":""@rsbn"",""count"":15},{""node"":""loc::reno"",""label"":""Reno"",""count"":14},{""node"":""per::joe biden"",""label"":""Joe Biden"",""count"":13}]"
2023-W52,2023-12-25,2023-12-31,118,29,89,147,972,54,36,28,Media Communications,topic::media_communications,60,Trump,per::trump,30,"[{""node"":""topic::media_communications"",""label"":""Media Communications"",""count"":60},{""node"":""topic::law_justice_crime"",""label"":""Law Justice Crime"",""count"":33},{""node"":""topic::elections_campaigns"",""label"":""Elections Campaigns"",""count"":33},{""node"":""per::trump"",""label"":""Trump"",""count"":30},{""node"":""per::joe biden"",""label"":""Joe Biden"",""count"":17},{""node"":""per::c"",""label"":""C"",""count"":12},{""node"":""topic::health_public_health"",""label"":""Health Public Health"",""count"":11},{""node"":""per::b"",""label"":""B"",""count"":9},{""node"":""topic::endorsements_appointments"",""label"":""Endorsements Appointments"",""count"":9},{""node"":""org::supreme court"",""label"":""Supreme Court"",""count"":8}]"
2024-W01,2024-01-01,2024-01-07,225,101,124,199,1183,99,87,39,Media Communications,topic::media_communications,161,E,per::e,44,"[{""node"":""topic::media_communications"",""label"":""Media Communications"",""count"":161},{""node"":""topic::law_justice_crime"",""label"":""Law Justice Crime"",""count"":86},{""node"":""per::e"",""label"":""E"",""count"":44},{""node"":""per::jean carroll"",""label"":""Jean Carroll"",""count"":43},{""node"":""topic::elections_campaigns"",""label"":""Elections Campaigns"",""count"":40},{""node"":""topic::endorsements_appointments"",""label"":""Endorsements Appointments"",""count"":39},{""node"":""per::trump"",""label"":""Trump"",""count"":38},{""node"":""per::joe biden"",""label"":""Joe Biden"",""count"":22},{""node"":""topic::health_public_health"",""label"":""Health Public Health"",""count"":20},{""node"":""loc::iowa"",""label"":""Iowa"",""count"":20}]"
2024-W02,2024-01-08,2024-01-14,159,30,129,165,1010,67,55,37,Law Justice Crime,topic::law_justice_crime,77,Trump,per::trump,29,"[{""node"":""topic::law_justice_crime"",""label"":""Law Justice Crime"",""count"":77},{""node"":""topic::media_communications"",""label"":""Media Communications"",""count"":76},{""node"":""topic::elections_campaigns"",""label"":""Elections Campaigns"",""count"":30},{""node"":""per::trump"",""label"":""Trump"",""count"":29},{""node"":""topic::health_public_health"",""label"":""Health Public Health"",""count"":26},{""node"":""loc::iowa"",""label"":""Iowa"",""count"":14},{""node"":""per::b"",""label"":""B"",""count"":14},{""node"":""per::c"",""label"":""C"",""count"":12},{""node"":""per::joe biden"",""label"":""Joe Biden"",""count"":12},{""node"":""topic::endorsements_appointments"",""label"":""Endorsements Appointments"",""count"":9}]"
2024-W03,2024-01-15,2024-01-21,164,50,114,180,1177,55,49,60,Media Communications,topic::media_communications,103,New Hampshire,loc::new hampshire,19,"[{""node"":""topic::media_communications"",""label"":""Media Communications"",""count"":103},{""node"":""topic::elections_campaigns"",""label"":""Elections Campaigns"",""count"":42},{""node"":""topic::law_justice_crime"",""label"":""Law Justice Crime"",""count"":34},{""node"":""topic::health_public_health"",""label"":""Health Public Health"",""count"":28},{""node"":""mention::realdonaldtrump"",""label"":""@realdonaldtrump"",""count"":22},{""node"":""loc::new hampshire"",""label"":""New Hampshire"",""count"":19},{""node"":""per::trump"",""label"":""Trump"",""count"":19},{""node"":""per::jean carroll"",""label"":""Jean Carroll"",""count"":17},{""node"":""topic::endorsements_appointments"",""label"":""Endorsements Appointments"",""count"":16},{""node"":""per::e"",""label"":""E"",""count"":16}]"
2024-W04,2024-01-22,2024-01-28,182,51,131,178,981,70,60,52,Media Communications,topic::media_communications,109,Trump,per::trump,23,"[{""node"":""topic::media_communications"",""label"":""Media Communications"",""count"":109},{""node"":""topic::law_justice_crime"",""label"":""Law Justice Crime"",""count"":46},{""node"":""topic::elections_campaigns"",""label"":""Elections Campaigns"",""count"":38},{""node"":""per::trump"",""label"":""Trump"",""count"":23},{""node"":""topic::health_public_health"",""label"":""Health Public Health"",""count"":23},{""node"":""per::e"",""label"":""E"",""count"":23},{""node"":""per::jean carroll"",""label"":""Jean Carroll"",""count"":23},{""node"":""loc::new hampshire"",""label"":""New Hampshire"",""count"":21},{""node"":""mention::realdonaldtrump"",""label"":""@realdonaldtrump"",""count"":16},{""node"":""topic::endorsements_appointments"",""label"":""Endorsements Appointments"",""count"":15}]"
2024-W05,2024-01-29,2024-02-04,92,23,69,129,706,35,19,38,Media Communications,topic::media_communications,29,Texas,loc::texas,19,"[{""node"":""topic::media_communications"",""label"":""Media Communications"",""count"":29},{""node"":""topic::immigration_border"",""label"":""Immigration Border"",""count"":22},{""node"":""topic::elections_campaigns"",""label"":""Elections Campaigns"",""count"":21},{""node"":""topic::congress_governance"",""label"":""Congress Governance"",""count"":21},{""node"":""loc::texas"",""label"":""Texas"",""count"":19},{""node"":""topic::defense_military_veterans"",""label"":""Defense Military Veterans"",""count"":17},{""node"":""topic::law_justice_crime"",""label"":""Law Justice Crime"",""count"":15},{""node"":""topic::energy_environment"",""label"":""Energy Environment"",""count"":12},{""node"":""org::congress"",""label"":""Congress"",""count"":10},{""node"":""topic::endorsements_appointments"",""label"":""Endorsements Appointments"",""count"":9}]"
2024-W06,2024-02-05,2024-02-11,137,42,95,124,627,58,34,45,Media Communications,topic::media_communications,67,Joe Biden,per::joe biden,17,"[{""node"":""topic::media_communications"",""label"":""Media Communications"",""count"":67},{""node"":""topic::law_justice_crime"",""label"":""Law Justice Crime"",""count"":34},{""node"":""topic::elections_campaigns"",""label"":""Elections Campaigns"",""count"":34},{""node"":""topic::health_public_health"",""label"":""Health Public Health"",""count"":25},{""node"":""per::joe biden"",""label"":""Joe Biden"",""count"":17},{""node"":""per::trump"",""label"":""Trump"",""count"":16},{""node"":""per::b"",""label"":""B"",""count"":15},{""node"":""mention::realdonaldtrump"",""label"":""@realdonaldtrump"",""count"":15},{""node"":""topic::congress_governance"",""label"":""Congress Governance"",""count"":10},{""node"":""per::iden"",""label"":""Iden"",""count"":10}]"
2024-W07,2024-02-12,2024-02-18,130,50,80,149,751,50,53,27,Media Communications,topic::media_communications,77,Trump,per::trump,13,"[{""node"":""topic::media_communications"",""label"":""Media Communications"",""count"":77},{""node"":""topic::law_justice_crime"",""label"":""Law Justice Crime"",""count"":41},{""node"":""topic::elections_campaigns"",""label"":""Elections Campaigns"",""count"":19},{""node"":""topic::health_public_health"",""label"":""Health Public Health"",""count"":16},{""node"":""mention::realdonaldtrump"",""label"":""@realdonaldtrump"",""count"":14},{""node"":""topic::energy_environment"",""label"":""Energy Environment"",""count"":14},{""node"":""per::trump"",""label"":""Trump"",""count"":13},{""node"":""per::joe biden"",""label"":""Joe Biden"",""count"":13},{""node"":""per::c"",""label"":""C"",""count"":9},{""node"":""loc::michigan"",""label"":""Michigan"",""count"":8}]"
2024-W08,2024-02-19,2024-02-25,92,15,77,126,628,26,26,40,Media Communications,topic::media_communications,43,South Carolina,loc::south carolina,12,"[{""node"":""topic::media_communications"",""label"":""Media Communications"",""count"":43},{""node"":""topic::law_justice_crime"",""label"":""Law Justice Crime"",""count"":25},{""node"":""topic::elections_campaigns"",""label"":""Elections Campaigns"",""count"":25},{""node"":""loc::south carolina"",""label"":""South Carolina"",""count"":12},{""node"":""topic::congress_governance"",""label"":""Congress Governance"",""count"":10},{""node"":""per::joe biden"",""label"":""Joe Biden"",""count"":9},{""node"":""topic::health_public_health"",""label"":""Health Public Health"",""count"":9},{""node"":""per::trump"",""label"":""Trump"",""count"":9},{""node"":""topic::immigration_border"",""label"":""Immigration Border"",""count"":7},{""node"":""mention::realdonaldtrump"",""label"":""@realdonaldtrump"",""count"":7}]"
2024-W09,2024-02-26,2024-03-03,117,14,103,178,1029,26,31,60,Media Communications,topic::media_communications,33,Texas,loc::texas,31,"[{""node"":""topic::media_communications"",""label"":""Media Communications"",""count"":33},{""node"":""topic::congress_governance"",""label"":""Congress Governance"",""count"":33},{""node"":""topic::law_justice_crime"",""label"":""Law Justice Crime"",""count"":32},{""node"":""topic::elections_campaigns"",""label"":""Elections Campaigns"",""count"":31},{""node"":""loc::texas"",""label"":""Texas"",""count"":31},{""node"":""topic::immigration_border"",""label"":""Immigration Border"",""count"":31},{""node"":""topic::defense_military_veterans"",""label"":""Defense Military Veterans"",""count"":24},{""node"":""topic::health_public_health"",""label"":""Health Public Health"",""count"":16},{""node"":""per::trump"",""label"":""Trump"",""count"":12},{""node"":""org::america first"",""label"":""America First"",""count"":11}]"
2024-W10,2024-03-04,2024-03-10,186,50,136,205,1195,65,41,80,Media Communications,topic::media_communications,70,Texas,loc::texas,19,"[{""node"":""topic::media_communications"",""label"":""Media Communications"",""count"":70},{""node"":""topic::congress_governance"",""label"":""Congress Governance"",""count"":39},{""node"":""topic::health_public_health"",""label"":""Health Public Health"",""count"":35},{""node"":""topic::elections_campaigns"",""label"":""Elections Campaigns"",""count"":32},{""node"":""topic::immigration_border"",""label"":""Immigration Border"",""count"":32},{""node"":""topic::law_justice_crime"",""label"":""Law Justice Crime"",""count"":25},{""node"":""loc::texas"",""label"":""Texas"",""count"":19},{""node"":""topic::defense_military_veterans"",""label"":""Defense Military Veterans"",""count"":19},{""node"":""org::congress"",""label"":""Congress"",""count"":18},{""node"":""topic::energy_environment"",""label"":""Energy Environment"",""count"":18}]"
2024-W11,2024-03-11,2024-03-17,134,61,73,168,897,47,52,35,Media Communications,topic::media_communications,87,Trump,per::trump,30,"[{""node"":""topic::media_communications"",""label"":""Media Communications"",""count"":87},{""node"":""topic::law_justice_crime"",""label"":""Law Justice Crime"",""count"":42},{""node"":""per::trump"",""label"":""Trump"",""count"":30},{""node"":""topic::elections_campaigns"",""label"":""Elections Campaigns"",""count"":24},{""node"":""per::b"",""label"":""B"",""count"":24},{""node"":""per::iden"",""label"":""Iden"",""count"":20},{""node"":""topic::health_public_health"",""label"":""Health Public Health"",""count"":18},{""node"":""per::joe biden"",""label"":""Joe Biden"",""count"":14},{""node"":""topic::immigration_border"",""label"":""Immigration Border"",""count"":12},{""node"":""topic::congress_governance"",""label"":""Congress Governance"",""count"":10}]"
2024-W12,2024-03-18,2024-03-24,152,39,113,151,979,68,42,42,Media Communications,topic::media_communications,75,Trump,per::trump,17,"[{""node"":""topic::media_communications"",""label"":""Media Communications"",""count"":75},{""node"":""topic::law_justice_crime"",""label"":""Law Justice Crime"",""count"":53},{""node"":""topic::elections_campaigns"",""label"":""Elections Campaigns"",""count"":26},{""node"":""topic::immigration_border"",""label"":""Immigration Border"",""count"":21},{""node"":""topic::health_public_health"",""label"":""Health Public Health"",""count"":19},{""node"":""per::trump"",""label"":""Trump"",""count"":17},{""node"":""topic::congress_governance"",""label"":""Congress Governance"",""count"":16},{""node"":""topic::defense_military_veterans"",""label"":""Defense Military Veterans"",""count"":15},{""node"":""per::joe biden"",""label"":""Joe Biden"",""count"":15},{""node"":""topic::energy_environment"",""label"":""Energy Environment"",""count"":11}]"
2024-W13,2024-03-25,2024-03-31,121,25,96,141,799,54,33,34,Media Communications,topic::media_communications,60,Trump,per::trump,18,"[{""node"":""topic::media_communications"",""label"":""Media Communications"",""count"":60},{""node"":""topic::law_justice_crime"",""label"":""Law Justice Crime"",""count"":49},{""node"":""topic::health_public_health"",""label"":""Health Public Health"",""count"":21},{""node"":""per::trump"",""label"":""Trump"",""count"":18},{""node"":""topic::elections_campaigns"",""label"":""Elections Campaigns"",""count"":17},{""node"":""per::joe biden"",""label"":""Joe Biden"",""count"":13},{""node"":""per::c"",""label"":""C"",""count"":9},{""node"":""topic::immigration_border"",""label"":""Immigration Border"",""count"":9},{""node"":""topic::endorsements_appointments"",""label"":""Endorsements Appointments"",""count"":9},{""node"":""loc::new york"",""label"":""New York"",""count"":8}]"
2024-W14,2024-04-01,2024-04-07,104,31,73,132,685,29,33,42,Media Communications,topic::media_communications,51,Trump,per::trump,15,"[{""node"":""topic::media_communications"",""label"":""Media Communications"",""count"":51},{""node"":""topic::law_justice_crime"",""label"":""Law Justice Crime"",""count"":29},{""node"":""topic::immigration_border"",""label"":""Immigration Border"",""count"":16},{""node"":""per::trump"",""label"":""Trump"",""count"":15},{""node"":""topic::congress_governance"",""label"":""Congress Governance"",""count"":14},{""node"":""topic::elections_campaigns"",""label"":""Elections Campaigns"",""count"":14},{""node"":""topic::health_public_health"",""label"":""Health Public Health"",""count"":14},{""node"":""topic::defense_military_veterans"",""label"":""Defense Military Veterans"",""count"":10},{""node"":""per::joe biden"",""label"":""Joe Biden"",""count"":8},{""node"":""mention::realdonaldtrump"",""label"":""@realdonaldtrump"",""count"":8}]"
2024-W15,2024-04-08,2024-04-14,134,31,103,137,716,51,40,43,Media Communications,topic::media_communications,51,Joe Biden,per::joe biden,16,"[{""node"":""topic::media_communications"",""label"":""Media Communications"",""count"":51},{""node"":""topic::law_justice_crime"",""label"":""Law Justice Crime"",""count"":44},{""node"":""topic::elections_campaigns"",""label"":""Elections Campaigns"",""count"":27},{""node"":""topic::health_public_health"",""label"":""Health Public Health"",""count"":26},{""node"":""topic::immigration_border"",""label"":""Immigration Border"",""count"":17},{""node"":""topic::congress_governance"",""label"":""Congress Governance"",""count"":16},{""node"":""per::joe biden"",""label"":""Joe Biden"",""count"":16},{""node"":""topic::defense_military_veterans"",""label"":""Defense Military Veterans"",""count"":13},{""node"":""loc::pennsylvania"",""label"":""Pennsylvania"",""count"":11},{""node"":""per::trump"",""label"":""Trump"",""count"":10}]"
2024-W16,2024-04-15,2024-04-21,142,26,116,125,549,53,47,42,Media Communications,topic::media_communications,59,Trump,per::trump,17,"[{""node"":""topic::media_communications"",""label"":""Media Communications"",""count"":59},{""node"":""topic::law_justice_crime"",""label"":""Law Justice Crime"",""count"":47},{""node"":""topic::health_public_health"",""label"":""Health Public Health"",""count"":29},{""node"":""topic::elections_campaigns"",""label"":""Elections Campaigns"",""count"":23},{""node"":""per::trump"",""label"":""Trump"",""count"":17},{""node"":""per::joe biden"",""label"":""Joe Biden"",""count"":13},{""node"":""per::donald trump"",""label"":""Donald Trump"",""count"":12},{""node"":""per::c"",""label"":""C"",""count"":10},{""node"":""topic::foreign_policy_diplomacy"",""label"":""Foreign Policy Diplomacy"",""count"":8},{""node"":""loc::north carolina"",""label"":""North Carolina"",""count"":8}]"
2024-W17,2024-04-22,2024-04-28,158,61,97,174,974,74,57,27,Media Communications,topic::media_communications,95,Trump,per::trump,20,"[{""node"":""topic::media_communications"",""label"":""Media Communications"",""count"":95},{""node"":""topic::law_justice_crime"",""label"":""Law Justice Crime"",""count"":45},{""node"":""topic::elections_campaigns"",""label"":""Elections Campaigns"",""count"":33},{""node"":""per::trump"",""label"":""Trump"",""count"":20},{""node"":""per::c"",""label"":""C"",""count"":14},{""node"":""topic::health_public_health"",""label"":""Health Public Health"",""count"":14},{""node"":""per::joe biden"",""label"":""Joe Biden"",""count"":13},{""node"":""per::b"",""label"":""B"",""count"":13},{""node"":""loc::courthouse"",""label"":""Courthouse"",""count"":9},{""node"":""topic::energy_environment"",""label"":""Energy Environment"",""count"":9}]"
2024-W18,2024-04-29,2024-05-05,198,68,130,187,1167,72,77,49,Media Communications,topic::media_communications,123,Trump,per::trump,42,"[{""node"":""topic::media_communications"",""label"":""Media Communications"",""count"":123},{""node"":""topic::law_justice_crime"",""label"":""Law Justice Crime"",""count"":66},{""node"":""topic::elections_campaigns"",""label"":""Elections Campaigns"",""count"":43},{""node"":""per::trump"",""label"":""Trump"",""count"":42},{""node"":""topic::health_public_health"",""label"":""Health Public Health"",""count"":30},{""node"":""per::bragg"",""label"":""Bragg"",""count"":16},{""node"":""per::donald trump"",""label"":""Donald Trump"",""count"":12},{""node"":""per::joe biden"",""label"":""Joe Biden"",""count"":11},{""node"":""topic::congress_governance"",""label"":""Congress Governance"",""count"":11},{""node"":""per::b"",""label"":""B"",""count"":10}]"
2024-W19,2024-05-06,2024-05-12,188,65,123,180,978,70,64,54,Media Communications,topic::media_communications,123,Trump,per::trump,19,"[{""node"":""topic::media_communications"",""label"":""Media Communications"",""count"":123},{""node"":""topic::law_justice_crime"",""label"":""Law Justice Crime"",""count"":60},{""node"":""topic::elections_campaigns"",""label"":""Elections Campaigns"",""count"":33},{""node"":""topic::health_public_health"",""label"":""Health Public Health"",""count"":29},{""node"":""per::trump"",""label"":""Trump"",""count"":19},{""node"":""per::joe biden"",""label"":""Joe Biden"",""count"":18},{""node"":""per::c"",""label"":""C"",""count"":14},{""node"":""topic::congress_governance"",""label"":""Congress Governance"",""count"":11},{""node"":""per::b"",""label"":""B"",""count"":9},{""node"":""per::iden"",""label"":""Iden"",""count"":8}]"
2024-W20,2024-05-13,2024-05-19,118,20,98,142,865,59,28,31,Media Communications,topic::media_communications,70,Trump,per::trump,26,"[{""node"":""topic::media_communications"",""label"":""Media Communications"",""count"":70},{""node"":""topic::law_justice_crime"",""label"":""Law Justice Crime"",""count"":53},{""node"":""topic::elections_campaigns"",""label"":""Elections Campaigns"",""count"":39},{""node"":""per::trump"",""label"":""Trump"",""count"":26},{""node"":""topic::health_public_health"",""label"":""Health Public Health"",""count"":12},{""node"":""per::b"",""label"":""B"",""count"":12},{""node"":""per::bragg"",""label"":""Bragg"",""count"":12},{""node"":""per::c"",""label"":""C"",""count"":12},{""node"":""per::joe biden"",""label"":""Joe Biden"",""count"":12},{""node"":""topic::congress_governance"",""label"":""Congress Governance"",""count"":9}]"
2024-W21,2024-05-20,2024-05-26,205,38,167,215,1359,47,36,122,Congress Governance,topic::congress_governance,91,Joe Biden,per::joe biden,24,"[{""node"":""topic::congress_governance"",""label"":""Congress Governance"",""count"":91},{""node"":""topic::defense_military_veterans"",""label"":""Defense Military Veterans"",""count"":75},{""node"":""topic::media_communications"",""label"":""Media Communications"",""count"":74},{""node"":""topic::law_justice_crime"",""label"":""Law Justice Crime"",""count"":37},{""node"":""topic::immigration_border"",""label"":""Immigration Border"",""count"":36},{""node"":""topic::elections_campaigns"",""label"":""Elections Campaigns"",""count"":32},{""node"":""topic::health_public_health"",""label"":""Health Public Health"",""count"":29},{""node"":""per::joe biden"",""label"":""Joe Biden"",""count"":24},{""node"":""topic::energy_environment"",""label"":""Energy Environment"",""count"":19},{""node"":""per::trump"",""label"":""Trump"",""count"":18}]"
2024-W22,2024-05-27,2024-06-02,184,27,157,142,801,79,67,38,Law Justice Crime,topic::law_justice_crime,107,Trump,per::trump,24,"[{""node"":""topic::law_justice_crime"",""label"":""Law Justice Crime"",""count"":107},{""node"":""topic::media_communications"",""label"":""Media Communications"",""count"":84},{""node"":""topic::elections_campaigns"",""label"":""Elections Campaigns"",""count"":34},{""node"":""topic::health_public_health"",""label"":""Health Public Health"",""count"":32},{""node"":""per::trump"",""label"":""Trump"",""count"":24},{""node"":""topic::defense_military_veterans"",""label"":""Defense Military Veterans"",""count"":13},{""node"":""per::joe biden"",""label"":""Joe Biden"",""count"":12},{""node"":""per::c"",""label"":""C"",""count"":10},{""node"":""per::alvin bragg"",""label"":""Alvin Bragg"",""count"":10},{""node"":""per::gregg jarrett"",""label"":""Gregg Jarrett"",""count"":10}]"
2024-W23,2024-06-03,2024-06-09,143,38,105,141,766,49,42,52,Media Communications,topic::media_communications,78,Joe Biden,per::joe biden,23,"[{""node"":""topic::media_communications"",""label"":""Media Communications"",""count"":78},{""node"":""topic::law_justice_crime"",""label"":""Law Justice Crime"",""count"":44},{""node"":""topic::elections_campaigns"",""label"":""Elections Campaigns"",""count"":37},{""node"":""per::joe biden"",""label"":""Joe Biden"",""count"":23},{""node"":""per::trump"",""label"":""Trump"",""count"":21},{""node"":""topic::immigration_border"",""label"":""Immigration Border"",""count"":21},{""node"":""topic::health_public_health"",""label"":""Health Public Health"",""count"":18},{""node"":""per::c"",""label"":""C"",""count"":16},{""node"":""topic::defense_military_veterans"",""label"":""Defense Military Veterans"",""count"":14},{""node"":""topic::congress_governance"",""label"":""Congress Governance"",""count"":13}]"
2024-W24,2024-06-10,2024-06-16,110,34,76,141,889,20,29,61,Media Communications,topic::media_communications,58,Trump,per::trump,19,"[{""node"":""topic::media_communications"",""label"":""Media Communications"",""count"":58},{""node"":""topic::elections_campaigns"",""label"":""Elections Campaigns"",""count"":31},{""node"":""topic::defense_military_veterans"",""label"":""Defense Military Veterans"",""count"":28},{""node"":""topic::congress_governance"",""label"":""Congress Governance"",""count"":23},{""node"":""per::trump"",""label"":""Trump"",""count"":19},{""node"":""mention::realdonaldtrump"",""label"":""@realdonaldtrump"",""count"":19},{""node"":""topic::health_public_health"",""label"":""Health Public Health"",""count"":17},{""node"":""topic::immigration_border"",""label"":""Immigration Border"",""count"":16},{""node"":""topic::law_justice_crime"",""label"":""Law Justice Crime"",""count"":15},{""node"":""per::joe biden"",""label"":""Joe Biden"",""count"":11}]"
2024-W25,2024-06-17,2024-06-23,146,65,81,165,1013,32,53,61,Media Communications,topic::media_communications,86,Trump,per::trump,27,"[{""node"":""topic::media_communications"",""label"":""Media Communications"",""count"":86},{""node"":""per::trump"",""label"":""Trump"",""count"":27},{""node"":""topic::elections_campaigns"",""label"":""Elections Campaigns"",""count"":24},{""node"":""topic::congress_governance"",""label"":""Congress Governance"",""count"":24},{""node"":""topic::immigration_border"",""label"":""Immigration Border"",""count"":23},{""node"":""topic::defense_military_veterans"",""label"":""Defense Military Veterans"",""count"":22},{""node"":""topic::law_justice_crime"",""label"":""Law Justice Crime"",""count"":20},{""node"":""mention::realdonaldtrump"",""label"":""@realdonaldtrump"",""count"":18},{""node"":""topic::health_public_health"",""label"":""Health Public Health"",""count"":13},{""node"":""mention::rsbn"",""label"":""@rsbn"",""count"":12}]"
2024-W26,2024-06-24,2024-06-30,154,71,83,133,766,47,73,34,Media Communications,topic::media_communications,105,Joe Biden,per::joe biden,15,"[{""node"":""topic::media_communications"",""label"":""Media Communications"",""count"":105},{""node"":""topic::health_public_health"",""label"":""Health Public Health"",""count"":28},{""node"":""topic::law_justice_crime"",""label"":""Law Justice Crime"",""count"":22},{""node"":""per::joe biden"",""label"":""Joe Biden"",""count"":15},{""node"":""per::b"",""label"":""B"",""count"":15},{""node"":""per::trump"",""label"":""Trump"",""count"":14},{""node"":""mention::realdonaldtrump"",""label"":""@realdonaldtrump"",""count"":14},{""node"":""topic::elections_campaigns"",""label"":""Elections Campaigns"",""count"":13},{""node"":""per::c"",""label"":""C"",""count"":13},{""node"":""topic::immigration_border"",""label"":""Immigration Border"",""count"":12}]"
2024-W27,2024-07-01,2024-07-07,100,41,59,121,670,29,40,31,Media Communications,topic::media_communications,70,B,per::b,15,"[{""node"":""topic::media_communications"",""label"":""Media Communications"",""count"":70},{""node"":""topic::law_justice_crime"",""label"":""Law Justice Crime"",""count"":25},{""node"":""topic::health_public_health"",""label"":""Health Public Health"",""count"":16},{""node"":""per::b"",""label"":""B"",""count"":15},{""node"":""topic::elections_campaigns"",""label"":""Elections Campaigns"",""count"":15},{""node"":""per::joe biden"",""label"":""Joe Biden"",""count"":14},{""node"":""topic::energy_environment"",""label"":""Energy Environment"",""count"":10},{""node"":""per::c"",""label"":""C"",""count"":10},{""node"":""per::trump"",""label"":""Trump"",""count"":8},{""node"":""per::iden"",""label"":""Iden"",""count"":7}]"
2024-W28,2024-07-08,2024-07-14,116,30,86,127,712,44,42,30,Media Communications,topic::media_communications,87,Trump,per::trump,25,"[{""node"":""topic::media_communications"",""label"":""Media Communications"",""count"":87},{""node"":""topic::law_justice_crime"",""label"":""Law Justice Crime"",""count"":27},{""node"":""per::trump"",""label"":""Trump"",""count"":25},{""node"":""topic::elections_campaigns"",""label"":""Elections Campaigns"",""count"":23},{""node"":""topic::health_public_health"",""label"":""Health Public Health"",""count"":20},{""node"":""per::b"",""label"":""B"",""count"":12},{""node"":""topic::congress_governance"",""label"":""Congress Governance"",""count"":12},{""node"":""topic::energy_environment"",""label"":""Energy Environment"",""count"":8},{""node"":""per::iden"",""label"":""Iden"",""count"":8},{""node"":""per::c"",""label"":""C"",""count"":8}]"
2024-W29,2024-07-15,2024-07-21,73,18,55,106,597,17,13,43,Media Communications,topic::media_communications,40,Joe Biden,per::joe biden,9,"[{""node"":""topic::media_communications"",""label"":""Media Communications"",""count"":40},{""node"":""topic::health_public_health"",""label"":""Health Public Health"",""count"":22},{""node"":""topic::elections_campaigns"",""label"":""Elections Campaigns"",""count"":17},{""node"":""topic::law_justice_crime"",""label"":""Law Justice Crime"",""count"":13},{""node"":""per::joe biden"",""label"":""Joe Biden"",""count"":9},{""node"":""mention::realdonaldtrump"",""label"":""@realdonaldtrump"",""count"":8},{""node"":""per::c"",""label"":""C"",""count"":8},{""node"":""topic::defense_military_veterans"",""label"":""Defense Military Veterans"",""count"":7},{""node"":""loc::united states"",""label"":""United States"",""count"":7},{""node"":""loc::america"",""label"":""America"",""count"":6}]"
2024-W30,2024-07-22,2024-07-28,133,38,95,148,929,45,35,53,Media Communications,topic::media_communications,75,Joe Biden,per::joe biden,15,"[{""node"":""topic::media_communications"",""label"":""Media Communications"",""count"":75},{""node"":""topic::health_public_health"",""label"":""Health Public Health"",""count"":28},{""node"":""topic::law_justice_crime"",""label"":""Law Justice Crime"",""count"":28},{""node"":""topic::elections_campaigns"",""label"":""Elections Campaigns"",""count"":25},{""node"":""topic::congress_governance"",""label"":""Congress Governance"",""count"":16},{""node"":""per::joe biden"",""label"":""Joe Biden"",""count"":15},{""node"":""per::trump"",""label"":""Trump"",""count"":14},{""node"":""topic::defense_military_veterans"",""label"":""Defense Military Veterans"",""count"":14},{""node"":""per::kamal"",""label"":""Kamal"",""count"":13},{""node"":""per::kamala harris"",""label"":""Kamala Harris"",""count"":13}]"
2024-W31,2024-07-29,2024-08-04,178,75,103,183,1126,62,59,57,Media Communications,topic::media_communications,116,Kamal,per::kamal,30,"[{""node"":""topic::media_communications"",""label"":""Media Communications"",""count"":116},{""node"":""topic::health_public_health"",""label"":""Health Public Health"",""count"":38},{""node"":""topic::elections_campaigns"",""label"":""Elections Campaigns"",""count"":36},{""node"":""per::kamal"",""label"":""Kamal"",""count"":30},{""node"":""per::a harris"",""label"":""A Harris"",""count"":22},{""node"":""topic::law_justice_crime"",""label"":""Law Justice Crime"",""count"":19},{""node"":""topic::congress_governance"",""label"":""Congress Governance"",""count"":18},{""node"":""topic::energy_environment"",""label"":""Energy Environment"",""count"":16},{""node"":""per::kamala harris"",""label"":""Kamala Harris"",""count"":14},{""node"":""mention::realdonaldtrump"",""label"":""@realdonaldtrump"",""count"":14}]"
2024-W32,2024-08-05,2024-08-11,203,83,120,187,923,70,75,58,Media Communications,topic::media_communications,121,Kamal,per::kamal,27,"[{""node"":""topic::media_communications"",""label"":""Media Communications"",""count"":121},{""node"":""topic::elections_campaigns"",""label"":""Elections Campaigns"",""count"":39},{""node"":""topic::health_public_health"",""label"":""Health Public Health"",""count"":31},{""node"":""topic::law_justice_crime"",""label"":""Law Justice Crime"",""count"":30},{""node"":""per::kamal"",""label"":""Kamal"",""count"":27},{""node"":""topic::immigration_border"",""label"":""Immigration Border"",""count"":19},{""node"":""mention::realdonaldtrump"",""label"":""@realdonaldtrump"",""count"":17},{""node"":""topic::energy_environment"",""label"":""Energy Environment"",""count"":13},{""node"":""topic::defense_military_veterans"",""label"":""Defense Military Veterans"",""count"":13},{""node"":""topic::congress_governance"",""label"":""Congress Governance"",""count"":13}]"
2024-W33,2024-08-12,2024-08-18,174,35,139,184,1098,48,37,89,Media Communications,topic::media_communications,64,Florida,loc::florida,26,"[{""node"":""topic::media_communications"",""label"":""Media Communications"",""count"":64},{""node"":""topic::congress_governance"",""label"":""Congress Governance"",""count"":49},{""node"":""topic::elections_campaigns"",""label"":""Elections Campaigns"",""count"":47},{""node"":""topic::defense_military_veterans"",""label"":""Defense Military Veterans"",""count"":42},{""node"":""topic::immigration_border"",""label"":""Immigration Border"",""count"":32},{""node"":""topic::health_public_health"",""label"":""Health Public Health"",""count"":28},{""node"":""loc::florida"",""label"":""Florida"",""count"":26},{""node"":""topic::law_justice_crime"",""label"":""Law Justice Crime"",""count"":25},{""node"":""topic::energy_environment"",""label"":""Energy Environment"",""count"":24},{""node"":""topic::endorsements_appointments"",""label"":""Endorsements Appointments"",""count"":20}]"
2024-W34,2024-08-19,2024-08-25,193,61,132,175,1161,88,55,50,Media Communications,topic::media_communications,121,Kamala Harris,per::kamala harris,21,"[{""node"":""topic::media_communications"",""label"":""Media Communications"",""count"":121},{""node"":""topic::law_justice_crime"",""label"":""Law Justice Crime"",""count"":41},{""node"":""topic::health_public_health"",""label"":""Health Public Health"",""count"":38},{""node"":""topic::immigration_border"",""label"":""Immigration Border"",""count"":36},{""node"":""mention::teamtrumppresident"",""label"":""@teamtrumppresident"",""count"":27},{""node"":""topic::energy_environment"",""label"":""Energy Environment"",""count"":21},{""node"":""topic::elections_campaigns"",""label"":""Elections Campaigns"",""count"":21},{""node"":""per::kamala harris"",""label"":""Kamala Harris"",""count"":21},{""node"":""loc::america"",""label"":""America"",""count"":17},{""node"":""per::kamal"",""label"":""Kamal"",""count"":17}]"
2024-W35,2024-08-26,2024-09-01,194,95,99,173,1175,70,70,54,Media Communications,topic::media_communications,140,Kamala Harris,per::kamala harris,25,"[{""node"":""topic::media_communications"",""label"":""Media Communications"",""count"":140},{""node"":""topic::elections_campaigns"",""label"":""Elections Campaigns"",""count"":42},{""node"":""topic::law_justice_crime"",""label"":""Law Justice Crime"",""count"":35},{""node"":""topic::health_public_health"",""label"":""Health Public Health"",""count"":28},{""node"":""per::kamala harris"",""label"":""Kamala Harris"",""count"":25},{""node"":""mention::teamtrumppresident"",""label"":""@teamtrumppresident"",""count"":25},{""node"":""per::trump"",""label"":""Trump"",""count"":24},{""node"":""per::kamal"",""label"":""Kamal"",""count"":23},{""node"":""topic::immigration_border"",""label"":""Immigration Border"",""count"":17},{""node"":""topic::defense_military_veterans"",""label"":""Defense Military Veterans"",""count"":17}]"
2024-W36,2024-09-02,2024-09-08,123,23,100,129,724,36,43,44,Media Communications,topic::media_communications,67,Kamala Harris,per::kamala harris,16,"[{""node"":""topic::media_communications"",""label"":""Media Communications"",""count"":67},{""node"":""topic::law_justice_crime"",""label"":""Law Justice Crime"",""count"":31},{""node"":""topic::health_public_health"",""label"":""Health Public Health"",""count"":25},{""node"":""topic::elections_campaigns"",""label"":""Elections Campaigns"",""count"":24},{""node"":""per::kamala harris"",""label"":""Kamala Harris"",""count"":16},{""node"":""topic::energy_environment"",""label"":""Energy Environment"",""count"":12},{""node"":""topic::endorsements_appointments"",""label"":""Endorsements Appointments"",""count"":9},{""node"":""per::kamal"",""label"":""Kamal"",""count"":8},{""node"":""loc::pennsylvania"",""label"":""Pennsylvania"",""count"":8},{""node"":""per::trump"",""label"":""Trump"",""count"":8}]"
2024-W37,2024-09-09,2024-09-15,137,44,93,149,796,52,47,38,Media Communications,topic::media_communications,93,Kamala Harris,per::kamala harris,16,"[{""node"":""topic::media_communications"",""label"":""Media Communications"",""count"":93},{""node"":""topic::elections_campaigns"",""label"":""Elections Campaigns"",""count"":27},{""node"":""topic::health_public_health"",""label"":""Health Public Health"",""count"":26},{""node"":""per::kamala harris"",""label"":""Kamala Harris"",""count"":16},{""node"":""topic::law_justice_crime"",""label"":""Law Justice Crime"",""count"":15},{""node"":""per::kamal"",""label"":""Kamal"",""count"":13},{""node"":""per::trump"",""label"":""Trump"",""count"":13},{""node"":""mention::realdonaldtrump"",""label"":""@realdonaldtrump"",""count"":12},{""node"":""topic::immigration_border"",""label"":""Immigration Border"",""count"":12},{""node"":""per::harris"",""label"":""Harris"",""count"":9}]"
2024-W38,2024-09-16,2024-09-22,151,69,82,139,681,29,59,63,Media Communications,topic::media_communications,102,Trump,per::trump,21,"[{""node"":""topic::media_communications"",""label"":""Media Communications"",""count"":102},{""node"":""topic::elections_campaigns"",""label"":""Elections Campaigns"",""count"":31},{""node"":""topic::law_justice_crime"",""label"":""Law Justice Crime"",""count"":25},{""node"":""mention::teamtrumppresident"",""label"":""@teamtrumppresident"",""count"":22},{""node"":""per::trump"",""label"":""Trump"",""count"":21},{""node"":""topic::health_public_health"",""label"":""Health Public Health"",""count"":18},{""node"":""topic::immigration_border"",""label"":""Immigration Border"",""count"":18},{""node"":""topic::congress_governance"",""label"":""Congress Governance"",""count"":13},{""node"":""per::kamal"",""label"":""Kamal"",""count"":12},{""node"":""topic::defense_military_veterans"",""label"":""Defense Military Veterans"",""count"":12}]"
2024-W39,2024-09-23,2024-09-29,151,48,103,135,767,66,34,51,Media Communications,topic::media_communications,89,Kamal,per::kamal,37,"[{""node"":""topic::media_communications"",""label"":""Media Communications"",""count"":89},{""node"":""topic::law_justice_crime"",""label"":""Law Justice Crime"",""count"":43},{""node"":""per::kamal"",""label"":""Kamal"",""count"":37},{""node"":""topic::immigration_border"",""label"":""Immigration Border"",""count"":32},{""node"":""topic::elections_campaigns"",""label"":""Elections Campaigns"",""count"":30},{""node"":""per::trump"",""label"":""Trump"",""count"":26},{""node"":""topic::health_public_health"",""label"":""Health Public Health"",""count"":20},{""node"":""per::kamala harris"",""label"":""Kamala Harris"",""count"":19},{""node"":""mention::teamtrumppresident"",""label"":""@teamtrumppresident"",""count"":16},{""node"":""loc::pennsylvania"",""label"":""Pennsylvania"",""count"":14}]"
2024-W40,2024-09-30,2024-10-06,171,53,118,167,1093,77,48,46,Media Communications,topic::media_communications,119,Kamal,per::kamal,20,"[{""node"":""topic::media_communications"",""label"":""Media Communications"",""count"":119},{""node"":""topic::law_justice_crime"",""label"":""Law Justice Crime"",""count"":41},{""node"":""topic::health_public_health"",""label"":""Health Public Health"",""count"":37},{""node"":""topic::elections_campaigns"",""label"":""Elections Campaigns"",""count"":32},{""node"":""mention::teamtrumppresident"",""label"":""@teamtrumppresident"",""count"":22},{""node"":""per::kamal"",""label"":""Kamal"",""count"":20},{""node"":""topic::energy_environment"",""label"":""Energy Environment"",""count"":14},{""node"":""per::trump"",""label"":""Trump"",""count"":13},{""node"":""loc::north carolina"",""label"":""North Carolina"",""count"":12},{""node"":""topic::endorsements_appointments"",""label"":""Endorsements Appointments"",""count"":10}]"
2024-W41,2024-10-07,2024-10-13,169,41,128,157,1062,54,54,61,Media Communications,topic::media_communications,100,Trump,per::trump,26,"[{""node"":""topic::media_communications"",""label"":""Media Communications"",""count"":100},{""node"":""topic::law_justice_crime"",""label"":""Law Justice Crime"",""count"":31},{""node"":""topic::elections_campaigns"",""label"":""Elections Campaigns"",""count"":30},{""node"":""per::trump"",""label"":""Trump"",""count"":26},{""node"":""per::kamal"",""label"":""Kamal"",""count"":24},{""node"":""topic::health_public_health"",""label"":""Health Public Health"",""count"":24},{""node"":""topic::immigration_border"",""label"":""Immigration Border"",""count"":17},{""node"":""topic::energy_environment"",""label"":""Energy Environment"",""count"":15},{""node"":""topic::congress_governance"",""label"":""Congress Governance"",""count"":15},{""node"":""loc::aurora"",""label"":""Aurora"",""count"":12}]"
2024-W42,2024-10-14,2024-10-20,123,53,70,115,560,43,38,42,Media Communications,topic::media_communications,80,Kamal,per::kamal,27,"[{""node"":""topic::media_communications"",""label"":""Media Communications"",""count"":80},{""node"":""topic::elections_campaigns"",""label"":""Elections Campaigns"",""count"":32},{""node"":""per::kamal"",""label"":""Kamal"",""count"":27},{""node"":""topic::health_public_health"",""label"":""Health Public Health"",""count"":24},{""node"":""per::trump"",""label"":""Trump"",""count"":19},{""node"":""topic::immigration_border"",""label"":""Immigration Border"",""count"":14},{""node"":""per::l"",""label"":""L"",""count"":12},{""node"":""topic::law_justice_crime"",""label"":""Law Justice Crime"",""count"":10},{""node"":""per::kamala harris"",""label"":""Kamala Harris"",""count"":10},{""node"":""topic::energy_environment"",""label"":""Energy Environment"",""count"":10}]"
2024-W43,2024-10-21,2024-10-27,182,63,119,147,915,47,55,80,Media Communications,topic::media_communications,100,Trump,per::trump,30,"[{""node"":""topic::media_communications"",""label"":""Media Communications"",""count"":100},{""node"":""topic::elections_campaigns"",""label"":""Elections Campaigns"",""count"":61},{""node"":""topic::health_public_health"",""label"":""Health Public Health"",""count"":40},{""node"":""per::trump"",""label"":""Trump"",""count"":30},{""node"":""topic::law_justice_crime"",""label"":""Law Justice Crime"",""count"":29},{""node"":""mention::teamtrumppresident"",""label"":""@teamtrumppresident"",""count"":24},{""node"":""per::kamal"",""label"":""Kamal"",""count"":22},{""node"":""per::kamala harris"",""label"":""Kamala Harris"",""count"":14},{""node"":""topic::endorsements_appointments"",""label"":""Endorsements Appointments"",""count"":13},{""node"":""loc::america"",""label"":""America"",""count"":13}]"
2024-W44,2024-10-28,2024-11-03,194,55,139,148,899,52,46,96,Media Communications,topic::media_communications,101,Kamal,per::kamal,35,"[{""node"":""topic::media_communications"",""label"":""Media Communications"",""count"":101},{""node"":""topic::elections_campaigns"",""label"":""Elections Campaigns"",""count"":72},{""node"":""per::kamal"",""label"":""Kamal"",""count"":35},{""node"":""topic::health_public_health"",""label"":""Health Public Health"",""count"":30},{""node"":""per::trump"",""label"":""Trump"",""count"":26},{""node"":""mention::teamtrumppresident"",""label"":""@teamtrumppresident"",""count"":23},{""node"":""loc::america"",""label"":""America"",""count"":20},{""node"":""topic::immigration_border"",""label"":""Immigration Border"",""count"":19},{""node"":""topic::defense_military_veterans"",""label"":""Defense Military Veterans"",""count"":17},{""node"":""topic::law_justice_crime"",""label"":""Law Justice Crime"",""count"":16}]"
2024-W45,2024-11-04,2024-11-10,66,17,49,75,247,9,24,33,Media Communications,topic::media_communications,33,Pennsylvania,loc::pennsylvania,8,"[{""node"":""topic::media_communications"",""label"":""Media Communications"",""count"":33},{""node"":""topic::elections_campaigns"",""label"":""Elections Campaigns"",""count"":21},{""node"":""topic::health_public_health"",""label"":""Health Public Health"",""count"":10},{""node"":""loc::pennsylvania"",""label"":""Pennsylvania"",""count"":8},{""node"":""per::trump"",""label"":""Trump"",""count"":7},{""node"":""topic::congress_governance"",""label"":""Congress Governance"",""count"":7},{""node"":""topic::law_justice_crime"",""label"":""Law Justice Crime"",""count"":6},{""node"":""loc::america"",""label"":""America"",""count"":5},{""node"":""topic::endorsements_appointments"",""label"":""Endorsements Appointments"",""count"":5},{""node"":""topic::defense_military_veterans"",""label"":""Defense Military Veterans"",""count"":4}]"
2024-W46,2024-11-11,2024-11-17,36,9,27,79,332,4,10,22,Endorsements Appointments,topic::endorsements_appointments,16,Congress,org::congress,3,"[{""node"":""topic::endorsements_appointments"",""label"":""Endorsements Appointments"",""count"":16},{""node"":""topic::media_communications"",""label"":""Media Communications"",""count"":13},{""node"":""topic::health_public_health"",""label"":""Health Public Health"",""count"":4},{""node"":""topic::law_justice_crime"",""label"":""Law Justice Crime"",""count"":4},{""node"":""topic::immigration_border"",""label"":""Immigration Border"",""count"":3},{""node"":""topic::foreign_policy_diplomacy"",""label"":""Foreign Policy Diplomacy"",""count"":3},{""node"":""org::congress"",""label"":""Congress"",""count"":3},{""node"":""loc::united states"",""label"":""United States"",""count"":3},{""node"":""loc::america"",""label"":""America"",""count"":3},{""node"":""topic::congress_governance"",""label"":""Congress Governance"",""count"":3}]"
2024-W47,2024-11-18,2024-11-24,27,1,26,52,191,7,7,13,Health Public Health,topic::health_public_health,7,Foxnews,org::foxnews,2,"[{""node"":""topic::health_public_health"",""label"":""Health Public Health"",""count"":7},{""node"":""topic::media_communications"",""label"":""Media Communications"",""count"":6},{""node"":""topic::law_justice_crime"",""label"":""Law Justice Crime"",""count"":6},{""node"":""topic::endorsements_appointments"",""label"":""Endorsements Appointments"",""count"":6},{""node"":""topic::defense_military_veterans"",""label"":""Defense Military Veterans"",""count"":4},{""node"":""topic::energy_environment"",""label"":""Energy Environment"",""count"":4},{""node"":""topic::congress_governance"",""label"":""Congress Governance"",""count"":4},{""node"":""topic::elections_campaigns"",""label"":""Elections Campaigns"",""count"":3},{""node"":""org::foxnews"",""label"":""Foxnews"",""count"":2},{""node"":""per::trump"",""label"":""Trump"",""count"":2}]"
2024-W48,2024-11-25,2024-12-01,32,5,27,74,395,10,8,14,Media Communications,topic::media_communications,13,United States,loc::united states,5,"[{""node"":""topic::media_communications"",""label"":""Media Communications"",""count"":13},{""node"":""topic::law_justice_crime"",""label"":""Law Justice Crime"",""count"":8},{""node"":""topic::foreign_policy_diplomacy"",""label"":""Foreign Policy Diplomacy"",""count"":8},{""node"":""topic::endorsements_appointments"",""label"":""Endorsements Appointments"",""count"":7},{""node"":""topic::immigration_border"",""label"":""Immigration Border"",""count"":6},{""node"":""loc::united states"",""label"":""United States"",""count"":5},{""node"":""loc::america"",""label"":""America"",""count"":5},{""node"":""topic::elections_campaigns"",""label"":""Elections Campaigns"",""count"":4},{""node"":""loc::mexico"",""label"":""Mexico"",""count"":4},{""node"":""topic::health_public_health"",""label"":""Health Public Health"",""count"":4}]"
2024-W49,2024-12-02,2024-12-08,65,7,58,138,718,6,16,43,Endorsements Appointments,topic::endorsements_appointments,31,United States,loc::united states,8,"[{""node"":""topic::endorsements_appointments"",""label"":""Endorsements Appointments"",""count"":31},{""node"":""topic::media_communications"",""label"":""Media Communications"",""count"":21},{""node"":""topic::foreign_policy_diplomacy"",""label"":""Foreign Policy Diplomacy"",""count"":12},{""node"":""topic::defense_military_veterans"",""label"":""Defense Military Veterans"",""count"":9},{""node"":""loc::united states"",""label"":""United States"",""count"":8},{""node"":""loc::u. s"",""label"":""U. S"",""count"":7},{""node"":""topic::immigration_border"",""label"":""Immigration Border"",""count"":7},{""node"":""topic::law_justice_crime"",""label"":""Law Justice Crime"",""count"":6},{""node"":""loc::america"",""label"":""America"",""count"":6},{""node"":""loc::white house"",""label"":""White House"",""count"":5}]"
2024-W50,2024-12-09,2024-12-15,48,3,45,110,569,6,4,38,Media Communications,topic::media_communications,25,United States,loc::united states,7,"[{""node"":""topic::media_communications"",""label"":""Media Communications"",""count"":25},{""node"":""topic::endorsements_appointments"",""label"":""Endorsements Appointments"",""count"":22},{""node"":""topic::foreign_policy_diplomacy"",""label"":""Foreign Policy Diplomacy"",""count"":13},{""node"":""loc::united states"",""label"":""United States"",""count"":7},{""node"":""topic::defense_military_veterans"",""label"":""Defense Military Veterans"",""count"":6},{""node"":""loc::america"",""label"":""America"",""count"":6},{""node"":""topic::law_justice_crime"",""label"":""Law Justice Crime"",""count"":5},{""node"":""loc::u. s"",""label"":""U. S"",""count"":5},{""node"":""topic::health_public_health"",""label"":""Health Public Health"",""count"":4},{""node"":""org::u"",""label"":""U"",""count"":4}]"
2024-W51,2024-12-16,2024-12-22,79,17,62,141,822,20,15,44,Media Communications,topic::media_communications,39,United States,loc::united states,18,"[{""node"":""topic::media_communications"",""label"":""Media Communications"",""count"":39},{""node"":""topic::endorsements_appointments"",""label"":""Endorsements Appointments"",""count"":28},{""node"":""topic::foreign_policy_diplomacy"",""label"":""Foreign Policy Diplomacy"",""count"":19},{""node"":""loc::united states"",""label"":""United States"",""count"":18},{""node"":""topic::congress_governance"",""label"":""Congress Governance"",""count"":15},{""node"":""loc::america"",""label"":""America"",""count"":12},{""node"":""per::trump"",""label"":""Trump"",""count"":10},{""node"":""topic::health_public_health"",""label"":""Health Public Health"",""count"":10},{""node"":""topic::law_justice_crime"",""label"":""Law Justice Crime"",""count"":9},{""node"":""topic::immigration_border"",""label"":""Immigration Border"",""count"":6}]"
2024-W52,2024-12-23,2024-12-29,30,6,24,66,273,5,10,15,Media Communications,topic::media_communications,16,United States,loc::united states,5,"[{""node"":""topic::media_communications"",""label"":""Media Communications"",""count"":16},{""node"":""topic::law_justice_crime"",""label"":""Law Justice Crime"",""count"":8},{""node"":""topic::endorsements_appointments"",""label"":""Endorsements Appointments"",""count"":6},{""node"":""topic::foreign_policy_diplomacy"",""label"":""Foreign Policy Diplomacy"",""count"":6},{""node"":""loc::united states"",""label"":""United States"",""count"":5},{""node"":""per::joe biden"",""label"":""Joe Biden"",""count"":4},{""node"":""topic::congress_governance"",""label"":""Congress Governance"",""count"":3},{""node"":""loc::america"",""label"":""America"",""count"":3},{""node"":""per::trump"",""label"":""Trump"",""count"":3},{""node"":""per::donald trump"",""label"":""Donald Trump"",""count"":2}]"
2025-W01,2024-12-30,2025-01-05,33,3,30,101,602,13,1,19,Media Communications,topic::media_communications,16,America,loc::america,7,"[{""node"":""topic::media_communications"",""label"":""Media Communications"",""count"":16},{""node"":""topic::endorsements_appointments"",""label"":""Endorsements Appointments"",""count"":11},{""node"":""topic::law_justice_crime"",""label"":""Law Justice Crime"",""count"":10},{""node"":""loc::america"",""label"":""America"",""count"":7},{""node"":""loc::united states"",""label"":""United States"",""count"":6},{""node"":""org::me"",""label"":""Me"",""count"":5},{""node"":""topic::foreign_policy_diplomacy"",""label"":""Foreign Policy Diplomacy"",""count"":5},{""node"":""topic::congress_governance"",""label"":""Congress Governance"",""count"":4},{""node"":""per::mike"",""label"":""Mike"",""count"":3},{""node"":""per::mike johnson"",""label"":""Mike Johnson"",""count"":3}]"
2025-W02,2025-01-06,2025-01-12,67,19,48,99,349,19,15,33,Media Communications,topic::media_communications,35,United States,loc::united states,8,"[{""node"":""topic::media_communications"",""label"":""Media Communications"",""count"":35},{""node"":""topic::energy_environment"",""label"":""Energy Environment"",""count"":12},{""node"":""topic::endorsements_appointments"",""label"":""Endorsements Appointments"",""count"":12},{""node"":""loc::united states"",""label"":""United States"",""count"":8},{""node"":""topic::health_public_health"",""label"":""Health Public Health"",""count"":8},{""node"":""topic::law_justice_crime"",""label"":""Law Justice Crime"",""count"":6},{""node"":""topic::congress_governance"",""label"":""Congress Governance"",""count"":5},{""node"":""per::gavin newscum"",""label"":""Gavin Newscum"",""count"":5},{""node"":""topic::defense_military_veterans"",""label"":""Defense Military Veterans"",""count"":5},{""node"":""loc::greenland"",""label"":""Greenland"",""count"":4}]"
2025-W03,2025-01-13,2025-01-19,85,37,48,104,393,17,30,38,Media Communications,topic::media_communications,58,United States,loc::united states,11,"[{""node"":""topic::media_communications"",""label"":""Media Communications"",""count"":58},{""node"":""topic::endorsements_appointments"",""label"":""Endorsements Appointments"",""count"":22},{""node"":""topic::energy_environment"",""label"":""Energy Environment"",""count"":13},{""node"":""topic::law_justice_crime"",""label"":""Law Justice Crime"",""count"":12},{""node"":""loc::united states"",""label"":""United States"",""count"":11},{""node"":""topic::foreign_policy_diplomacy"",""label"":""Foreign Policy Diplomacy"",""count"":8},{""node"":""topic::health_public_health"",""label"":""Health Public Health"",""count"":8},{""node"":""per::trump"",""label"":""Trump"",""count"":8},{""node"":""mention::realdonaldtrump"",""label"":""@realdonaldtrump"",""count"":5},{""node"":""topic::defense_military_veterans"",""label"":""Defense Military Veterans"",""count"":5}]"
2025-W04,2025-01-20,2025-01-26,54,24,30,81,279,6,16,32,Media Communications,topic::media_communications,39,Trump,per::trump,13,"[{""node"":""topic::media_communications"",""label"":""Media Communications"",""count"":39},{""node"":""per::trump"",""label"":""Trump"",""count"":13},{""node"":""mention::teamtrump"",""label"":""@teamtrump"",""count"":9},{""node"":""topic::endorsements_appointments"",""label"":""Endorsements Appointments"",""count"":7},{""node"":""topic::foreign_policy_diplomacy"",""label"":""Foreign Policy Diplomacy"",""count"":7},{""node"":""topic::health_public_health"",""label"":""Health Public Health"",""count"":7},{""node"":""loc::united states"",""label"":""United States"",""count"":5},{""node"":""topic::defense_military_veterans"",""label"":""Defense Military Veterans"",""count"":4},{""node"":""topic::law_justice_crime"",""label"":""Law Justice Crime"",""count"":4},{""node"":""topic::energy_environment"",""label"":""Energy Environment"",""count"":4}]"
2025-W05,2025-01-27,2025-02-02,51,4,47,72,274,14,7,30,Media Communications,topic::media_communications,18,United States,loc::united states,4,"[{""node"":""topic::media_communications"",""label"":""Media Communications"",""count"":18},{""node"":""topic::health_public_health"",""label"":""Health Public Health"",""count"":13},{""node"":""topic::law_justice_crime"",""label"":""Law Justice Crime"",""count"":12},{""node"":""topic::endorsements_appointments"",""label"":""Endorsements Appointments"",""count"":8},{""node"":""topic::energy_environment"",""label"":""Energy Environment"",""count"":8},{""node"":""topic::foreign_policy_diplomacy"",""label"":""Foreign Policy Diplomacy"",""count"":6},{""node"":""topic::economy_trade_taxes"",""label"":""Economy Trade Taxes"",""count"":5},{""node"":""loc::united states"",""label"":""United States"",""count"":4},{""node"":""loc::china"",""label"":""China"",""count"":4},{""node"":""per::god"",""label"":""God"",""count"":4}]"
2025-W06,2025-02-03,2025-02-09,64,13,51,96,406,14,9,41,Media Communications,topic::media_communications,29,United States,loc::united states,12,"[{""node"":""topic::media_communications"",""label"":""Media Communications"",""count"":29},{""node"":""topic::health_public_health"",""label"":""Health Public Health"",""count"":17},{""node"":""topic::endorsements_appointments"",""label"":""Endorsements Appointments"",""count"":13},{""node"":""topic::foreign_policy_diplomacy"",""label"":""Foreign Policy Diplomacy"",""count"":13},{""node"":""topic::law_justice_crime"",""label"":""Law Justice Crime"",""count"":13},{""node"":""loc::united states"",""label"":""United States"",""count"":12},{""node"":""loc::america"",""label"":""America"",""count"":6},{""node"":""topic::energy_environment"",""label"":""Energy Environment"",""count"":5},{""node"":""topic::congress_governance"",""label"":""Congress Governance"",""count"":4},{""node"":""loc::u. s"",""label"":""U. S"",""count"":4}]"
2025-W07,2025-02-10,2025-02-16,69,8,61,100,399,17,23,29,Media Communications,topic::media_communications,25,Trump,per::trump,10,"[{""node"":""topic::media_communications"",""label"":""Media Communications"",""count"":25},{""node"":""topic::law_justice_crime"",""label"":""Law Justice Crime"",""count"":12},{""node"":""topic::endorsements_appointments"",""label"":""Endorsements Appointments"",""count"":11},{""node"":""per::trump"",""label"":""Trump"",""count"":10},{""node"":""topic::foreign_policy_diplomacy"",""label"":""Foreign Policy Diplomacy"",""count"":8},{""node"":""topic::health_public_health"",""label"":""Health Public Health"",""count"":8},{""node"":""topic::energy_environment"",""label"":""Energy Environment"",""count"":8},{""node"":""loc::united states"",""label"":""United States"",""count"":7},{""node"":""topic::economy_trade_taxes"",""label"":""Economy Trade Taxes"",""count"":7},{""node"":""topic::defense_military_veterans"",""label"":""Defense Military Veterans"",""count"":6}]"
2025-W08,2025-02-17,2025-02-23,54,5,49,92,430,12,19,23,Media Communications,topic::media_communications,28,America,loc::america,5,"[{""node"":""topic::media_communications"",""label"":""Media Communications"",""count"":28},{""node"":""topic::congress_governance"",""label"":""Congress Governance"",""count"":11},{""node"":""topic::law_justice_crime"",""label"":""Law Justice Crime"",""count"":6},{""node"":""topic::health_public_health"",""label"":""Health Public Health"",""count"":6},{""node"":""topic::immigration_border"",""label"":""Immigration Border"",""count"":6},{""node"":""loc::america"",""label"":""America"",""count"":5},{""node"":""topic::energy_environment"",""label"":""Energy Environment"",""count"":5},{""node"":""topic::elections_campaigns"",""label"":""Elections Campaigns"",""count"":5},{""node"":""topic::endorsements_appointments"",""label"":""Endorsements Appointments"",""count"":4},{""node"":""loc::u. s"",""label"":""U. S"",""count"":4}]"
2025-W09,2025-02-24,2025-03-02,76,14,62,114,498,14,17,45,Media Communications,topic::media_communications,31,America,loc::america,8,"[{""node"":""topic::media_communications"",""label"":""Media Communications"",""count"":31},{""node"":""topic::law_justice_crime"",""label"":""Law Justice Crime"",""count"":13},{""node"":""topic::health_public_health"",""label"":""Health Public Health"",""count"":13},{""node"":""topic::endorsements_appointments"",""label"":""Endorsements Appointments"",""count"":9},{""node"":""topic::foreign_policy_diplomacy"",""label"":""Foreign Policy Diplomacy"",""count"":9},{""node"":""loc::america"",""label"":""America"",""count"":8},{""node"":""topic::energy_environment"",""label"":""Energy Environment"",""count"":7},{""node"":""per::trump"",""label"":""Trump"",""count"":7},{""node"":""loc::united states"",""label"":""United States"",""count"":6},{""node"":""topic::immigration_border"",""label"":""Immigration Border"",""count"":5}]"
2025-W10,2025-03-03,2025-03-09,43,2,41,75,303,17,10,16,Media Communications,topic::media_communications,20,United States,loc::united states,9,"[{""node"":""topic::media_communications"",""label"":""Media Communications"",""count"":20},{""node"":""topic::foreign_policy_diplomacy"",""label"":""Foreign Policy Diplomacy"",""count"":16},{""node"":""loc::united states"",""label"":""United States"",""count"":9},{""node"":""topic::congress_governance"",""label"":""Congress Governance"",""count"":7},{""node"":""loc::canada"",""label"":""Canada"",""count"":6},{""node"":""topic::endorsements_appointments"",""label"":""Endorsements Appointments"",""count"":6},{""node"":""topic::immigration_border"",""label"":""Immigration Border"",""count"":5},{""node"":""loc::u. s"",""label"":""U. S"",""count"":5},{""node"":""topic::energy_environment"",""label"":""Energy Environment"",""count"":5},{""node"":""loc::america"",""label"":""America"",""count"":5}]"
2025-W11,2025-03-10,2025-03-16,75,4,71,100,443,26,11,38,Media Communications,topic::media_communications,28,America,loc::america,13,"[{""node"":""topic::media_communications"",""label"":""Media Communications"",""count"":28},{""node"":""topic::foreign_policy_diplomacy"",""label"":""Foreign Policy Diplomacy"",""count"":22},{""node"":""topic::law_justice_crime"",""label"":""Law Justice Crime"",""count"":15},{""node"":""topic::endorsements_appointments"",""label"":""Endorsements Appointments"",""count"":14},{""node"":""topic::energy_environment"",""label"":""Energy Environment"",""count"":13},{""node"":""loc::america"",""label"":""America"",""count"":13},{""node"":""loc::united states"",""label"":""United States"",""count"":8},{""node"":""topic::health_public_health"",""label"":""Health Public Health"",""count"":7},{""node"":""topic::congress_governance"",""label"":""Congress Governance"",""count"":7},{""node"":""loc::u. s"",""label"":""U. S"",""count"":7}]"
2025-W12,2025-03-17,2025-03-23,80,3,77,112,495,22,20,38,Media Communications,topic::media_communications,31,Trump,per::trump,12,"[{""node"":""topic::media_communications"",""label"":""Media Communications"",""count"":31},{""node"":""topic::law_justice_crime"",""label"":""Law Justice Crime"",""count"":18},{""node"":""topic::endorsements_appointments"",""label"":""Endorsements Appointments"",""count"":15},{""node"":""topic::energy_environment"",""label"":""Energy Environment"",""count"":15},{""node"":""per::trump"",""label"":""Trump"",""count"":12},{""node"":""topic::immigration_border"",""label"":""Immigration Border"",""count"":9},{""node"":""topic::defense_military_veterans"",""label"":""Defense Military Veterans"",""count"":9},{""node"":""topic::foreign_policy_diplomacy"",""label"":""Foreign Policy Diplomacy"",""count"":8},{""node"":""loc::america"",""label"":""America"",""count"":5},{""node"":""topic::health_public_health"",""label"":""Health Public Health"",""count"":4}]"
2025-W13,2025-03-24,2025-03-30,76,3,73,142,746,19,14,43,Media Communications,topic::media_communications,26,United States,loc::united states,8,"[{""node"":""topic::media_communications"",""label"":""Media Communications"",""count"":26},{""node"":""topic::law_justice_crime"",""label"":""Law Justice Crime"",""count"":21},{""node"":""topic::health_public_health"",""label"":""Health Public Health"",""count"":19},{""node"":""topic::defense_military_veterans"",""label"":""Defense Military Veterans"",""count"":16},{""node"":""topic::congress_governance"",""label"":""Congress Governance"",""count"":13},{""node"":""topic::energy_environment"",""label"":""Energy Environment"",""count"":13},{""node"":""topic::endorsements_appointments"",""label"":""Endorsements Appointments"",""count"":10},{""node"":""topic::elections_campaigns"",""label"":""Elections Campaigns"",""count"":9},{""node"":""topic::immigration_border"",""label"":""Immigration Border"",""count"":8},{""node"":""loc::united states"",""label"":""United States"",""count"":8}]"
2025-W14,2025-03-31,2025-04-06,58,5,53,96,426,13,13,32,Media Communications,topic::media_communications,19,Trump,per::trump,8,"[{""node"":""topic::media_communications"",""label"":""Media Communications"",""count"":19},{""node"":""topic::health_public_health"",""label"":""Health Public Health"",""count"":11},{""node"":""topic::foreign_policy_diplomacy"",""label"":""Foreign Policy Diplomacy"",""count"":11},{""node"":""topic::congress_governance"",""label"":""Congress Governance"",""count"":10},{""node"":""topic::energy_environment"",""label"":""Energy Environment"",""count"":9},{""node"":""topic::elections_campaigns"",""label"":""Elections Campaigns"",""count"":8},{""node"":""topic::law_justice_crime"",""label"":""Law Justice Crime"",""count"":8},{""node"":""per::trump"",""label"":""Trump"",""count"":8},{""node"":""topic::economy_trade_taxes"",""label"":""Economy Trade Taxes"",""count"":6},{""node"":""topic::defense_military_veterans"",""label"":""Defense Military Veterans"",""count"":5}]"
2025-W15,2025-04-07,2025-04-13,73,3,70,92,469,16,12,45,Media Communications,topic::media_communications,21,United States,loc::united states,13,"[{""node"":""topic::media_communications"",""label"":""Media Communications"",""count"":21},{""node"":""topic::foreign_policy_diplomacy"",""label"":""Foreign Policy Diplomacy"",""count"":18},{""node"":""topic::energy_environment"",""label"":""Energy Environment"",""count"":14},{""node"":""loc::united states"",""label"":""United States"",""count"":13},{""node"":""per::trump"",""label"":""Trump"",""count"":11},{""node"":""topic::law_justice_crime"",""label"":""Law Justice Crime"",""count"":11},{""node"":""topic::congress_governance"",""label"":""Congress Governance"",""count"":10},{""node"":""loc::america"",""label"":""America"",""count"":9},{""node"":""topic::defense_military_veterans"",""label"":""Defense Military Veterans"",""count"":9},{""node"":""topic::economy_trade_taxes"",""label"":""Economy Trade Taxes"",""count"":8}]"
2025-W16,2025-04-14,2025-04-20,66,6,60,105,445,22,8,36,Media Communications,topic::media_communications,30,United States,loc::united states,7,"[{""node"":""topic::media_communications"",""label"":""Media Communications"",""count"":30},{""node"":""topic::law_justice_crime"",""label"":""Law Justice Crime"",""count"":14},{""node"":""topic::foreign_policy_diplomacy"",""label"":""Foreign Policy Diplomacy"",""count"":11},{""node"":""topic::immigration_border"",""label"":""Immigration Border"",""count"":10},{""node"":""loc::united states"",""label"":""United States"",""count"":7},{""node"":""topic::endorsements_appointments"",""label"":""Endorsements Appointments"",""count"":6},{""node"":""per::joe biden"",""label"":""Joe Biden"",""count"":6},{""node"":""loc::america"",""label"":""America"",""count"":5},{""node"":""loc::white house"",""label"":""White House"",""count"":5},{""node"":""topic::energy_environment"",""label"":""Energy Environment"",""count"":5}]"
2025-W17,2025-04-21,2025-04-27,49,6,43,92,379,18,12,19,Media Communications,topic::media_communications,17,B,per::b,5,"[{""node"":""topic::media_communications"",""label"":""Media Communications"",""count"":17},{""node"":""topic::foreign_policy_diplomacy"",""label"":""Foreign Policy Diplomacy"",""count"":12},{""node"":""topic::law_justice_crime"",""label"":""Law Justice Crime"",""count"":11},{""node"":""topic::immigration_border"",""label"":""Immigration Border"",""count"":8},{""node"":""topic::endorsements_appointments"",""label"":""Endorsements Appointments"",""count"":5},{""node"":""per::b"",""label"":""B"",""count"":5},{""node"":""topic::energy_environment"",""label"":""Energy Environment"",""count"":4},{""node"":""topic::congress_governance"",""label"":""Congress Governance"",""count"":4},{""node"":""loc::russia"",""label"":""Russia"",""count"":4},{""node"":""loc::ukraine"",""label"":""Ukraine"",""count"":4}]"
2025-W18,2025-04-28,2025-05-04,77,6,71,109,518,15,15,47,Media Communications,topic::media_communications,37,Trump,per::trump,11,"[{""node"":""topic::media_communications"",""label"":""Media Communications"",""count"":37},{""node"":""topic::law_justice_crime"",""label"":""Law Justice Crime"",""count"":12},{""node"":""topic::health_public_health"",""label"":""Health Public Health"",""count"":12},{""node"":""topic::energy_environment"",""label"":""Energy Environment"",""count"":12},{""node"":""topic::immigration_border"",""label"":""Immigration Border"",""count"":12},{""node"":""per::trump"",""label"":""Trump"",""count"":11},{""node"":""topic::defense_military_veterans"",""label"":""Defense Military Veterans"",""count"":10},{""node"":""topic::congress_governance"",""label"":""Congress Governance"",""count"":7},{""node"":""topic::endorsements_appointments"",""label"":""Endorsements Appointments"",""count"":7},{""node"":""loc::america"",""label"":""America"",""count"":6}]"
2025-W19,2025-05-05,2025-05-11,106,8,98,144,746,14,24,68,Media Communications,topic::media_communications,47,United States,loc::united states,11,"[{""node"":""topic::media_communications"",""label"":""Media Communications"",""count"":47},{""node"":""topic::endorsements_appointments"",""label"":""Endorsements Appointments"",""count"":21},{""node"":""topic::congress_governance"",""label"":""Congress Governance"",""count"":21},{""node"":""topic::foreign_policy_diplomacy"",""label"":""Foreign Policy Diplomacy"",""count"":18},{""node"":""topic::defense_military_veterans"",""label"":""Defense Military Veterans"",""count"":16},{""node"":""topic::law_justice_crime"",""label"":""Law Justice Crime"",""count"":15},{""node"":""topic::health_public_health"",""label"":""Health Public Health"",""count"":13},{""node"":""loc::united states"",""label"":""United States"",""count"":11},{""node"":""topic::immigration_border"",""label"":""Immigration Border"",""count"":10},{""node"":""topic::energy_environment"",""label"":""Energy Environment"",""count"":9}]"
2025-W20,2025-05-12,2025-05-18,72,22,50,90,394,22,19,31,Media Communications,topic::media_communications,37,America,loc::america,10,"[{""node"":""topic::media_communications"",""label"":""Media Communications"",""count"":37},{""node"":""topic::health_public_health"",""label"":""Health Public Health"",""count"":22},{""node"":""topic::law_justice_crime"",""label"":""Law Justice Crime"",""count"":14},{""node"":""topic::foreign_policy_diplomacy"",""label"":""Foreign Policy Diplomacy"",""count"":11},{""node"":""loc::america"",""label"":""America"",""count"":10},{""node"":""org::supreme court"",""label"":""Supreme Court"",""count"":7},{""node"":""topic::energy_environment"",""label"":""Energy Environment"",""count"":6},{""node"":""loc::united states"",""label"":""United States"",""count"":5},{""node"":""topic::immigration_border"",""label"":""Immigration Border"",""count"":5},{""node"":""topic::congress_governance"",""label"":""Congress Governance"",""count"":4}]"
2025-W21,2025-05-19,2025-05-25,41,3,38,83,341,8,7,26,Media Communications,topic::media_communications,16,United States,loc::united states,8,"[{""node"":""topic::media_communications"",""label"":""Media Communications"",""count"":16},{""node"":""topic::defense_military_veterans"",""label"":""Defense Military Veterans"",""count"":9},{""node"":""topic::congress_governance"",""label"":""Congress Governance"",""count"":8},{""node"":""topic::law_justice_crime"",""label"":""Law Justice Crime"",""count"":8},{""node"":""loc::united states"",""label"":""United States"",""count"":8},{""node"":""topic::foreign_policy_diplomacy"",""label"":""Foreign Policy Diplomacy"",""count"":7},{""node"":""topic::energy_environment"",""label"":""Energy Environment"",""count"":6},{""node"":""loc::u. s"",""label"":""U. S"",""count"":5},{""node"":""topic::elections_campaigns"",""label"":""Elections Campaigns"",""count"":4},{""node"":""topic::endorsements_appointments"",""label"":""Endorsements Appointments"",""count"":4}]"
2025-W22,2025-05-26,2025-06-01,64,4,60,101,440,14,7,43,Media Communications,topic::media_communications,18,United States,loc::united states,7,"[{""node"":""topic::media_communications"",""label"":""Media Communications"",""count"":18},{""node"":""topic::endorsements_appointments"",""label"":""Endorsements Appointments"",""count"":13},{""node"":""topic::law_justice_crime"",""label"":""Law Justice Crime"",""count"":12},{""node"":""topic::energy_environment"",""label"":""Energy Environment"",""count"":11},{""node"":""topic::foreign_policy_diplomacy"",""label"":""Foreign Policy Diplomacy"",""count"":8},{""node"":""topic::health_public_health"",""label"":""Health Public Health"",""count"":7},{""node"":""loc::united states"",""label"":""United States"",""count"":7},{""node"":""loc::america"",""label"":""America"",""count"":7},{""node"":""topic::congress_governance"",""label"":""Congress Governance"",""count"":6},{""node"":""topic::immigration_border"",""label"":""Immigration Border"",""count"":5}]"
2025-W23,2025-06-02,2025-06-08,49,3,46,88,394,23,8,18,Media Communications,topic::media_communications,23,B,per::b,5,"[{""node"":""topic::media_communications"",""label"":""Media Communications"",""count"":23},{""node"":""topic::health_public_health"",""label"":""Health Public Health"",""count"":12},{""node"":""topic::foreign_policy_diplomacy"",""label"":""Foreign Policy Diplomacy"",""count"":10},{""node"":""topic::energy_environment"",""label"":""Energy Environment"",""count"":9},{""node"":""topic::congress_governance"",""label"":""Congress Governance"",""count"":9},{""node"":""topic::law_justice_crime"",""label"":""Law Justice Crime"",""count"":7},{""node"":""topic::immigration_border"",""label"":""Immigration Border"",""count"":5},{""node"":""per::b"",""label"":""B"",""count"":5},{""node"":""per::iden"",""label"":""Iden"",""count"":4},{""node"":""loc::china"",""label"":""China"",""count"":4}]"
2025-W24,2025-06-09,2025-06-15,58,2,56,71,299,22,5,31,Media Communications,topic::media_communications,18,Los Angeles,loc::los angeles,11,"[{""node"":""topic::media_communications"",""label"":""Media Communications"",""count"":18},{""node"":""topic::law_justice_crime"",""label"":""Law Justice Crime"",""count"":17},{""node"":""topic::defense_military_veterans"",""label"":""Defense Military Veterans"",""count"":14},{""node"":""topic::foreign_policy_diplomacy"",""label"":""Foreign Policy Diplomacy"",""count"":12},{""node"":""loc::los angeles"",""label"":""Los Angeles"",""count"":11},{""node"":""loc::america"",""label"":""America"",""count"":9},{""node"":""loc::iran"",""label"":""Iran"",""count"":6},{""node"":""topic::health_public_health"",""label"":""Health Public Health"",""count"":5},{""node"":""org::national guard"",""label"":""National Guard"",""count"":5},{""node"":""topic::energy_environment"",""label"":""Energy Environment"",""count"":5}]"
2025-W25,2025-06-16,2025-06-22,70,1,69,113,664,18,7,45,Media Communications,topic::media_communications,31,America,loc::america,10,"[{""node"":""topic::media_communications"",""label"":""Media Communications"",""count"":31},{""node"":""topic::foreign_policy_diplomacy"",""label"":""Foreign Policy Diplomacy"",""count"":16},{""node"":""topic::law_justice_crime"",""label"":""Law Justice Crime"",""count"":15},{""node"":""topic::energy_environment"",""label"":""Energy Environment"",""count"":11},{""node"":""topic::immigration_border"",""label"":""Immigration Border"",""count"":10},{""node"":""loc::america"",""label"":""America"",""count"":10},{""node"":""loc::iran"",""label"":""Iran"",""count"":10},{""node"":""topic::congress_governance"",""label"":""Congress Governance"",""count"":9},{""node"":""topic::health_public_health"",""label"":""Health Public Health"",""count"":9},{""node"":""per::trump"",""label"":""Trump"",""count"":7}]"
2025-W26,2025-06-23,2025-06-29,111,5,106,118,605,41,18,52,Media Communications,topic::media_communications,43,Iran,loc::iran,21,"[{""node"":""topic::media_communications"",""label"":""Media Communications"",""count"":43},{""node"":""topic::foreign_policy_diplomacy"",""label"":""Foreign Policy Diplomacy"",""count"":33},{""node"":""loc::iran"",""label"":""Iran"",""count"":21},{""node"":""topic::congress_governance"",""label"":""Congress Governance"",""count"":21},{""node"":""topic::health_public_health"",""label"":""Health Public Health"",""count"":20},{""node"":""topic::energy_environment"",""label"":""Energy Environment"",""count"":16},{""node"":""topic::law_justice_crime"",""label"":""Law Justice Crime"",""count"":16},{""node"":""loc::israel"",""label"":""Israel"",""count"":12},{""node"":""topic::defense_military_veterans"",""label"":""Defense Military Veterans"",""count"":11},{""node"":""loc::america"",""label"":""America"",""count"":9}]"
2025-W27,2025-06-30,2025-07-06,74,4,70,112,523,14,12,48,Media Communications,topic::media_communications,30,America,loc::america,8,"[{""node"":""topic::media_communications"",""label"":""Media Communications"",""count"":30},{""node"":""topic::congress_governance"",""label"":""Congress Governance"",""count"":29},{""node"":""topic::health_public_health"",""label"":""Health Public Health"",""count"":18},{""node"":""topic::energy_environment"",""label"":""Energy Environment"",""count"":9},{""node"":""loc::america"",""label"":""America"",""count"":8},{""node"":""topic::foreign_policy_diplomacy"",""label"":""Foreign Policy Diplomacy"",""count"":7},{""node"":""topic::endorsements_appointments"",""label"":""Endorsements Appointments"",""count"":7},{""node"":""loc::united states"",""label"":""United States"",""count"":6},{""node"":""org::congress"",""label"":""Congress"",""count"":6},{""node"":""loc::country"",""label"":""Country"",""count"":5}]"
2025-W28,2025-07-07,2025-07-13,57,7,50,111,687,15,11,31,Media Communications,topic::media_communications,29,Trump,per::trump,6,"[{""node"":""topic::media_communications"",""label"":""Media Communications"",""count"":29},{""node"":""topic::law_justice_crime"",""label"":""Law Justice Crime"",""count"":11},{""node"":""topic::economy_trade_taxes"",""label"":""Economy Trade Taxes"",""count"":9},{""node"":""topic::foreign_policy_diplomacy"",""label"":""Foreign Policy Diplomacy"",""count"":8},{""node"":""topic::elections_campaigns"",""label"":""Elections Campaigns"",""count"":8},{""node"":""per::trump"",""label"":""Trump"",""count"":6},{""node"":""topic::endorsements_appointments"",""label"":""Endorsements Appointments"",""count"":6},{""node"":""loc::america"",""label"":""America"",""count"":5},{""node"":""topic::congress_governance"",""label"":""Congress Governance"",""count"":5},{""node"":""org::fbi"",""label"":""Fbi"",""count"":4}]"
2025-W29,2025-07-14,2025-07-20,83,8,75,141,719,18,17,48,Media Communications,topic::media_communications,35,Congress,org::congress,10,"[{""node"":""topic::media_communications"",""label"":""Media Communications"",""count"":35},{""node"":""topic::congress_governance"",""label"":""Congress Governance"",""count"":21},{""node"":""topic::energy_environment"",""label"":""Energy Environment"",""count"":18},{""node"":""topic::health_public_health"",""label"":""Health Public Health"",""count"":15},{""node"":""topic::law_justice_crime"",""label"":""Law Justice Crime"",""count"":15},{""node"":""topic::defense_military_veterans"",""label"":""Defense Military Veterans"",""count"":13},{""node"":""org::congress"",""label"":""Congress"",""count"":10},{""node"":""per::trump"",""label"":""Trump"",""count"":7},{""node"":""topic::immigration_border"",""label"":""Immigration Border"",""count"":7},{""node"":""topic::endorsements_appointments"",""label"":""Endorsements Appointments"",""count"":7}]"
2025-W30,2025-07-21,2025-07-27,75,7,68,127,656,17,13,45,Media Communications,topic::media_communications,35,U. S,loc::u. s,9,"[{""node"":""topic::media_communications"",""label"":""Media Communications"",""count"":35},{""node"":""topic::foreign_policy_diplomacy"",""label"":""Foreign Policy Diplomacy"",""count"":15},{""node"":""topic::law_justice_crime"",""label"":""Law Justice Crime"",""count"":13},{""node"":""topic::health_public_health"",""label"":""Health Public Health"",""count"":10},{""node"":""topic::endorsements_appointments"",""label"":""Endorsements Appointments"",""count"":10},{""node"":""loc::u. s"",""label"":""U. S"",""count"":9},{""node"":""per::trump"",""label"":""Trump"",""count"":9},{""node"":""topic::congress_governance"",""label"":""Congress Governance"",""count"":8},{""node"":""topic::energy_environment"",""label"":""Energy Environment"",""count"":7},{""node"":""topic::elections_campaigns"",""label"":""Elections Campaigns"",""count"":7}]"
2025-W31,2025-07-28,2025-08-03,81,10,71,128,750,32,17,32,Media Communications,topic::media_communications,44,United States,loc::united states,7,"[{""node"":""topic::media_communications"",""label"":""Media Communications"",""count"":44},{""node"":""topic::health_public_health"",""label"":""Health Public Health"",""count"":14},{""node"":""topic::foreign_policy_diplomacy"",""label"":""Foreign Policy Diplomacy"",""count"":13},{""node"":""topic::congress_governance"",""label"":""Congress Governance"",""count"":12},{""node"":""topic::energy_environment"",""label"":""Energy Environment"",""count"":11},{""node"":""topic::law_justice_crime"",""label"":""Law Justice Crime"",""count"":10},{""node"":""topic::endorsements_appointments"",""label"":""Endorsements Appointments"",""count"":8},{""node"":""loc::united states"",""label"":""United States"",""count"":7},{""node"":""loc::america"",""label"":""America"",""count"":6},{""node"":""loc::usa"",""label"":""Usa"",""count"":6}]"
2025-W32,2025-08-04,2025-08-10,73,8,65,80,236,19,14,40,Media Communications,topic::media_communications,32,White House,loc::white house,7,"[{""node"":""topic::media_communications"",""label"":""Media Communications"",""count"":32},{""node"":""topic::health_public_health"",""label"":""Health Public Health"",""count"":19},{""node"":""topic::foreign_policy_diplomacy"",""label"":""Foreign Policy Diplomacy"",""count"":12},{""node"":""topic::law_justice_crime"",""label"":""Law Justice Crime"",""count"":8},{""node"":""topic::endorsements_appointments"",""label"":""Endorsements Appointments"",""count"":7},{""node"":""loc::white house"",""label"":""White House"",""count"":7},{""node"":""topic::economy_trade_taxes"",""label"":""Economy Trade Taxes"",""count"":6},{""node"":""per::trump"",""label"":""Trump"",""count"":5},{""node"":""topic::energy_environment"",""label"":""Energy Environment"",""count"":4},{""node"":""topic::defense_military_veterans"",""label"":""Defense Military Veterans"",""count"":4}]"
2025-W33,2025-08-11,2025-08-17,77,6,71,96,343,17,19,41,Media Communications,topic::media_communications,27,D. C,loc::d. c,5,"[{""node"":""topic::media_communications"",""label"":""Media Communications"",""count"":27},{""node"":""topic::health_public_health"",""label"":""Health Public Health"",""count"":19},{""node"":""topic::law_justice_crime"",""label"":""Law Justice Crime"",""count"":19},{""node"":""topic::endorsements_appointments"",""label"":""Endorsements Appointments"",""count"":16},{""node"":""topic::energy_environment"",""label"":""Energy Environment"",""count"":12},{""node"":""topic::foreign_policy_diplomacy"",""label"":""Foreign Policy Diplomacy"",""count"":9},{""node"":""loc::d. c"",""label"":""D. C"",""count"":5},{""node"":""loc::russia"",""label"":""Russia"",""count"":5},{""node"":""loc::america"",""label"":""America"",""count"":4},{""node"":""loc::alaska"",""label"":""Alaska"",""count"":4}]"
2025-W34,2025-08-18,2025-08-24,93,6,87,176,1170,24,11,58,Media Communications,topic::media_communications,35,U. S,loc::u. s,13,"[{""node"":""topic::media_communications"",""label"":""Media Communications"",""count"":35},{""node"":""topic::congress_governance"",""label"":""Congress Governance"",""count"":20},{""node"":""topic::law_justice_crime"",""label"":""Law Justice Crime"",""count"":18},{""node"":""topic::foreign_policy_diplomacy"",""label"":""Foreign Policy Diplomacy"",""count"":18},{""node"":""topic::defense_military_veterans"",""label"":""Defense Military Veterans"",""count"":14},{""node"":""loc::u. s"",""label"":""U. S"",""count"":13},{""node"":""topic::energy_environment"",""label"":""Energy Environment"",""count"":13},{""node"":""topic::health_public_health"",""label"":""Health Public Health"",""count"":11},{""node"":""topic::endorsements_appointments"",""label"":""Endorsements Appointments"",""count"":11},{""node"":""loc::united states"",""label"":""United States"",""count"":10}]"
2025-W35,2025-08-25,2025-08-31,64,4,60,86,329,24,10,30,Law Justice Crime,topic::law_justice_crime,24,Chicago,loc::chicago,4,"[{""node"":""topic::law_justice_crime"",""label"":""Law Justice Crime"",""count"":24},{""node"":""topic::media_communications"",""label"":""Media Communications"",""count"":24},{""node"":""topic::health_public_health"",""label"":""Health Public Health"",""count"":8},{""node"":""topic::congress_governance"",""label"":""Congress Governance"",""count"":7},{""node"":""topic::foreign_policy_diplomacy"",""label"":""Foreign Policy Diplomacy"",""count"":5},{""node"":""topic::endorsements_appointments"",""label"":""Endorsements Appointments"",""count"":4},{""node"":""loc::chicago"",""label"":""Chicago"",""count"":4},{""node"":""loc::dc"",""label"":""Dc"",""count"":4},{""node"":""loc::america"",""label"":""America"",""count"":4},{""node"":""loc::white house"",""label"":""White House"",""count"":4}]"
2025-W36,2025-09-01,2025-09-07,39,2,37,76,379,21,7,11,Law Justice Crime,topic::law_justice_crime,15,America,loc::america,5,"[{""node"":""topic::law_justice_crime"",""label"":""Law Justice Crime"",""count"":15},{""node"":""topic::media_communications"",""label"":""Media Communications"",""count"":11},{""node"":""topic::health_public_health"",""label"":""Health Public Health"",""count"":6},{""node"":""topic::foreign_policy_diplomacy"",""label"":""Foreign Policy Diplomacy"",""count"":6},{""node"":""loc::america"",""label"":""America"",""count"":5},{""node"":""topic::endorsements_appointments"",""label"":""Endorsements Appointments"",""count"":4},{""node"":""loc::united states"",""label"":""United States"",""count"":4},{""node"":""topic::energy_environment"",""label"":""Energy Environment"",""count"":3},{""node"":""loc::chicago"",""label"":""Chicago"",""count"":3},{""node"":""loc::russia"",""label"":""Russia"",""count"":3}]"
2025-W37,2025-09-08,2025-09-14,51,3,48,87,366,13,9,29,Media Communications,topic::media_communications,24,America,loc::america,7,"[{""node"":""topic::media_communications"",""label"":""Media Communications"",""count"":24},{""node"":""topic::law_justice_crime"",""label"":""Law Justice Crime"",""count"":12},{""node"":""topic::health_public_health"",""label"":""Health Public Health"",""count"":10},{""node"":""topic::defense_military_veterans"",""label"":""Defense Military Veterans"",""count"":8},{""node"":""loc::america"",""label"":""America"",""count"":7},{""node"":""topic::foreign_policy_diplomacy"",""label"":""Foreign Policy Diplomacy"",""count"":6},{""node"":""topic::congress_governance"",""label"":""Congress Governance"",""count"":6},{""node"":""loc::united states"",""label"":""United States"",""count"":4},{""node"":""per::charlie kirk"",""label"":""Charlie Kirk"",""count"":4},{""node"":""topic::elections_campaigns"",""label"":""Elections Campaigns"",""count"":4}]"
2025-W38,2025-09-15,2025-09-21,59,8,51,143,918,23,12,24,Media Communications,topic::media_communications,31,Dj,per::dj,7,"[{""node"":""topic::media_communications"",""label"":""Media Communications"",""count"":31},{""node"":""topic::law_justice_crime"",""label"":""Law Justice Crime"",""count"":24},{""node"":""topic::foreign_policy_diplomacy"",""label"":""Foreign Policy Diplomacy"",""count"":13},{""node"":""topic::health_public_health"",""label"":""Health Public Health"",""count"":9},{""node"":""topic::endorsements_appointments"",""label"":""Endorsements Appointments"",""count"":7},{""node"":""per::dj"",""label"":""Dj"",""count"":7},{""node"":""topic::congress_governance"",""label"":""Congress Governance"",""count"":6},{""node"":""loc::d. c"",""label"":""D. C"",""count"":5},{""node"":""loc::united states of america"",""label"":""United States Of America"",""count"":5},{""node"":""topic::defense_military_veterans"",""label"":""Defense Military Veterans"",""count"":5}]"
2025-W39,2025-09-22,2025-09-28,55,12,43,125,701,16,11,28,Media Communications,topic::media_communications,27,America,loc::america,9,"[{""node"":""topic::media_communications"",""label"":""Media Communications"",""count"":27},{""node"":""topic::law_justice_crime"",""label"":""Law Justice Crime"",""count"":19},{""node"":""topic::foreign_policy_diplomacy"",""label"":""Foreign Policy Diplomacy"",""count"":13},{""node"":""loc::america"",""label"":""America"",""count"":9},{""node"":""topic::health_public_health"",""label"":""Health Public Health"",""count"":9},{""node"":""mention::rapidresponse47president"",""label"":""@rapidresponse47president"",""count"":7},{""node"":""mention::realdonaldtrump"",""label"":""@realdonaldtrump"",""count"":7},{""node"":""loc::united states"",""label"":""United States"",""count"":5},{""node"":""per::dj"",""label"":""Dj"",""count"":5},{""node"":""topic::endorsements_appointments"",""label"":""Endorsements Appointments"",""count"":4}]"
2025-W40,2025-09-29,2025-10-05,40,4,36,89,373,19,5,16,Media Communications,topic::media_communications,16,Gaza,loc::gaza,5,"[{""node"":""topic::media_communications"",""label"":""Media Communications"",""count"":16},{""node"":""topic::law_justice_crime"",""label"":""Law Justice Crime"",""count"":12},{""node"":""topic::foreign_policy_diplomacy"",""label"":""Foreign Policy Diplomacy"",""count"":8},{""node"":""topic::health_public_health"",""label"":""Health Public Health"",""count"":5},{""node"":""loc::gaza"",""label"":""Gaza"",""count"":5},{""node"":""topic::congress_governance"",""label"":""Congress Governance"",""count"":5},{""node"":""org::hamas"",""label"":""Hamas"",""count"":5},{""node"":""topic::immigration_border"",""label"":""Immigration Border"",""count"":4},{""node"":""loc::israel"",""label"":""Israel"",""count"":4},{""node"":""topic::defense_military_veterans"",""label"":""Defense Military Veterans"",""count"":4}]"
2025-W41,2025-10-06,2025-10-12,22,2,20,64,284,5,3,14,Media Communications,topic::media_communications,10,United States,loc::united states,3,"[{""node"":""topic::media_communications"",""label"":""Media Communications"",""count"":10},{""node"":""topic::congress_governance"",""label"":""Congress Governance"",""count"":7},{""node"":""topic::law_justice_crime"",""label"":""Law Justice Crime"",""count"":6},{""node"":""topic::health_public_health"",""label"":""Health Public Health"",""count"":5},{""node"":""topic::defense_military_veterans"",""label"":""Defense Military Veterans"",""count"":4},{""node"":""topic::endorsements_appointments"",""label"":""Endorsements Appointments"",""count"":3},{""node"":""loc::united states"",""label"":""United States"",""count"":3},{""node"":""topic::elections_campaigns"",""label"":""Elections Campaigns"",""count"":3},{""node"":""topic::foreign_policy_diplomacy"",""label"":""Foreign Policy Diplomacy"",""count"":2},{""node"":""topic::energy_environment"",""label"":""Energy Environment"",""count"":2}]"
