week_id,week_start,week_end,posts_processed,twitter_posts,truth_posts,reposts,original_posts,unique_nodes,edge_count,negative_posts,neutral_posts,positive_posts,top_topic,top_topic_node,top_topic_count,top_entity,top_entity_node,top_entity_count,top_nodes_json
2009-W19,2009-05-04,2009-05-10,4,4,0,0,4,4,3,0,2,2,Media Communications,topic::media_communications,3,Donald Trump,per::donald trump,3,"[{""node"":""topic::media_communications"",""label"":""Media Communications"",""count"":3},{""node"":""per::donald trump"",""label"":""Donald Trump"",""count"":3},{""node"":""per::david letterman"",""label"":""David Letterman"",""count"":2},{""node"":""topic::endorsements_appointments"",""label"":""Endorsements Appointments"",""count"":1}]"
2009-W20,2009-05-11,2009-05-17,7,7,0,0,7,9,11,0,5,2,Media Communications,topic::media_communications,3,Donald J,per::donald j,3,"[{""node"":""per::donald j"",""label"":""Donald J"",""count"":3},{""node"":""per::trump"",""label"":""Trump"",""count"":3},{""node"":""topic::media_communications"",""label"":""Media Communications"",""count"":3},{""node"":""per::donald trump"",""label"":""Donald Trump"",""count"":2},{""node"":""topic::health_public_health"",""label"":""Health Public Health"",""count"":2},{""node"":""topic::immigration_border"",""label"":""Immigration Border"",""count"":1},{""node"":""topic::law_justice_crime"",""label"":""Law Justice Crime"",""count"":1},{""node"":""per::donald j. trump"",""label"":""Donald J. Trump"",""count"":1},{""node"":""topic::social_culture_education"",""label"":""Social Culture Education"",""count"":1}]"
2009-W21,2009-05-18,2009-05-24,7,7,0,0,7,7,9,0,2,5,Media Communications,topic::media_communications,6,Donald J. Trump,per::donald j. trump,2,"[{""node"":""topic::media_communications"",""label"":""Media Communications"",""count"":6},{""node"":""topic::health_public_health"",""label"":""Health Public Health"",""count"":2},{""node"":""per::donald j. trump"",""label"":""Donald J. Trump"",""count"":2},{""node"":""per::donald trump"",""label"":""Donald Trump"",""count"":2},{""node"":""per::donald j"",""label"":""Donald J"",""count"":1},{""node"":""per::trump"",""label"":""Trump"",""count"":1},{""node"":""topic::social_culture_education"",""label"":""Social Culture Education"",""count"":1}]"
2009-W22,2009-05-25,2009-05-31,3,3,0,0,3,6,6,0,3,0,Social Culture Education,topic::social_culture_education,1,Donald J,per::donald j,2,"[{""node"":""per::donald j"",""label"":""Donald J"",""count"":2},{""node"":""per::trump"",""label"":""Trump"",""count"":2},{""node"":""topic::social_culture_education"",""label"":""Social Culture Education"",""count"":1},{""node"":""per::donald j. trump"",""label"":""Donald J. Trump"",""count"":1},{""node"":""topic::health_public_health"",""label"":""Health Public Health"",""count"":1},{""node"":""topic::foreign_policy_diplomacy"",""label"":""Foreign Policy Diplomacy"",""count"":1}]"
2009-W23,2009-06-01,2009-06-07,2,2,0,0,2,5,4,0,2,0,Media Communications,topic::media_communications,1,Donald Trump,per::donald trump,1,"[{""node"":""topic::media_communications"",""label"":""Media Communications"",""count"":1},{""node"":""per::donald trump"",""label"":""Donald Trump"",""count"":1},{""node"":""topic::health_public_health"",""label"":""Health Public Health"",""count"":1},{""node"":""per::donald j"",""label"":""Donald J"",""count"":1},{""node"":""per::trump"",""label"":""Trump"",""count"":1}]"
2009-W24,2009-06-08,2009-06-14,2,2,0,0,2,2,1,0,1,1,Media Communications,topic::media_communications,2,Donald Trump,per::donald trump,1,"[{""node"":""topic::media_communications"",""label"":""Media Communications"",""count"":2},{""node"":""per::donald trump"",""label"":""Donald Trump"",""count"":1}]"
2009-W25,2009-06-15,2009-06-21,3,3,0,0,3,3,3,0,1,2,Media Communications,topic::media_communications,3,Donald Trump,per::donald trump,2,"[{""node"":""topic::media_communications"",""label"":""Media Communications"",""count"":3},{""node"":""per::donald trump"",""label"":""Donald Trump"",""count"":2},{""node"":""per::b"",""label"":""B"",""count"":1}]"
2009-W26,2009-06-22,2009-06-28,3,3,0,0,3,6,9,1,0,2,Media Communications,topic::media_communications,2,Donald J,per::donald j,2,"[{""node"":""per::donald j"",""label"":""Donald J"",""count"":2},{""node"":""per::trump"",""label"":""Trump"",""count"":2},{""node"":""topic::media_communications"",""label"":""Media Communications"",""count"":2},{""node"":""topic::health_public_health"",""label"":""Health Public Health"",""count"":1},{""node"":""per::donald trump"",""label"":""Donald Trump"",""count"":1},{""node"":""per::michael jackson"",""label"":""Michael Jackson"",""count"":1}]"
2009-W27,2009-06-29,2009-07-05,2,2,0,0,2,5,7,0,0,2,Media Communications,topic::media_communications,2,Donald Trump,per::donald trump,1,"[{""node"":""topic::media_communications"",""label"":""Media Communications"",""count"":2},{""node"":""per::donald trump"",""label"":""Donald Trump"",""count"":1},{""node"":""per::g"",""label"":""G"",""count"":1},{""node"":""per::reta van susteren"",""label"":""Reta Van Susteren"",""count"":1},{""node"":""per::donald j. trump"",""label"":""Donald J. Trump"",""count"":1}]"
2009-W29,2009-07-13,2009-07-19,2,2,0,0,2,8,13,0,1,1,Social Culture Education,topic::social_culture_education,1,Donald J,per::donald j,1,"[{""node"":""topic::social_culture_education"",""label"":""Social Culture Education"",""count"":1},{""node"":""per::donald j"",""label"":""Donald J"",""count"":1},{""node"":""per::trump"",""label"":""Trump"",""count"":1},{""node"":""topic::endorsements_appointments"",""label"":""Endorsements Appointments"",""count"":1},{""node"":""topic::elections_campaigns"",""label"":""Elections Campaigns"",""count"":1},{""node"":""loc::j"",""label"":""J"",""count"":1},{""node"":""loc::n"",""label"":""N"",""count"":1},{""node"":""per::donald trump"",""label"":""Donald Trump"",""count"":1}]"
2009-W30,2009-07-20,2009-07-26,1,1,0,0,1,1,0,0,0,1,Media Communications,topic::media_communications,1,,,0,"[{""node"":""topic::media_communications"",""label"":""Media Communications"",""count"":1}]"
2009-W31,2009-07-27,2009-08-02,1,1,0,0,1,2,1,0,1,0,Social Culture Education,topic::social_culture_education,1,Donald Trump,per::donald trump,1,"[{""node"":""topic::social_culture_education"",""label"":""Social Culture Education"",""count"":1},{""node"":""per::donald trump"",""label"":""Donald Trump"",""count"":1}]"
2009-W32,2009-08-03,2009-08-09,1,1,0,0,1,3,3,0,1,0,Media Communications,topic::media_communications,1,Trump University,org::trump university,1,"[{""node"":""topic::media_communications"",""label"":""Media Communications"",""count"":1},{""node"":""org::trump university"",""label"":""Trump University"",""count"":1},{""node"":""per::donald trump"",""label"":""Donald Trump"",""count"":1}]"
2009-W33,2009-08-10,2009-08-16,2,2,0,0,2,6,6,0,0,2,Health Public Health,topic::health_public_health,1,Donald J,per::donald j,1,"[{""node"":""topic::health_public_health"",""label"":""Health Public Health"",""count"":1},{""node"":""per::donald j"",""label"":""Donald J"",""count"":1},{""node"":""per::trump"",""label"":""Trump"",""count"":1},{""node"":""topic::media_communications"",""label"":""Media Communications"",""count"":1},{""node"":""per::ivan"",""label"":""Ivan"",""count"":1},{""node"":""mention::ivankatrump"",""label"":""@ivankatrump"",""count"":1}]"
2009-W34,2009-08-17,2009-08-23,3,3,0,0,3,5,6,0,3,0,Media Communications,topic::media_communications,3,Bahamas,loc::bahamas,2,"[{""node"":""topic::media_communications"",""label"":""Media Communications"",""count"":3},{""node"":""loc::bahamas"",""label"":""Bahamas"",""count"":2},{""node"":""org::nbc"",""label"":""Nbc"",""count"":2},{""node"":""per::david letterman"",""label"":""David Letterman"",""count"":1},{""node"":""per::donald trump"",""label"":""Donald Trump"",""count"":1}]"
2009-W35,2009-08-24,2009-08-30,1,1,0,0,1,2,1,0,1,0,Media Communications,topic::media_communications,1,Donald Trump,per::donald trump,1,"[{""node"":""topic::media_communications"",""label"":""Media Communications"",""count"":1},{""node"":""per::donald trump"",""label"":""Donald Trump"",""count"":1}]"
2009-W36,2009-08-31,2009-09-06,1,1,0,0,1,2,1,0,1,0,Media Communications,topic::media_communications,1,Donald Trump,per::donald trump,1,"[{""node"":""topic::media_communications"",""label"":""Media Communications"",""count"":1},{""node"":""per::donald trump"",""label"":""Donald Trump"",""count"":1}]"
2009-W38,2009-09-14,2009-09-20,1,1,0,0,1,2,1,0,1,0,Media Communications,topic::media_communications,1,Donald Trump,per::donald trump,1,"[{""node"":""topic::media_communications"",""label"":""Media Communications"",""count"":1},{""node"":""per::donald trump"",""label"":""Donald Trump"",""count"":1}]"
2009-W40,2009-09-28,2009-10-04,1,1,0,0,1,3,3,0,1,0,Media Communications,topic::media_communications,1,Donald J,per::donald j,1,"[{""node"":""topic::media_communications"",""label"":""Media Communications"",""count"":1},{""node"":""per::donald j"",""label"":""Donald J"",""count"":1},{""node"":""per::trump"",""label"":""Trump"",""count"":1}]"
2009-W41,2009-10-05,2009-10-11,1,1,0,0,1,4,6,0,1,0,Media Communications,topic::media_communications,1,Donald Trump,per::donald trump,1,"[{""node"":""topic::media_communications"",""label"":""Media Communications"",""count"":1},{""node"":""per::donald trump"",""label"":""Donald Trump"",""count"":1},{""node"":""per::ivan"",""label"":""Ivan"",""count"":1},{""node"":""per::ka"",""label"":""Ka"",""count"":1}]"
2009-W42,2009-10-12,2009-10-18,1,1,0,0,1,3,3,0,1,0,Media Communications,topic::media_communications,1,Gma,org::gma,1,"[{""node"":""topic::media_communications"",""label"":""Media Communications"",""count"":1},{""node"":""org::gma"",""label"":""Gma"",""count"":1},{""node"":""per::ivan"",""label"":""Ivan"",""count"":1}]"
2009-W43,2009-10-19,2009-10-25,1,1,0,0,1,3,3,0,1,0,Media Communications,topic::media_communications,1,Donald Trump,per::donald trump,1,"[{""node"":""topic::media_communications"",""label"":""Media Communications"",""count"":1},{""node"":""per::donald trump"",""label"":""Donald Trump"",""count"":1},{""node"":""per::neil cavuto"",""label"":""Neil Cavuto"",""count"":1}]"
2009-W44,2009-10-26,2009-11-01,1,1,0,0,1,5,10,0,0,1,Endorsements Appointments,topic::endorsements_appointments,1,Donald Trump,per::donald trump,1,"[{""node"":""topic::endorsements_appointments"",""label"":""Endorsements Appointments"",""count"":1},{""node"":""per::donald trump"",""label"":""Donald Trump"",""count"":1},{""node"":""per::ivan"",""label"":""Ivan"",""count"":1},{""node"":""per::jared"",""label"":""Jared"",""count"":1},{""node"":""per::ka"",""label"":""Ka"",""count"":1}]"
2009-W45,2009-11-02,2009-11-08,1,1,0,0,1,3,3,0,0,1,Media Communications,topic::media_communications,1,Scotland,loc::scotland,1,"[{""node"":""topic::media_communications"",""label"":""Media Communications"",""count"":1},{""node"":""loc::scotland"",""label"":""Scotland"",""count"":1},{""node"":""org::trump international"",""label"":""Trump International"",""count"":1}]"
2009-W47,2009-11-16,2009-11-22,1,1,0,0,1,3,3,0,1,0,Media Communications,topic::media_communications,1,Donald Trump,per::donald trump,1,"[{""node"":""topic::media_communications"",""label"":""Media Communications"",""count"":1},{""node"":""per::donald trump"",""label"":""Donald Trump"",""count"":1},{""node"":""per::omarosa"",""label"":""Omarosa"",""count"":1}]"
2009-W48,2009-11-23,2009-11-29,1,1,0,0,1,1,0,0,0,1,Media Communications,topic::media_communications,1,,,0,"[{""node"":""topic::media_communications"",""label"":""Media Communications"",""count"":1}]"
2009-W49,2009-11-30,2009-12-06,1,1,0,0,1,4,6,0,0,1,Energy Environment,topic::energy_environment,1,Chicago,loc::chicago,1,"[{""node"":""topic::energy_environment"",""label"":""Energy Environment"",""count"":1},{""node"":""loc::chicago"",""label"":""Chicago"",""count"":1},{""node"":""loc::tower"",""label"":""Tower"",""count"":1},{""node"":""loc::trump"",""label"":""Trump"",""count"":1}]"
2009-W52,2009-12-21,2009-12-27,1,1,0,0,1,2,1,0,0,1,Health Public Health,topic::health_public_health,1,Donald Trump,per::donald trump,1,"[{""node"":""topic::health_public_health"",""label"":""Health Public Health"",""count"":1},{""node"":""per::donald trump"",""label"":""Donald Trump"",""count"":1}]"
2010-W02,2010-01-11,2010-01-17,2,2,0,0,2,4,4,0,0,2,Media Communications,topic::media_communications,2,Nbc,org::nbc,1,"[{""node"":""topic::media_communications"",""label"":""Media Communications"",""count"":2},{""node"":""org::nbc"",""label"":""Nbc"",""count"":1},{""node"":""org::a"",""label"":""A"",""count"":1},{""node"":""org::trump"",""label"":""Trump"",""count"":1}]"
2010-W03,2010-01-18,2010-01-24,2,2,0,0,2,5,10,0,1,1,Media Communications,topic::media_communications,2,Donald Trump,per::donald trump,2,"[{""node"":""topic::media_communications"",""label"":""Media Communications"",""count"":2},{""node"":""per::donald trump"",""label"":""Donald Trump"",""count"":2},{""node"":""loc::ca"",""label"":""Ca"",""count"":1},{""node"":""loc::la"",""label"":""La"",""count"":1},{""node"":""loc::t"",""label"":""T"",""count"":1}]"
2010-W05,2010-02-01,2010-02-07,1,1,0,0,1,1,0,0,0,1,Media Communications,topic::media_communications,1,,,0,"[{""node"":""topic::media_communications"",""label"":""Media Communications"",""count"":1}]"
2010-W06,2010-02-08,2010-02-14,2,2,0,0,2,2,1,0,2,0,Media Communications,topic::media_communications,2,Donald Trump,per::donald trump,2,"[{""node"":""topic::media_communications"",""label"":""Media Communications"",""count"":2},{""node"":""per::donald trump"",""label"":""Donald Trump"",""count"":2}]"
2010-W08,2010-02-22,2010-02-28,1,1,0,0,1,5,10,0,0,1,Endorsements Appointments,topic::endorsements_appointments,1,Qvc,org::qvc,1,"[{""node"":""topic::endorsements_appointments"",""label"":""Endorsements Appointments"",""count"":1},{""node"":""topic::media_communications"",""label"":""Media Communications"",""count"":1},{""node"":""org::qvc"",""label"":""Qvc"",""count"":1},{""node"":""per::donald trump"",""label"":""Donald Trump"",""count"":1},{""node"":""per::mel"",""label"":""Mel"",""count"":1}]"
2010-W09,2010-03-01,2010-03-07,1,1,0,0,1,4,6,0,0,1,Media Communications,topic::media_communications,1,A,loc::a,1,"[{""node"":""topic::media_communications"",""label"":""Media Communications"",""count"":1},{""node"":""loc::a"",""label"":""A"",""count"":1},{""node"":""loc::palm beach"",""label"":""Palm Beach"",""count"":1},{""node"":""per::donald trump"",""label"":""Donald Trump"",""count"":1}]"
2010-W10,2010-03-08,2010-03-14,1,1,0,0,1,2,1,0,0,1,Media Communications,topic::media_communications,1,Nbc,org::nbc,1,"[{""node"":""topic::media_communications"",""label"":""Media Communications"",""count"":1},{""node"":""org::nbc"",""label"":""Nbc"",""count"":1}]"
2010-W11,2010-03-15,2010-03-21,4,4,0,0,4,3,1,0,0,4,Media Communications,topic::media_communications,3,Nbc,org::nbc,1,"[{""node"":""topic::media_communications"",""label"":""Media Communications"",""count"":3},{""node"":""topic::health_public_health"",""label"":""Health Public Health"",""count"":1},{""node"":""org::nbc"",""label"":""Nbc"",""count"":1}]"
2010-W12,2010-03-22,2010-03-28,2,2,0,0,2,2,0,0,2,0,Media Communications,topic::media_communications,1,,,0,"[{""node"":""topic::media_communications"",""label"":""Media Communications"",""count"":1},{""node"":""topic::endorsements_appointments"",""label"":""Endorsements Appointments"",""count"":1}]"
2010-W13,2010-03-29,2010-04-04,3,3,0,0,3,7,13,0,1,2,Media Communications,topic::media_communications,3,Trump Tower,loc::trump tower,2,"[{""node"":""topic::media_communications"",""label"":""Media Communications"",""count"":3},{""node"":""loc::trump tower"",""label"":""Trump Tower"",""count"":2},{""node"":""loc::nyc"",""label"":""Nyc"",""count"":1},{""node"":""org::com"",""label"":""Com"",""count"":1},{""node"":""org::nbc"",""label"":""Nbc"",""count"":1},{""node"":""topic::health_public_health"",""label"":""Health Public Health"",""count"":1},{""node"":""topic::energy_environment"",""label"":""Energy Environment"",""count"":1}]"
2010-W14,2010-04-05,2010-04-11,5,5,0,0,5,7,5,0,0,5,Media Communications,topic::media_communications,3,Central Park,loc::central park,1,"[{""node"":""topic::media_communications"",""label"":""Media Communications"",""count"":3},{""node"":""loc::central park"",""label"":""Central Park"",""count"":1},{""node"":""per::mel"",""label"":""Mel"",""count"":1},{""node"":""topic::defense_military_veterans"",""label"":""Defense Military Veterans"",""count"":1},{""node"":""per::sean"",""label"":""Sean"",""count"":1},{""node"":""topic::social_culture_education"",""label"":""Social Culture Education"",""count"":1},{""node"":""loc::new york"",""label"":""New York"",""count"":1}]"
2010-W15,2010-04-12,2010-04-18,4,4,0,0,4,4,2,0,1,3,Media Communications,topic::media_communications,3,Donald J. Trump,per::donald j. trump,1,"[{""node"":""topic::media_communications"",""label"":""Media Communications"",""count"":3},{""node"":""per::donald j. trump"",""label"":""Donald J. Trump"",""count"":1},{""node"":""topic::social_culture_education"",""label"":""Social Culture Education"",""count"":1},{""node"":""loc::palm beach"",""label"":""Palm Beach"",""count"":1}]"
2010-W16,2010-04-19,2010-04-25,4,4,0,0,4,8,12,0,1,3,Media Communications,topic::media_communications,3,Nbc,org::nbc,2,"[{""node"":""topic::media_communications"",""label"":""Media Communications"",""count"":3},{""node"":""org::nbc"",""label"":""Nbc"",""count"":2},{""node"":""per::mel"",""label"":""Mel"",""count"":2},{""node"":""topic::endorsements_appointments"",""label"":""Endorsements Appointments"",""count"":1},{""node"":""per::ania"",""label"":""Ania"",""count"":1},{""node"":""org::cbs"",""label"":""Cbs"",""count"":1},{""node"":""per::tu"",""label"":""Tu"",""count"":1},{""node"":""loc::las vegas"",""label"":""Las Vegas"",""count"":1}]"
2010-W17,2010-04-26,2010-05-02,4,4,0,0,4,9,16,0,0,4,Media Communications,topic::media_communications,4,Qvc,org::qvc,2,"[{""node"":""topic::media_communications"",""label"":""Media Communications"",""count"":4},{""node"":""org::qvc"",""label"":""Qvc"",""count"":2},{""node"":""per::mel"",""label"":""Mel"",""count"":2},{""node"":""per::b"",""label"":""B"",""count"":1},{""node"":""topic::health_public_health"",""label"":""Health Public Health"",""count"":1},{""node"":""org::cnn"",""label"":""Cnn"",""count"":1},{""node"":""per::melania"",""label"":""Melania"",""count"":1},{""node"":""org::&"",""label"":""&"",""count"":1},{""node"":""per::ania trump"",""label"":""Ania Trump"",""count"":1}]"
2010-W18,2010-05-03,2010-05-09,4,4,0,0,4,7,8,0,1,3,Media Communications,topic::media_communications,3,Nbc,org::nbc,1,"[{""node"":""topic::media_communications"",""label"":""Media Communications"",""count"":3},{""node"":""org::nbc"",""label"":""Nbc"",""count"":1},{""node"":""topic::endorsements_appointments"",""label"":""Endorsements Appointments"",""count"":1},{""node"":""per::joan"",""label"":""Joan"",""count"":1},{""node"":""topic::defense_military_veterans"",""label"":""Defense Military Veterans"",""count"":1},{""node"":""topic::health_public_health"",""label"":""Health Public Health"",""count"":1},{""node"":""per::b"",""label"":""B"",""count"":1}]"
2010-W19,2010-05-10,2010-05-16,1,1,0,0,1,3,3,0,0,1,Media Communications,topic::media_communications,1,Las Vegas,loc::las vegas,1,"[{""node"":""topic::media_communications"",""label"":""Media Communications"",""count"":1},{""node"":""loc::las vegas"",""label"":""Las Vegas"",""count"":1},{""node"":""org::nbc"",""label"":""Nbc"",""count"":1}]"
2010-W20,2010-05-17,2010-05-23,5,5,0,0,5,6,6,0,3,2,Media Communications,topic::media_communications,5,R,per::r,1,"[{""node"":""topic::media_communications"",""label"":""Media Communications"",""count"":5},{""node"":""per::r"",""label"":""R"",""count"":1},{""node"":""org::nbc"",""label"":""Nbc"",""count"":1},{""node"":""per::b"",""label"":""B"",""count"":1},{""node"":""topic::health_public_health"",""label"":""Health Public Health"",""count"":1},{""node"":""mention::bretmichaels"",""label"":""@bretmichaels"",""count"":1}]"
2010-W21,2010-05-24,2010-05-30,7,7,0,0,7,7,6,0,0,7,Media Communications,topic::media_communications,2,B,per::b,2,"[{""node"":""per::b"",""label"":""B"",""count"":2},{""node"":""per::ret"",""label"":""Ret"",""count"":2},{""node"":""topic::media_communications"",""label"":""Media Communications"",""count"":2},{""node"":""topic::energy_environment"",""label"":""Energy Environment"",""count"":2},{""node"":""topic::defense_military_veterans"",""label"":""Defense Military Veterans"",""count"":2},{""node"":""topic::endorsements_appointments"",""label"":""Endorsements Appointments"",""count"":1},{""node"":""loc::scotland"",""label"":""Scotland"",""count"":1}]"
2010-W22,2010-05-31,2010-06-06,4,4,0,0,4,6,10,0,0,4,Media Communications,topic::media_communications,3,Cnn,org::cnn,2,"[{""node"":""topic::media_communications"",""label"":""Media Communications"",""count"":3},{""node"":""org::cnn"",""label"":""Cnn"",""count"":2},{""node"":""topic::social_culture_education"",""label"":""Social Culture Education"",""count"":1},{""node"":""topic::health_public_health"",""label"":""Health Public Health"",""count"":1},{""node"":""per::king"",""label"":""King"",""count"":1},{""node"":""per::larry"",""label"":""Larry"",""count"":1}]"
2010-W23,2010-06-07,2010-06-13,4,4,0,0,4,7,10,0,2,2,Media Communications,topic::media_communications,3,Trump Tower,loc::trump tower,1,"[{""node"":""topic::media_communications"",""label"":""Media Communications"",""count"":3},{""node"":""topic::endorsements_appointments"",""label"":""Endorsements Appointments"",""count"":2},{""node"":""loc::trump tower"",""label"":""Trump Tower"",""count"":1},{""node"":""per::r"",""label"":""R"",""count"":1},{""node"":""org::j"",""label"":""J"",""count"":1},{""node"":""org::ny"",""label"":""Ny"",""count"":1},{""node"":""org::wsj"",""label"":""Wsj"",""count"":1}]"
2010-W24,2010-06-14,2010-06-20,4,4,0,0,4,3,2,0,2,2,Media Communications,topic::media_communications,4,Trump,loc::trump,1,"[{""node"":""topic::media_communications"",""label"":""Media Communications"",""count"":4},{""node"":""loc::trump"",""label"":""Trump"",""count"":1},{""node"":""per::omarosa"",""label"":""Omarosa"",""count"":1}]"
2010-W25,2010-06-21,2010-06-27,4,4,0,0,4,5,7,0,2,2,Media Communications,topic::media_communications,3,Ivan,per::ivan,1,"[{""node"":""topic::media_communications"",""label"":""Media Communications"",""count"":3},{""node"":""topic::health_public_health"",""label"":""Health Public Health"",""count"":2},{""node"":""per::ivan"",""label"":""Ivan"",""count"":1},{""node"":""per::ka"",""label"":""Ka"",""count"":1},{""node"":""per::mel"",""label"":""Mel"",""count"":1}]"
2010-W26,2010-06-28,2010-07-04,4,4,0,0,4,8,10,0,1,3,Media Communications,topic::media_communications,3,Wall Street Journal,org::wall street journal,1,"[{""node"":""topic::media_communications"",""label"":""Media Communications"",""count"":3},{""node"":""org::wall street journal"",""label"":""Wall Street Journal"",""count"":1},{""node"":""per::donald trump"",""label"":""Donald Trump"",""count"":1},{""node"":""topic::energy_environment"",""label"":""Energy Environment"",""count"":1},{""node"":""loc::scotland"",""label"":""Scotland"",""count"":1},{""node"":""org::cnn"",""label"":""Cnn"",""count"":1},{""node"":""per::king"",""label"":""King"",""count"":1},{""node"":""per::larry"",""label"":""Larry"",""count"":1}]"
2010-W27,2010-07-05,2010-07-11,1,1,0,0,1,1,0,0,0,1,Endorsements Appointments,topic::endorsements_appointments,1,,,0,"[{""node"":""topic::endorsements_appointments"",""label"":""Endorsements Appointments"",""count"":1}]"
2010-W28,2010-07-12,2010-07-18,1,1,0,0,1,2,1,0,0,1,Health Public Health,topic::health_public_health,1,New York,loc::new york,1,"[{""node"":""topic::health_public_health"",""label"":""Health Public Health"",""count"":1},{""node"":""loc::new york"",""label"":""New York"",""count"":1}]"
2010-W29,2010-07-19,2010-07-25,4,4,0,0,4,4,1,0,1,3,Social Culture Education,topic::social_culture_education,2,Westchester,loc::westchester,1,"[{""node"":""topic::social_culture_education"",""label"":""Social Culture Education"",""count"":2},{""node"":""topic::endorsements_appointments"",""label"":""Endorsements Appointments"",""count"":1},{""node"":""loc::westchester"",""label"":""Westchester"",""count"":1},{""node"":""topic::media_communications"",""label"":""Media Communications"",""count"":1}]"
2010-W30,2010-07-26,2010-08-01,4,4,0,0,4,5,4,0,1,3,Media Communications,topic::media_communications,3,Las Vegas,loc::las vegas,1,"[{""node"":""topic::media_communications"",""label"":""Media Communications"",""count"":3},{""node"":""topic::endorsements_appointments"",""label"":""Endorsements Appointments"",""count"":1},{""node"":""loc::las vegas"",""label"":""Las Vegas"",""count"":1},{""node"":""loc::trump"",""label"":""Trump"",""count"":1},{""node"":""loc::vegas"",""label"":""Vegas"",""count"":1}]"
2010-W31,2010-08-02,2010-08-08,2,2,0,0,2,4,6,0,2,0,Media Communications,topic::media_communications,2,Las Vegas,loc::las vegas,1,"[{""node"":""topic::media_communications"",""label"":""Media Communications"",""count"":2},{""node"":""loc::las vegas"",""label"":""Las Vegas"",""count"":1},{""node"":""org::nbc"",""label"":""Nbc"",""count"":1},{""node"":""per::b"",""label"":""B"",""count"":1}]"
2010-W32,2010-08-09,2010-08-15,7,7,0,0,7,8,13,0,3,4,Media Communications,topic::media_communications,6,Westchester,loc::westchester,1,"[{""node"":""topic::media_communications"",""label"":""Media Communications"",""count"":6},{""node"":""topic::health_public_health"",""label"":""Health Public Health"",""count"":1},{""node"":""loc::westchester"",""label"":""Westchester"",""count"":1},{""node"":""per::eric"",""label"":""Eric"",""count"":1},{""node"":""loc::las vegas"",""label"":""Las Vegas"",""count"":1},{""node"":""loc::trump"",""label"":""Trump"",""count"":1},{""node"":""loc::trump international hotel"",""label"":""Trump International Hotel"",""count"":1},{""node"":""loc::vegas"",""label"":""Vegas"",""count"":1}]"
2010-W33,2010-08-16,2010-08-22,2,2,0,0,2,2,1,0,0,2,Media Communications,topic::media_communications,2,Nbc,org::nbc,1,"[{""node"":""topic::media_communications"",""label"":""Media Communications"",""count"":2},{""node"":""org::nbc"",""label"":""Nbc"",""count"":1}]"
2010-W34,2010-08-23,2010-08-29,3,3,0,0,3,4,4,0,0,3,Media Communications,topic::media_communications,3,Las Vegas,loc::las vegas,1,"[{""node"":""topic::media_communications"",""label"":""Media Communications"",""count"":3},{""node"":""loc::las vegas"",""label"":""Las Vegas"",""count"":1},{""node"":""org::nbc"",""label"":""Nbc"",""count"":1},{""node"":""per::jim"",""label"":""Jim"",""count"":1}]"
2010-W35,2010-08-30,2010-09-05,5,5,0,0,5,14,22,0,1,4,Media Communications,topic::media_communications,3,Bedminster,loc::bedminster,1,"[{""node"":""topic::media_communications"",""label"":""Media Communications"",""count"":3},{""node"":""topic::energy_environment"",""label"":""Energy Environment"",""count"":1},{""node"":""loc::bedminster"",""label"":""Bedminster"",""count"":1},{""node"":""loc::trump national golf club"",""label"":""Trump National Golf Club"",""count"":1},{""node"":""loc::westchester"",""label"":""Westchester"",""count"":1},{""node"":""org::yankees"",""label"":""Yankees"",""count"":1},{""node"":""per::bill o ' reilly"",""label"":""Bill O ' Reilly"",""count"":1},{""node"":""org::cbs"",""label"":""Cbs"",""count"":1},{""node"":""per::david letterman"",""label"":""David Letterman"",""count"":1},{""node"":""topic::social_culture_education"",""label"":""Social Culture Education"",""count"":1},{""node"":""loc::trump"",""label"":""Trump"",""count"":1},{""node"":""loc::york"",""label"":""York"",""count"":1}]"
2010-W36,2010-09-06,2010-09-12,3,3,0,0,3,3,2,0,2,1,Media Communications,topic::media_communications,3,Nbc,org::nbc,1,"[{""node"":""topic::media_communications"",""label"":""Media Communications"",""count"":3},{""node"":""topic::endorsements_appointments"",""label"":""Endorsements Appointments"",""count"":1},{""node"":""org::nbc"",""label"":""Nbc"",""count"":1}]"
2010-W37,2010-09-13,2010-09-19,4,4,0,0,4,5,5,0,1,3,Media Communications,topic::media_communications,4,Eric,per::eric,1,"[{""node"":""topic::media_communications"",""label"":""Media Communications"",""count"":4},{""node"":""per::eric"",""label"":""Eric"",""count"":1},{""node"":""org::nbc"",""label"":""Nbc"",""count"":1},{""node"":""org::qvc"",""label"":""Qvc"",""count"":1},{""node"":""per::melania"",""label"":""Melania"",""count"":1}]"
2010-W38,2010-09-20,2010-09-26,2,2,0,0,2,2,1,0,1,1,Media Communications,topic::media_communications,2,Nbc,org::nbc,1,"[{""node"":""topic::media_communications"",""label"":""Media Communications"",""count"":2},{""node"":""org::nbc"",""label"":""Nbc"",""count"":1}]"
2010-W39,2010-09-27,2010-10-03,2,2,0,0,2,5,6,0,1,1,Media Communications,topic::media_communications,2,Nbc,org::nbc,1,"[{""node"":""topic::media_communications"",""label"":""Media Communications"",""count"":2},{""node"":""org::nbc"",""label"":""Nbc"",""count"":1},{""node"":""per::per"",""label"":""Per"",""count"":1},{""node"":""topic::endorsements_appointments"",""label"":""Endorsements Appointments"",""count"":1},{""node"":""per::ivan"",""label"":""Ivan"",""count"":1}]"
2010-W40,2010-10-04,2010-10-10,3,3,0,0,3,5,5,0,0,3,Media Communications,topic::media_communications,2,Scotland,loc::scotland,2,"[{""node"":""loc::scotland"",""label"":""Scotland"",""count"":2},{""node"":""topic::media_communications"",""label"":""Media Communications"",""count"":2},{""node"":""topic::endorsements_appointments"",""label"":""Endorsements Appointments"",""count"":1},{""node"":""loc::aberdeen"",""label"":""Aberdeen"",""count"":1},{""node"":""org::nbc"",""label"":""Nbc"",""count"":1}]"
2010-W41,2010-10-11,2010-10-17,2,2,0,0,2,3,1,0,1,1,Media Communications,topic::media_communications,1,Nbc,org::nbc,1,"[{""node"":""topic::media_communications"",""label"":""Media Communications"",""count"":1},{""node"":""org::nbc"",""label"":""Nbc"",""count"":1},{""node"":""topic::endorsements_appointments"",""label"":""Endorsements Appointments"",""count"":1}]"
2010-W42,2010-10-18,2010-10-24,1,1,0,0,1,2,1,0,0,1,Media Communications,topic::media_communications,1,Nbc,org::nbc,1,"[{""node"":""topic::media_communications"",""label"":""Media Communications"",""count"":1},{""node"":""org::nbc"",""label"":""Nbc"",""count"":1}]"
2010-W43,2010-10-25,2010-10-31,2,2,0,0,2,2,1,0,0,2,Media Communications,topic::media_communications,2,Nbc,org::nbc,2,"[{""node"":""topic::media_communications"",""label"":""Media Communications"",""count"":2},{""node"":""org::nbc"",""label"":""Nbc"",""count"":2}]"
2010-W44,2010-11-01,2010-11-07,2,2,0,0,2,6,7,0,1,1,Media Communications,topic::media_communications,1,Fox News,org::fox news,1,"[{""node"":""topic::media_communications"",""label"":""Media Communications"",""count"":1},{""node"":""org::fox news"",""label"":""Fox News"",""count"":1},{""node"":""per::g"",""label"":""G"",""count"":1},{""node"":""per::reta van susteren"",""label"":""Reta Van Susteren"",""count"":1},{""node"":""topic::endorsements_appointments"",""label"":""Endorsements Appointments"",""count"":1},{""node"":""org::nbc"",""label"":""Nbc"",""count"":1}]"
2010-W45,2010-11-08,2010-11-14,1,1,0,0,1,2,1,0,0,1,Media Communications,topic::media_communications,1,Nbc,org::nbc,1,"[{""node"":""topic::media_communications"",""label"":""Media Communications"",""count"":1},{""node"":""org::nbc"",""label"":""Nbc"",""count"":1}]"
2010-W46,2010-11-15,2010-11-21,3,3,0,0,3,5,5,0,1,2,Media Communications,topic::media_communications,3,G,per::g,1,"[{""node"":""topic::media_communications"",""label"":""Media Communications"",""count"":3},{""node"":""per::g"",""label"":""G"",""count"":1},{""node"":""per::reta van susteren"",""label"":""Reta Van Susteren"",""count"":1},{""node"":""org::nbc"",""label"":""Nbc"",""count"":1},{""node"":""per::donald trump"",""label"":""Donald Trump"",""count"":1}]"
2010-W47,2010-11-22,2010-11-28,4,4,0,0,4,8,10,0,1,3,Media Communications,topic::media_communications,3,Obama,per::obama,1,"[{""node"":""topic::media_communications"",""label"":""Media Communications"",""count"":3},{""node"":""topic::defense_military_veterans"",""label"":""Defense Military Veterans"",""count"":1},{""node"":""per::obama"",""label"":""Obama"",""count"":1},{""node"":""per::pre"",""label"":""Pre"",""count"":1},{""node"":""org::cnn"",""label"":""Cnn"",""count"":1},{""node"":""org::nbc"",""label"":""Nbc"",""count"":1},{""node"":""org::qvc"",""label"":""Qvc"",""count"":1},{""node"":""per::hi"",""label"":""Hi"",""count"":1}]"
2010-W48,2010-11-29,2010-12-05,2,2,0,0,2,2,1,0,0,2,Endorsements Appointments,topic::endorsements_appointments,2,Nbc,org::nbc,1,"[{""node"":""topic::endorsements_appointments"",""label"":""Endorsements Appointments"",""count"":2},{""node"":""org::nbc"",""label"":""Nbc"",""count"":1}]"
2010-W49,2010-12-06,2010-12-12,2,2,0,0,2,2,1,0,0,2,Endorsements Appointments,topic::endorsements_appointments,2,Brand,per::brand,1,"[{""node"":""topic::endorsements_appointments"",""label"":""Endorsements Appointments"",""count"":2},{""node"":""per::brand"",""label"":""Brand"",""count"":1}]"
2010-W50,2010-12-13,2010-12-19,5,5,0,0,5,7,7,0,2,3,Media Communications,topic::media_communications,4,Cnn,org::cnn,2,"[{""node"":""topic::media_communications"",""label"":""Media Communications"",""count"":4},{""node"":""org::cnn"",""label"":""Cnn"",""count"":2},{""node"":""topic::energy_environment"",""label"":""Energy Environment"",""count"":1},{""node"":""loc::new york"",""label"":""New York"",""count"":1},{""node"":""loc::las vegas"",""label"":""Las Vegas"",""count"":1},{""node"":""loc::tower"",""label"":""Tower"",""count"":1},{""node"":""per::larry"",""label"":""Larry"",""count"":1}]"
2010-W51,2010-12-20,2010-12-26,1,1,0,0,1,1,0,0,0,1,Media Communications,topic::media_communications,1,,,0,"[{""node"":""topic::media_communications"",""label"":""Media Communications"",""count"":1}]"
2010-W52,2010-12-27,2011-01-02,1,1,0,0,1,1,0,0,0,1,Health Public Health,topic::health_public_health,1,,,0,"[{""node"":""topic::health_public_health"",""label"":""Health Public Health"",""count"":1}]"
2011-W02,2011-01-10,2011-01-16,3,3,0,0,3,7,15,0,1,2,Media Communications,topic::media_communications,3,Nbc,org::nbc,2,"[{""node"":""topic::media_communications"",""label"":""Media Communications"",""count"":3},{""node"":""topic::health_public_health"",""label"":""Health Public Health"",""count"":3},{""node"":""org::nbc"",""label"":""Nbc"",""count"":2},{""node"":""per::jimmy fallon"",""label"":""Jimmy Fallon"",""count"":2},{""node"":""topic::energy_environment"",""label"":""Energy Environment"",""count"":1},{""node"":""org::f"",""label"":""F"",""count"":1},{""node"":""per::neil cavuto"",""label"":""Neil Cavuto"",""count"":1}]"
2011-W03,2011-01-17,2011-01-23,2,2,0,0,2,3,3,0,1,1,Media Communications,topic::media_communications,2,Fox & Friends,org::fox & friends,1,"[{""node"":""topic::media_communications"",""label"":""Media Communications"",""count"":2},{""node"":""org::fox & friends"",""label"":""Fox & Friends"",""count"":1},{""node"":""per::neil cavuto"",""label"":""Neil Cavuto"",""count"":1}]"
2011-W04,2011-01-24,2011-01-30,2,2,0,0,2,3,2,1,1,0,Energy Environment,topic::energy_environment,2,China,loc::china,1,"[{""node"":""topic::energy_environment"",""label"":""Energy Environment"",""count"":2},{""node"":""loc::china"",""label"":""China"",""count"":1},{""node"":""loc::america"",""label"":""America"",""count"":1}]"
2011-W05,2011-01-31,2011-02-06,2,2,0,0,2,3,3,0,1,1,Media Communications,topic::media_communications,2,Qvc,org::qvc,1,"[{""node"":""topic::media_communications"",""label"":""Media Communications"",""count"":2},{""node"":""org::qvc"",""label"":""Qvc"",""count"":1},{""node"":""per::mel"",""label"":""Mel"",""count"":1}]"
2011-W06,2011-02-07,2011-02-13,3,3,0,0,3,7,13,0,1,2,Media Communications,topic::media_communications,3,Morgan,per::morgan,1,"[{""node"":""topic::media_communications"",""label"":""Media Communications"",""count"":3},{""node"":""per::morgan"",""label"":""Morgan"",""count"":1},{""node"":""per::pier"",""label"":""Pier"",""count"":1},{""node"":""topic::health_public_health"",""label"":""Health Public Health"",""count"":1},{""node"":""topic::energy_environment"",""label"":""Energy Environment"",""count"":1},{""node"":""loc::washington dc"",""label"":""Washington Dc"",""count"":1},{""node"":""org::cpac"",""label"":""Cpac"",""count"":1}]"
2011-W07,2011-02-14,2011-02-20,8,8,0,0,8,13,21,0,7,1,Media Communications,topic::media_communications,6,Cnn,org::cnn,1,"[{""node"":""topic::media_communications"",""label"":""Media Communications"",""count"":6},{""node"":""topic::health_public_health"",""label"":""Health Public Health"",""count"":3},{""node"":""org::cnn"",""label"":""Cnn"",""count"":1},{""node"":""loc::dc"",""label"":""Dc"",""count"":1},{""node"":""loc::washington"",""label"":""Washington"",""count"":1},{""node"":""org::cpac"",""label"":""Cpac"",""count"":1},{""node"":""org::foxnews"",""label"":""Foxnews"",""count"":1},{""node"":""topic::elections_campaigns"",""label"":""Elections Campaigns"",""count"":1},{""node"":""per::donald"",""label"":""Donald"",""count"":1},{""node"":""topic::endorsements_appointments"",""label"":""Endorsements Appointments"",""count"":1},{""node"":""per::hi"",""label"":""Hi"",""count"":1},{""node"":""per::donald trump"",""label"":""Donald Trump"",""count"":1}]"
2011-W08,2011-02-21,2011-02-27,2,2,0,0,2,4,4,0,2,0,Media Communications,topic::media_communications,2,Donald Trump,per::donald trump,1,"[{""node"":""topic::media_communications"",""label"":""Media Communications"",""count"":2},{""node"":""per::donald trump"",""label"":""Donald Trump"",""count"":1},{""node"":""topic::health_public_health"",""label"":""Health Public Health"",""count"":1},{""node"":""topic::energy_environment"",""label"":""Energy Environment"",""count"":1}]"
2011-W09,2011-02-28,2011-03-06,7,7,0,0,7,6,7,0,5,2,Media Communications,topic::media_communications,7,Donald Trump,per::donald trump,2,"[{""node"":""topic::media_communications"",""label"":""Media Communications"",""count"":7},{""node"":""per::donald trump"",""label"":""Donald Trump"",""count"":2},{""node"":""topic::health_public_health"",""label"":""Health Public Health"",""count"":2},{""node"":""topic::energy_environment"",""label"":""Energy Environment"",""count"":1},{""node"":""org::nbc"",""label"":""Nbc"",""count"":1},{""node"":""per::david letterman"",""label"":""David Letterman"",""count"":1}]"
2011-W10,2011-03-07,2011-03-13,5,5,0,0,5,5,7,0,3,2,Media Communications,topic::media_communications,4,Neil Cavuto,per::neil cavuto,1,"[{""node"":""topic::media_communications"",""label"":""Media Communications"",""count"":4},{""node"":""topic::energy_environment"",""label"":""Energy Environment"",""count"":2},{""node"":""topic::health_public_health"",""label"":""Health Public Health"",""count"":1},{""node"":""per::neil cavuto"",""label"":""Neil Cavuto"",""count"":1},{""node"":""org::nbc"",""label"":""Nbc"",""count"":1}]"
2011-W11,2011-03-14,2011-03-20,14,14,0,0,14,13,18,1,8,5,Media Communications,topic::media_communications,12,Fox News,org::fox news,1,"[{""node"":""topic::media_communications"",""label"":""Media Communications"",""count"":12},{""node"":""topic::health_public_health"",""label"":""Health Public Health"",""count"":2},{""node"":""mention::lisalampanelli"",""label"":""@lisalampanelli"",""count"":1},{""node"":""topic::social_culture_education"",""label"":""Social Culture Education"",""count"":1},{""node"":""topic::elections_campaigns"",""label"":""Elections Campaigns"",""count"":1},{""node"":""org::fox news"",""label"":""Fox News"",""count"":1},{""node"":""topic::energy_environment"",""label"":""Energy Environment"",""count"":1},{""node"":""org::gma"",""label"":""Gma"",""count"":1},{""node"":""mention::gma"",""label"":""@gma"",""count"":1},{""node"":""org::cnbc"",""label"":""Cnbc"",""count"":1},{""node"":""per::larry kudlow"",""label"":""Larry Kudlow"",""count"":1},{""node"":""per::donald trump"",""label"":""Donald Trump"",""count"":1}]"
2011-W12,2011-03-21,2011-03-27,7,7,0,0,7,6,9,0,6,1,Media Communications,topic::media_communications,6,Fox And Friends,org::fox and friends,1,"[{""node"":""topic::media_communications"",""label"":""Media Communications"",""count"":6},{""node"":""topic::health_public_health"",""label"":""Health Public Health"",""count"":3},{""node"":""topic::energy_environment"",""label"":""Energy Environment"",""count"":1},{""node"":""org::fox and friends"",""label"":""Fox And Friends"",""count"":1},{""node"":""org::g"",""label"":""G"",""count"":1},{""node"":""org::cnn"",""label"":""Cnn"",""count"":1}]"
2011-W13,2011-03-28,2011-04-03,7,7,0,0,7,9,11,0,5,2,Media Communications,topic::media_communications,6,Donald J. Trump,per::donald j. trump,1,"[{""node"":""topic::media_communications"",""label"":""Media Communications"",""count"":6},{""node"":""topic::health_public_health"",""label"":""Health Public Health"",""count"":2},{""node"":""topic::energy_environment"",""label"":""Energy Environment"",""count"":2},{""node"":""topic::endorsements_appointments"",""label"":""Endorsements Appointments"",""count"":1},{""node"":""per::donald j. trump"",""label"":""Donald J. Trump"",""count"":1},{""node"":""org::f"",""label"":""F"",""count"":1},{""node"":""org::fox news"",""label"":""Fox News"",""count"":1},{""node"":""per::bill o ' reilly"",""label"":""Bill O ' Reilly"",""count"":1},{""node"":""org::nbc"",""label"":""Nbc"",""count"":1}]"
2011-W15,2011-04-11,2011-04-17,1,1,0,0,1,3,3,0,0,1,Media Communications,topic::media_communications,1,,,0,"[{""node"":""topic::media_communications"",""label"":""Media Communications"",""count"":1},{""node"":""topic::health_public_health"",""label"":""Health Public Health"",""count"":1},{""node"":""hashtag::trumpvlog"",""label"":""#trumpvlog"",""count"":1}]"
2011-W16,2011-04-18,2011-04-24,1,1,0,0,1,4,6,0,1,0,Endorsements Appointments,topic::endorsements_appointments,1,,,0,"[{""node"":""topic::endorsements_appointments"",""label"":""Endorsements Appointments"",""count"":1},{""node"":""topic::media_communications"",""label"":""Media Communications"",""count"":1},{""node"":""mention::todayshow"",""label"":""@todayshow"",""count"":1},{""node"":""mention::gma"",""label"":""@gma"",""count"":1}]"
2011-W17,2011-04-25,2011-05-01,2,2,0,0,2,6,11,0,2,0,Media Communications,topic::media_communications,2,Nbc,org::nbc,1,"[{""node"":""topic::media_communications"",""label"":""Media Communications"",""count"":2},{""node"":""topic::social_culture_education"",""label"":""Social Culture Education"",""count"":1},{""node"":""mention::donaldjtrumpjr"",""label"":""@donaldjtrumpjr"",""count"":1},{""node"":""mention::ivankatrump"",""label"":""@ivankatrump"",""count"":1},{""node"":""mention::erictrump"",""label"":""@erictrump"",""count"":1},{""node"":""org::nbc"",""label"":""Nbc"",""count"":1}]"
2011-W18,2011-05-02,2011-05-08,1,1,0,0,1,2,1,0,1,0,Elections Campaigns,topic::elections_campaigns,1,,,0,"[{""node"":""topic::elections_campaigns"",""label"":""Elections Campaigns"",""count"":1},{""node"":""mention::oreillyfactor"",""label"":""@oreillyfactor"",""count"":1}]"
2011-W19,2011-05-09,2011-05-15,3,3,0,0,3,5,7,0,2,1,Media Communications,topic::media_communications,3,,,0,"[{""node"":""topic::media_communications"",""label"":""Media Communications"",""count"":3},{""node"":""topic::health_public_health"",""label"":""Health Public Health"",""count"":1},{""node"":""topic::energy_environment"",""label"":""Energy Environment"",""count"":1},{""node"":""mention::foxandfriends"",""label"":""@foxandfriends"",""count"":1},{""node"":""hashtag::trumpvlog"",""label"":""#trumpvlog"",""count"":1}]"
2011-W20,2011-05-16,2011-05-22,5,5,0,0,5,7,5,0,3,2,Media Communications,topic::media_communications,3,Trump,per::trump,1,"[{""node"":""topic::media_communications"",""label"":""Media Communications"",""count"":3},{""node"":""per::trump"",""label"":""Trump"",""count"":1},{""node"":""topic::elections_campaigns"",""label"":""Elections Campaigns"",""count"":1},{""node"":""topic::energy_environment"",""label"":""Energy Environment"",""count"":1},{""node"":""hashtag::missusa"",""label"":""#missusa"",""count"":1},{""node"":""hashtag::trumpvlog"",""label"":""#trumpvlog"",""count"":1},{""node"":""mention::apprenticenbc"",""label"":""@apprenticenbc"",""count"":1}]"
2011-W21,2011-05-23,2011-05-29,4,4,0,0,4,8,10,0,2,2,Media Communications,topic::media_communications,3,Mar,per::mar,1,"[{""node"":""topic::media_communications"",""label"":""Media Communications"",""count"":3},{""node"":""mention::foxandfriends"",""label"":""@foxandfriends"",""count"":1},{""node"":""topic::endorsements_appointments"",""label"":""Endorsements Appointments"",""count"":1},{""node"":""per::mar"",""label"":""Mar"",""count"":1},{""node"":""topic::energy_environment"",""label"":""Energy Environment"",""count"":1},{""node"":""loc::trump tower"",""label"":""Trump Tower"",""count"":1},{""node"":""hashtag::missusa"",""label"":""#missusa"",""count"":1},{""node"":""topic::defense_military_veterans"",""label"":""Defense Military Veterans"",""count"":1}]"
2011-W22,2011-05-30,2011-06-05,3,3,0,0,3,6,9,0,3,0,Media Communications,topic::media_communications,3,,,0,"[{""node"":""topic::media_communications"",""label"":""Media Communications"",""count"":3},{""node"":""hashtag::trumpvlog"",""label"":""#trumpvlog"",""count"":2},{""node"":""mention::sarahpalinusa"",""label"":""@sarahpalinusa"",""count"":1},{""node"":""topic::health_public_health"",""label"":""Health Public Health"",""count"":1},{""node"":""topic::endorsements_appointments"",""label"":""Endorsements Appointments"",""count"":1},{""node"":""mention::foxandfriends"",""label"":""@foxandfriends"",""count"":1}]"
2011-W23,2011-06-06,2011-06-12,3,3,0,0,3,6,9,0,3,0,Media Communications,topic::media_communications,3,Anthony Weiner,per::anthony weiner,1,"[{""node"":""topic::media_communications"",""label"":""Media Communications"",""count"":3},{""node"":""hashtag::trumpvlog"",""label"":""#trumpvlog"",""count"":2},{""node"":""topic::health_public_health"",""label"":""Health Public Health"",""count"":1},{""node"":""topic::energy_environment"",""label"":""Energy Environment"",""count"":1},{""node"":""mention::foxandfriends"",""label"":""@foxandfriends"",""count"":1},{""node"":""per::anthony weiner"",""label"":""Anthony Weiner"",""count"":1}]"
2011-W24,2011-06-13,2011-06-19,3,3,0,0,3,5,7,0,2,1,Media Communications,topic::media_communications,3,Anthony Weiner,per::anthony weiner,1,"[{""node"":""topic::media_communications"",""label"":""Media Communications"",""count"":3},{""node"":""per::anthony weiner"",""label"":""Anthony Weiner"",""count"":1},{""node"":""hashtag::trumpvlog"",""label"":""#trumpvlog"",""count"":1},{""node"":""mention::hannityshow"",""label"":""@hannityshow"",""count"":1},{""node"":""org::nbc"",""label"":""Nbc"",""count"":1}]"
2011-W25,2011-06-20,2011-06-26,5,5,0,0,5,9,13,0,1,4,Media Communications,topic::media_communications,3,Al,per::al,2,"[{""node"":""topic::media_communications"",""label"":""Media Communications"",""count"":3},{""node"":""topic::endorsements_appointments"",""label"":""Endorsements Appointments"",""count"":2},{""node"":""per::al"",""label"":""Al"",""count"":2},{""node"":""org::abc"",""label"":""Abc"",""count"":1},{""node"":""org::cbs"",""label"":""Cbs"",""count"":1},{""node"":""org::fox"",""label"":""Fox"",""count"":1},{""node"":""org::nbc"",""label"":""Nbc"",""count"":1},{""node"":""loc::scotland"",""label"":""Scotland"",""count"":1},{""node"":""mention::golfmagazine"",""label"":""@golfmagazine"",""count"":1}]"
2011-W26,2011-06-27,2011-07-03,4,4,0,0,4,6,8,0,2,2,Media Communications,topic::media_communications,4,Ca,loc::ca,1,"[{""node"":""topic::media_communications"",""label"":""Media Communications"",""count"":4},{""node"":""topic::health_public_health"",""label"":""Health Public Health"",""count"":1},{""node"":""loc::ca"",""label"":""Ca"",""count"":1},{""node"":""loc::san jose"",""label"":""San Jose"",""count"":1},{""node"":""org::fox & friends"",""label"":""Fox & Friends"",""count"":1},{""node"":""mention::erictrump"",""label"":""@erictrump"",""count"":1}]"
2011-W27,2011-07-04,2011-07-10,10,10,0,0,10,16,26,5,3,2,Congress Governance,topic::congress_governance,5,Obama,per::obama,4,"[{""node"":""topic::congress_governance"",""label"":""Congress Governance"",""count"":5},{""node"":""topic::health_public_health"",""label"":""Health Public Health"",""count"":4},{""node"":""per::obama"",""label"":""Obama"",""count"":4},{""node"":""topic::media_communications"",""label"":""Media Communications"",""count"":2},{""node"":""topic::foreign_policy_diplomacy"",""label"":""Foreign Policy Diplomacy"",""count"":2},{""node"":""loc::panama"",""label"":""Panama"",""count"":1},{""node"":""topic::energy_environment"",""label"":""Energy Environment"",""count"":1},{""node"":""loc::washington"",""label"":""Washington"",""count"":1},{""node"":""org::congress"",""label"":""Congress"",""count"":1},{""node"":""per::barackobama"",""label"":""Barackobama"",""count"":1},{""node"":""mention::barackobama"",""label"":""@barackobama"",""count"":1},{""node"":""loc::america"",""label"":""America"",""count"":1}]"
2011-W28,2011-07-11,2011-07-17,17,17,0,0,17,18,23,3,9,5,Media Communications,topic::media_communications,13,Derek Jet,per::derek jet,1,"[{""node"":""topic::media_communications"",""label"":""Media Communications"",""count"":13},{""node"":""mention::barackobama"",""label"":""@barackobama"",""count"":4},{""node"":""mention::johnboehner"",""label"":""@johnboehner"",""count"":3},{""node"":""hashtag::trumpvlog"",""label"":""#trumpvlog"",""count"":2},{""node"":""topic::health_public_health"",""label"":""Health Public Health"",""count"":2},{""node"":""per::derek jet"",""label"":""Derek Jet"",""count"":1},{""node"":""loc::panama"",""label"":""Panama"",""count"":1},{""node"":""topic::congress_governance"",""label"":""Congress Governance"",""count"":1},{""node"":""org::youtube"",""label"":""Youtube"",""count"":1},{""node"":""mention::macmiller"",""label"":""@macmiller"",""count"":1},{""node"":""per::g"",""label"":""G"",""count"":1},{""node"":""per::reta"",""label"":""Reta"",""count"":1}]"
2011-W29,2011-07-18,2011-07-24,14,14,0,0,14,19,33,9,4,1,Media Communications,topic::media_communications,6,China,loc::china,3,"[{""node"":""topic::media_communications"",""label"":""Media Communications"",""count"":6},{""node"":""mention::barackobama"",""label"":""@barackobama"",""count"":5},{""node"":""topic::health_public_health"",""label"":""Health Public Health"",""count"":5},{""node"":""loc::china"",""label"":""China"",""count"":3},{""node"":""topic::foreign_policy_diplomacy"",""label"":""Foreign Policy Diplomacy"",""count"":2},{""node"":""loc::america"",""label"":""America"",""count"":2},{""node"":""per::ivan"",""label"":""Ivan"",""count"":1},{""node"":""per::jared"",""label"":""Jared"",""count"":1},{""node"":""hashtag::trumpvlog"",""label"":""#trumpvlog"",""count"":1},{""node"":""topic::law_justice_crime"",""label"":""Law Justice Crime"",""count"":1},{""node"":""org::doj"",""label"":""Doj"",""count"":1},{""node"":""per::barackobama"",""label"":""Barackobama"",""count"":1}]"
2011-W30,2011-07-25,2011-07-31,30,30,0,0,30,30,56,14,7,9,Media Communications,topic::media_communications,12,Obama,per::obama,4,"[{""node"":""topic::media_communications"",""label"":""Media Communications"",""count"":12},{""node"":""topic::health_public_health"",""label"":""Health Public Health"",""count"":6},{""node"":""topic::congress_governance"",""label"":""Congress Governance"",""count"":4},{""node"":""per::obama"",""label"":""Obama"",""count"":4},{""node"":""topic::energy_environment"",""label"":""Energy Environment"",""count"":3},{""node"":""mention::barackobama"",""label"":""@barackobama"",""count"":3},{""node"":""hashtag::trumpvlog"",""label"":""#trumpvlog"",""count"":3},{""node"":""topic::law_justice_crime"",""label"":""Law Justice Crime"",""count"":2},{""node"":""loc::america"",""label"":""America"",""count"":2},{""node"":""topic::foreign_policy_diplomacy"",""label"":""Foreign Policy Diplomacy"",""count"":2},{""node"":""loc::china"",""label"":""China"",""count"":2},{""node"":""org::qvc"",""label"":""Qvc"",""count"":2}]"
2011-W31,2011-08-01,2011-08-07,23,23,0,0,23,25,58,11,9,3,Media Communications,topic::media_communications,9,America,loc::america,5,"[{""node"":""topic::media_communications"",""label"":""Media Communications"",""count"":9},{""node"":""topic::congress_governance"",""label"":""Congress Governance"",""count"":6},{""node"":""loc::america"",""label"":""America"",""count"":5},{""node"":""topic::foreign_policy_diplomacy"",""label"":""Foreign Policy Diplomacy"",""count"":5},{""node"":""topic::health_public_health"",""label"":""Health Public Health"",""count"":5},{""node"":""hashtag::trumpvlog"",""label"":""#trumpvlog"",""count"":4},{""node"":""per::obama"",""label"":""Obama"",""count"":2},{""node"":""topic::law_justice_crime"",""label"":""Law Justice Crime"",""count"":2},{""node"":""loc::china"",""label"":""China"",""count"":2},{""node"":""org::fox news"",""label"":""Fox News"",""count"":2},{""node"":""per::g"",""label"":""G"",""count"":2},{""node"":""org::cnbc"",""label"":""Cnbc"",""count"":1}]"
2011-W32,2011-08-08,2011-08-14,19,19,0,0,19,33,64,9,7,3,Media Communications,topic::media_communications,9,S & P,org::s & p,3,"[{""node"":""topic::media_communications"",""label"":""Media Communications"",""count"":9},{""node"":""org::s & p"",""label"":""S & P"",""count"":3},{""node"":""mention::barackobama"",""label"":""@barackobama"",""count"":3},{""node"":""topic::congress_governance"",""label"":""Congress Governance"",""count"":3},{""node"":""topic::health_public_health"",""label"":""Health Public Health"",""count"":2},{""node"":""per::barackobama"",""label"":""Barackobama"",""count"":2},{""node"":""topic::endorsements_appointments"",""label"":""Endorsements Appointments"",""count"":2},{""node"":""per::andy"",""label"":""Andy"",""count"":2},{""node"":""hashtag::apprentice"",""label"":""#apprentice"",""count"":2},{""node"":""topic::foreign_policy_diplomacy"",""label"":""Foreign Policy Diplomacy"",""count"":2},{""node"":""org::opec"",""label"":""Opec"",""count"":2},{""node"":""loc::america"",""label"":""America"",""count"":2}]"
2011-W33,2011-08-15,2011-08-21,20,20,0,0,20,30,71,10,8,2,Media Communications,topic::media_communications,13,China,loc::china,4,"[{""node"":""topic::media_communications"",""label"":""Media Communications"",""count"":13},{""node"":""topic::health_public_health"",""label"":""Health Public Health"",""count"":6},{""node"":""mention::barackobama"",""label"":""@barackobama"",""count"":4},{""node"":""hashtag::trumpvlog"",""label"":""#trumpvlog"",""count"":4},{""node"":""loc::china"",""label"":""China"",""count"":4},{""node"":""topic::foreign_policy_diplomacy"",""label"":""Foreign Policy Diplomacy"",""count"":3},{""node"":""per::obama"",""label"":""Obama"",""count"":3},{""node"":""org::cnbc"",""label"":""Cnbc"",""count"":2},{""node"":""org::fox news"",""label"":""Fox News"",""count"":2},{""node"":""org::barackobama"",""label"":""Barackobama"",""count"":2},{""node"":""loc::iraq"",""label"":""Iraq"",""count"":2},{""node"":""per::baracko"",""label"":""Baracko"",""count"":1}]"
2011-W34,2011-08-22,2011-08-28,19,19,0,0,19,23,41,12,4,3,Foreign Policy Diplomacy,topic::foreign_policy_diplomacy,6,Libya,loc::libya,5,"[{""node"":""topic::foreign_policy_diplomacy"",""label"":""Foreign Policy Diplomacy"",""count"":6},{""node"":""topic::media_communications"",""label"":""Media Communications"",""count"":5},{""node"":""loc::libya"",""label"":""Libya"",""count"":5},{""node"":""topic::health_public_health"",""label"":""Health Public Health"",""count"":4},{""node"":""topic::law_justice_crime"",""label"":""Law Justice Crime"",""count"":3},{""node"":""mention::barackobama"",""label"":""@barackobama"",""count"":3},{""node"":""topic::energy_environment"",""label"":""Energy Environment"",""count"":2},{""node"":""loc::china"",""label"":""China"",""count"":2},{""node"":""per::barackobama"",""label"":""Barackobama"",""count"":2},{""node"":""loc::gaza"",""label"":""Gaza"",""count"":1},{""node"":""loc::israel"",""label"":""Israel"",""count"":1},{""node"":""loc::europe"",""label"":""Europe"",""count"":1}]"
2011-W35,2011-08-29,2011-09-04,18,18,0,0,18,31,65,10,8,0,Foreign Policy Diplomacy,topic::foreign_policy_diplomacy,6,Barackobama,per::barackobama,3,"[{""node"":""topic::foreign_policy_diplomacy"",""label"":""Foreign Policy Diplomacy"",""count"":6},{""node"":""topic::media_communications"",""label"":""Media Communications"",""count"":6},{""node"":""topic::law_justice_crime"",""label"":""Law Justice Crime"",""count"":5},{""node"":""mention::barackobama"",""label"":""@barackobama"",""count"":5},{""node"":""topic::energy_environment"",""label"":""Energy Environment"",""count"":3},{""node"":""topic::health_public_health"",""label"":""Health Public Health"",""count"":3},{""node"":""per::barackobama"",""label"":""Barackobama"",""count"":3},{""node"":""org::un"",""label"":""Un"",""count"":2},{""node"":""loc::white house"",""label"":""White House"",""count"":2},{""node"":""loc::iran"",""label"":""Iran"",""count"":1},{""node"":""loc::washington"",""label"":""Washington"",""count"":1},{""node"":""topic::congress_governance"",""label"":""Congress Governance"",""count"":1}]"
2011-W36,2011-09-05,2011-09-11,19,19,0,0,19,31,63,12,4,3,Media Communications,topic::media_communications,7,America,loc::america,3,"[{""node"":""mention::barackobama"",""label"":""@barackobama"",""count"":8},{""node"":""topic::media_communications"",""label"":""Media Communications"",""count"":7},{""node"":""topic::foreign_policy_diplomacy"",""label"":""Foreign Policy Diplomacy"",""count"":6},{""node"":""loc::america"",""label"":""America"",""count"":3},{""node"":""loc::us"",""label"":""Us"",""count"":3},{""node"":""topic::energy_environment"",""label"":""Energy Environment"",""count"":2},{""node"":""topic::law_justice_crime"",""label"":""Law Justice Crime"",""count"":2},{""node"":""per::baracko"",""label"":""Baracko"",""count"":2},{""node"":""loc::israel"",""label"":""Israel"",""count"":2},{""node"":""org::un"",""label"":""Un"",""count"":2},{""node"":""mention::israel"",""label"":""@israel"",""count"":2},{""node"":""org::barackoba"",""label"":""Barackoba"",""count"":2}]"
2011-W37,2011-09-12,2011-09-18,30,30,0,0,30,44,126,11,7,12,Media Communications,topic::media_communications,13,Israel,loc::israel,3,"[{""node"":""topic::media_communications"",""label"":""Media Communications"",""count"":13},{""node"":""mention::barackobama"",""label"":""@barackobama"",""count"":10},{""node"":""topic::energy_environment"",""label"":""Energy Environment"",""count"":6},{""node"":""topic::foreign_policy_diplomacy"",""label"":""Foreign Policy Diplomacy"",""count"":3},{""node"":""loc::israel"",""label"":""Israel"",""count"":3},{""node"":""mention::israel"",""label"":""@israel"",""count"":3},{""node"":""topic::health_public_health"",""label"":""Health Public Health"",""count"":3},{""node"":""topic::economy_trade_taxes"",""label"":""Economy Trade Taxes"",""count"":3},{""node"":""topic::endorsements_appointments"",""label"":""Endorsements Appointments"",""count"":3},{""node"":""loc::us"",""label"":""Us"",""count"":2},{""node"":""per::baracko"",""label"":""Baracko"",""count"":2},{""node"":""hashtag::trumpvlog"",""label"":""#trumpvlog"",""count"":2}]"
2011-W38,2011-09-19,2011-09-25,23,23,0,0,23,29,60,10,11,2,Media Communications,topic::media_communications,10,Australia,loc::australia,3,"[{""node"":""topic::media_communications"",""label"":""Media Communications"",""count"":10},{""node"":""topic::foreign_policy_diplomacy"",""label"":""Foreign Policy Diplomacy"",""count"":5},{""node"":""mention::barackobama"",""label"":""@barackobama"",""count"":5},{""node"":""topic::health_public_health"",""label"":""Health Public Health"",""count"":5},{""node"":""loc::australia"",""label"":""Australia"",""count"":3},{""node"":""loc::america"",""label"":""America"",""count"":3},{""node"":""loc::china"",""label"":""China"",""count"":3},{""node"":""loc::israel"",""label"":""Israel"",""count"":2},{""node"":""org::un"",""label"":""Un"",""count"":2},{""node"":""topic::energy_environment"",""label"":""Energy Environment"",""count"":2},{""node"":""per::obama"",""label"":""Obama"",""count"":2},{""node"":""loc::orlando"",""label"":""Orlando"",""count"":2}]"
2011-W39,2011-09-26,2011-10-02,32,32,0,0,32,46,110,20,7,5,Media Communications,topic::media_communications,19,Foxnews,org::foxnews,3,"[{""node"":""topic::media_communications"",""label"":""Media Communications"",""count"":19},{""node"":""topic::health_public_health"",""label"":""Health Public Health"",""count"":6},{""node"":""mention::barackobama"",""label"":""@barackobama"",""count"":5},{""node"":""topic::foreign_policy_diplomacy"",""label"":""Foreign Policy Diplomacy"",""count"":5},{""node"":""org::foxnews"",""label"":""Foxnews"",""count"":3},{""node"":""mention::foxnews"",""label"":""@foxnews"",""count"":3},{""node"":""topic::law_justice_crime"",""label"":""Law Justice Crime"",""count"":3},{""node"":""topic::energy_environment"",""label"":""Energy Environment"",""count"":3},{""node"":""org::r"",""label"":""R"",""count"":2},{""node"":""mention::mittromney"",""label"":""@mittromney"",""count"":2},{""node"":""mention::donaldjtrumpjr"",""label"":""@donaldjtrumpjr"",""count"":2},{""node"":""org::barackoba"",""label"":""Barackoba"",""count"":2}]"
2011-W40,2011-10-03,2011-10-09,27,27,0,0,27,37,83,14,5,8,Media Communications,topic::media_communications,12,Baracko,per::baracko,3,"[{""node"":""topic::media_communications"",""label"":""Media Communications"",""count"":12},{""node"":""topic::health_public_health"",""label"":""Health Public Health"",""count"":7},{""node"":""mention::barackobama"",""label"":""@barackobama"",""count"":6},{""node"":""topic::law_justice_crime"",""label"":""Law Justice Crime"",""count"":5},{""node"":""topic::foreign_policy_diplomacy"",""label"":""Foreign Policy Diplomacy"",""count"":4},{""node"":""topic::energy_environment"",""label"":""Energy Environment"",""count"":4},{""node"":""topic::elections_campaigns"",""label"":""Elections Campaigns"",""count"":3},{""node"":""per::baracko"",""label"":""Baracko"",""count"":3},{""node"":""loc::america"",""label"":""America"",""count"":2},{""node"":""loc::washington"",""label"":""Washington"",""count"":2},{""node"":""org::vanity fair"",""label"":""Vanity Fair"",""count"":1},{""node"":""topic::social_culture_education"",""label"":""Social Culture Education"",""count"":1}]"
2011-W41,2011-10-10,2011-10-16,17,17,0,0,17,28,50,5,10,2,Media Communications,topic::media_communications,12,America,loc::america,2,"[{""node"":""topic::media_communications"",""label"":""Media Communications"",""count"":12},{""node"":""hashtag::trumpvlog"",""label"":""#trumpvlog"",""count"":3},{""node"":""topic::economy_trade_taxes"",""label"":""Economy Trade Taxes"",""count"":2},{""node"":""topic::health_public_health"",""label"":""Health Public Health"",""count"":2},{""node"":""loc::america"",""label"":""America"",""count"":2},{""node"":""mention::barackobama"",""label"":""@barackobama"",""count"":2},{""node"":""org::fox"",""label"":""Fox"",""count"":1},{""node"":""topic::congress_governance"",""label"":""Congress Governance"",""count"":1},{""node"":""org::congress"",""label"":""Congress"",""count"":1},{""node"":""org::fed"",""label"":""Fed"",""count"":1},{""node"":""org::barackobama"",""label"":""Barackobama"",""count"":1},{""node"":""per::romney"",""label"":""Romney"",""count"":1}]"
2011-W42,2011-10-17,2011-10-23,32,32,0,0,32,40,104,20,9,3,Media Communications,topic::media_communications,13,China,loc::china,5,"[{""node"":""topic::media_communications"",""label"":""Media Communications"",""count"":13},{""node"":""mention::barackobama"",""label"":""@barackobama"",""count"":10},{""node"":""topic::foreign_policy_diplomacy"",""label"":""Foreign Policy Diplomacy"",""count"":9},{""node"":""loc::china"",""label"":""China"",""count"":5},{""node"":""topic::health_public_health"",""label"":""Health Public Health"",""count"":4},{""node"":""loc::iran"",""label"":""Iran"",""count"":3},{""node"":""per::baracko"",""label"":""Baracko"",""count"":3},{""node"":""loc::america"",""label"":""America"",""count"":3},{""node"":""topic::economy_trade_taxes"",""label"":""Economy Trade Taxes"",""count"":3},{""node"":""org::midas touch"",""label"":""Midas Touch"",""count"":2},{""node"":""hashtag::trumpvlog"",""label"":""#trumpvlog"",""count"":2},{""node"":""org::barackoba"",""label"":""Barackoba"",""count"":2}]"
2011-W43,2011-10-24,2011-10-30,29,29,0,0,29,40,89,18,7,4,Media Communications,topic::media_communications,13,Iraq,loc::iraq,4,"[{""node"":""topic::media_communications"",""label"":""Media Communications"",""count"":13},{""node"":""mention::barackobama"",""label"":""@barackobama"",""count"":7},{""node"":""topic::foreign_policy_diplomacy"",""label"":""Foreign Policy Diplomacy"",""count"":6},{""node"":""topic::health_public_health"",""label"":""Health Public Health"",""count"":5},{""node"":""mention::lawrence"",""label"":""@lawrence"",""count"":5},{""node"":""loc::iraq"",""label"":""Iraq"",""count"":4},{""node"":""topic::energy_environment"",""label"":""Energy Environment"",""count"":4},{""node"":""loc::iran"",""label"":""Iran"",""count"":3},{""node"":""loc::libya"",""label"":""Libya"",""count"":3},{""node"":""org::fed"",""label"":""Fed"",""count"":2},{""node"":""per::baracko"",""label"":""Baracko"",""count"":2},{""node"":""mention::gretawire"",""label"":""@gretawire"",""count"":2}]"
2011-W44,2011-10-31,2011-11-06,20,20,0,0,20,28,61,13,7,0,Media Communications,topic::media_communications,7,Jon Stewart,per::jon stewart,2,"[{""node"":""topic::media_communications"",""label"":""Media Communications"",""count"":7},{""node"":""topic::foreign_policy_diplomacy"",""label"":""Foreign Policy Diplomacy"",""count"":5},{""node"":""topic::law_justice_crime"",""label"":""Law Justice Crime"",""count"":4},{""node"":""topic::energy_environment"",""label"":""Energy Environment"",""count"":4},{""node"":""mention::barackobama"",""label"":""@barackobama"",""count"":3},{""node"":""topic::congress_governance"",""label"":""Congress Governance"",""count"":3},{""node"":""hashtag::trumpvlog"",""label"":""#trumpvlog"",""count"":2},{""node"":""per::jon stewart"",""label"":""Jon Stewart"",""count"":2},{""node"":""loc::china"",""label"":""China"",""count"":2},{""node"":""topic::health_public_health"",""label"":""Health Public Health"",""count"":2},{""node"":""mention::gretawire"",""label"":""@gretawire"",""count"":2},{""node"":""loc::benghazi"",""label"":""Benghazi"",""count"":1}]"
2011-W45,2011-11-07,2011-11-13,27,27,0,0,27,33,80,14,8,5,Media Communications,topic::media_communications,9,Israel,loc::israel,4,"[{""node"":""topic::media_communications"",""label"":""Media Communications"",""count"":9},{""node"":""mention::barackobama"",""label"":""@barackobama"",""count"":8},{""node"":""topic::health_public_health"",""label"":""Health Public Health"",""count"":4},{""node"":""topic::foreign_policy_diplomacy"",""label"":""Foreign Policy Diplomacy"",""count"":4},{""node"":""loc::israel"",""label"":""Israel"",""count"":4},{""node"":""per::baracko"",""label"":""Baracko"",""count"":4},{""node"":""hashtag::trumpvlog"",""label"":""#trumpvlog"",""count"":3},{""node"":""topic::congress_governance"",""label"":""Congress Governance"",""count"":3},{""node"":""topic::energy_environment"",""label"":""Energy Environment"",""count"":3},{""node"":""mention::israel"",""label"":""@israel"",""count"":3},{""node"":""topic::law_justice_crime"",""label"":""Law Justice Crime"",""count"":3},{""node"":""topic::elections_campaigns"",""label"":""Elections Campaigns"",""count"":3}]"
2011-W46,2011-11-14,2011-11-20,26,26,0,0,26,33,104,20,4,2,Media Communications,topic::media_communications,8,America,loc::america,5,"[{""node"":""mention::barackobama"",""label"":""@barackobama"",""count"":13},{""node"":""topic::media_communications"",""label"":""Media Communications"",""count"":8},{""node"":""loc::america"",""label"":""America"",""count"":5},{""node"":""topic::health_public_health"",""label"":""Health Public Health"",""count"":5},{""node"":""per::barackobama"",""label"":""Barackobama"",""count"":5},{""node"":""per::baracko"",""label"":""Baracko"",""count"":4},{""node"":""topic::energy_environment"",""label"":""Energy Environment"",""count"":4},{""node"":""hashtag::timetogettough"",""label"":""#timetogettough"",""count"":4},{""node"":""loc::china"",""label"":""China"",""count"":3},{""node"":""topic::congress_governance"",""label"":""Congress Governance"",""count"":3},{""node"":""topic::law_justice_crime"",""label"":""Law Justice Crime"",""count"":3},{""node"":""topic::foreign_policy_diplomacy"",""label"":""Foreign Policy Diplomacy"",""count"":3}]"
2011-W47,2011-11-21,2011-11-27,16,16,0,0,16,32,94,9,5,2,Media Communications,topic::media_communications,4,Super Committee,org::super committee,5,"[{""node"":""mention::barackobama"",""label"":""@barackobama"",""count"":6},{""node"":""org::super committee"",""label"":""Super Committee"",""count"":5},{""node"":""hashtag::timetogettough"",""label"":""#timetogettough"",""count"":5},{""node"":""loc::china"",""label"":""China"",""count"":4},{""node"":""topic::media_communications"",""label"":""Media Communications"",""count"":4},{""node"":""topic::congress_governance"",""label"":""Congress Governance"",""count"":3},{""node"":""topic::health_public_health"",""label"":""Health Public Health"",""count"":3},{""node"":""topic::foreign_policy_diplomacy"",""label"":""Foreign Policy Diplomacy"",""count"":3},{""node"":""per::baracko"",""label"":""Baracko"",""count"":3},{""node"":""topic::energy_environment"",""label"":""Energy Environment"",""count"":2},{""node"":""per::barackobama"",""label"":""Barackobama"",""count"":2},{""node"":""topic::law_justice_crime"",""label"":""Law Justice Crime"",""count"":2}]"
2011-W48,2011-11-28,2011-12-04,39,39,0,0,39,39,110,28,7,4,Media Communications,topic::media_communications,21,China,loc::china,6,"[{""node"":""topic::media_communications"",""label"":""Media Communications"",""count"":21},{""node"":""mention::barackobama"",""label"":""@barackobama"",""count"":14},{""node"":""hashtag::timetogettough"",""label"":""#timetogettough"",""count"":8},{""node"":""topic::law_justice_crime"",""label"":""Law Justice Crime"",""count"":7},{""node"":""topic::energy_environment"",""label"":""Energy Environment"",""count"":6},{""node"":""loc::china"",""label"":""China"",""count"":6},{""node"":""topic::elections_campaigns"",""label"":""Elections Campaigns"",""count"":5},{""node"":""per::baracko"",""label"":""Baracko"",""count"":5},{""node"":""loc::iran"",""label"":""Iran"",""count"":4},{""node"":""topic::foreign_policy_diplomacy"",""label"":""Foreign Policy Diplomacy"",""count"":4},{""node"":""loc::america"",""label"":""America"",""count"":4},{""node"":""topic::health_public_health"",""label"":""Health Public Health"",""count"":3}]"
2011-W49,2011-12-05,2011-12-11,47,47,0,1,46,63,209,13,19,15,Media Communications,topic::media_communications,31,Trump Tower,loc::trump tower,9,"[{""node"":""topic::media_communications"",""label"":""Media Communications"",""count"":31},{""node"":""hashtag::timetogettough"",""label"":""#timetogettough"",""count"":14},{""node"":""mention::iontv"",""label"":""@iontv"",""count"":11},{""node"":""loc::trump tower"",""label"":""Trump Tower"",""count"":9},{""node"":""mention::barackobama"",""label"":""@barackobama"",""count"":8},{""node"":""topic::health_public_health"",""label"":""Health Public Health"",""count"":7},{""node"":""topic::elections_campaigns"",""label"":""Elections Campaigns"",""count"":5},{""node"":""topic::endorsements_appointments"",""label"":""Endorsements Appointments"",""count"":5},{""node"":""mention::newtgingrich"",""label"":""@newtgingrich"",""count"":3},{""node"":""topic::law_justice_crime"",""label"":""Law Justice Crime"",""count"":3},{""node"":""org::newsmax"",""label"":""Newsmax"",""count"":3},{""node"":""per::trump"",""label"":""Trump"",""count"":3}]"
2011-W50,2011-12-12,2011-12-18,60,60,0,0,60,62,207,29,23,8,Media Communications,topic::media_communications,34,Iran,loc::iran,7,"[{""node"":""topic::media_communications"",""label"":""Media Communications"",""count"":34},{""node"":""hashtag::timetogettough"",""label"":""#timetogettough"",""count"":18},{""node"":""mention::barackobama"",""label"":""@barackobama"",""count"":11},{""node"":""topic::foreign_policy_diplomacy"",""label"":""Foreign Policy Diplomacy"",""count"":9},{""node"":""loc::iran"",""label"":""Iran"",""count"":7},{""node"":""mention::iontv"",""label"":""@iontv"",""count"":6},{""node"":""topic::energy_environment"",""label"":""Energy Environment"",""count"":6},{""node"":""topic::health_public_health"",""label"":""Health Public Health"",""count"":6},{""node"":""mention::rosie"",""label"":""@rosie"",""count"":6},{""node"":""topic::elections_campaigns"",""label"":""Elections Campaigns"",""count"":5},{""node"":""loc::trump tower"",""label"":""Trump Tower"",""count"":5},{""node"":""mention::lawrence"",""label"":""@lawrence"",""count"":5}]"
2011-W51,2011-12-19,2011-12-25,39,39,0,0,39,38,109,17,12,10,Media Communications,topic::media_communications,15,Iraq,loc::iraq,6,"[{""node"":""topic::media_communications"",""label"":""Media Communications"",""count"":15},{""node"":""hashtag::timetogettough"",""label"":""#timetogettough"",""count"":12},{""node"":""topic::health_public_health"",""label"":""Health Public Health"",""count"":9},{""node"":""mention::barackobama"",""label"":""@barackobama"",""count"":8},{""node"":""topic::foreign_policy_diplomacy"",""label"":""Foreign Policy Diplomacy"",""count"":8},{""node"":""loc::iraq"",""label"":""Iraq"",""count"":6},{""node"":""topic::energy_environment"",""label"":""Energy Environment"",""count"":6},{""node"":""topic::law_justice_crime"",""label"":""Law Justice Crime"",""count"":5},{""node"":""per::baracko"",""label"":""Baracko"",""count"":4},{""node"":""per::b"",""label"":""B"",""count"":4},{""node"":""mention::foxnews"",""label"":""@foxnews"",""count"":2},{""node"":""loc::hawaii"",""label"":""Hawaii"",""count"":2}]"
2011-W52,2011-12-26,2012-01-01,23,23,0,0,23,38,121,13,5,5,Media Communications,topic::media_communications,7,Iraq,loc::iraq,5,"[{""node"":""mention::barackobama"",""label"":""@barackobama"",""count"":7},{""node"":""topic::media_communications"",""label"":""Media Communications"",""count"":7},{""node"":""topic::foreign_policy_diplomacy"",""label"":""Foreign Policy Diplomacy"",""count"":5},{""node"":""loc::iraq"",""label"":""Iraq"",""count"":5},{""node"":""loc::china"",""label"":""China"",""count"":4},{""node"":""loc::america"",""label"":""America"",""count"":4},{""node"":""per::barackoba"",""label"":""Barackoba"",""count"":3},{""node"":""topic::health_public_health"",""label"":""Health Public Health"",""count"":3},{""node"":""topic::elections_campaigns"",""label"":""Elections Campaigns"",""count"":2},{""node"":""per::baracko"",""label"":""Baracko"",""count"":2},{""node"":""topic::energy_environment"",""label"":""Energy Environment"",""count"":2},{""node"":""topic::social_culture_education"",""label"":""Social Culture Education"",""count"":2}]"
2012-W01,2012-01-02,2012-01-08,36,36,0,0,36,39,127,11,15,10,Media Communications,topic::media_communications,15,Iowa,loc::iowa,4,"[{""node"":""topic::media_communications"",""label"":""Media Communications"",""count"":15},{""node"":""topic::health_public_health"",""label"":""Health Public Health"",""count"":9},{""node"":""topic::elections_campaigns"",""label"":""Elections Campaigns"",""count"":8},{""node"":""hashtag::timetogettough"",""label"":""#timetogettough"",""count"":8},{""node"":""mention::barackobama"",""label"":""@barackobama"",""count"":7},{""node"":""topic::foreign_policy_diplomacy"",""label"":""Foreign Policy Diplomacy"",""count"":7},{""node"":""topic::energy_environment"",""label"":""Energy Environment"",""count"":6},{""node"":""loc::iowa"",""label"":""Iowa"",""count"":4},{""node"":""topic::law_justice_crime"",""label"":""Law Justice Crime"",""count"":4},{""node"":""per::baracko"",""label"":""Baracko"",""count"":3},{""node"":""loc::america"",""label"":""America"",""count"":3},{""node"":""loc::china"",""label"":""China"",""count"":3}]"
2012-W02,2012-01-09,2012-01-15,34,34,0,0,34,43,119,14,12,8,Media Communications,topic::media_communications,12,America,loc::america,5,"[{""node"":""topic::media_communications"",""label"":""Media Communications"",""count"":12},{""node"":""topic::health_public_health"",""label"":""Health Public Health"",""count"":11},{""node"":""mention::barackobama"",""label"":""@barackobama"",""count"":10},{""node"":""topic::energy_environment"",""label"":""Energy Environment"",""count"":7},{""node"":""topic::law_justice_crime"",""label"":""Law Justice Crime"",""count"":5},{""node"":""loc::america"",""label"":""America"",""count"":5},{""node"":""hashtag::timetogettough"",""label"":""#timetogettough"",""count"":4},{""node"":""per::barackobama"",""label"":""Barackobama"",""count"":4},{""node"":""topic::foreign_policy_diplomacy"",""label"":""Foreign Policy Diplomacy"",""count"":4},{""node"":""topic::congress_governance"",""label"":""Congress Governance"",""count"":3},{""node"":""per::baracko"",""label"":""Baracko"",""count"":3},{""node"":""mention::gretawire"",""label"":""@gretawire"",""count"":2}]"
2012-W03,2012-01-16,2012-01-22,30,30,0,0,30,39,122,16,9,5,Media Communications,topic::media_communications,13,China,loc::china,4,"[{""node"":""topic::media_communications"",""label"":""Media Communications"",""count"":13},{""node"":""mention::barackobama"",""label"":""@barackobama"",""count"":11},{""node"":""topic::foreign_policy_diplomacy"",""label"":""Foreign Policy Diplomacy"",""count"":9},{""node"":""topic::health_public_health"",""label"":""Health Public Health"",""count"":7},{""node"":""topic::energy_environment"",""label"":""Energy Environment"",""count"":6},{""node"":""hashtag::timetogettough"",""label"":""#timetogettough"",""count"":5},{""node"":""loc::china"",""label"":""China"",""count"":4},{""node"":""topic::endorsements_appointments"",""label"":""Endorsements Appointments"",""count"":3},{""node"":""topic::congress_governance"",""label"":""Congress Governance"",""count"":3},{""node"":""org::keystone"",""label"":""Keystone"",""count"":3},{""node"":""topic::elections_campaigns"",""label"":""Elections Campaigns"",""count"":2},{""node"":""per::baracko"",""label"":""Baracko"",""count"":2}]"
2012-W04,2012-01-23,2012-01-29,46,46,0,0,46,57,172,25,15,6,Media Communications,topic::media_communications,25,Barackobama,per::barackobama,7,"[{""node"":""topic::media_communications"",""label"":""Media Communications"",""count"":25},{""node"":""mention::barackobama"",""label"":""@barackobama"",""count"":20},{""node"":""topic::energy_environment"",""label"":""Energy Environment"",""count"":11},{""node"":""topic::health_public_health"",""label"":""Health Public Health"",""count"":10},{""node"":""per::barackobama"",""label"":""Barackobama"",""count"":7},{""node"":""topic::foreign_policy_diplomacy"",""label"":""Foreign Policy Diplomacy"",""count"":6},{""node"":""per::obama"",""label"":""Obama"",""count"":5},{""node"":""loc::america"",""label"":""America"",""count"":4},{""node"":""per::baracko"",""label"":""Baracko"",""count"":4},{""node"":""org::keystone"",""label"":""Keystone"",""count"":4},{""node"":""topic::elections_campaigns"",""label"":""Elections Campaigns"",""count"":3},{""node"":""mention::newtgingrich"",""label"":""@newtgingrich"",""count"":3}]"
2012-W05,2012-01-30,2012-02-05,44,44,0,0,44,58,193,17,18,9,Media Communications,topic::media_communications,26,Baracko,per::baracko,6,"[{""node"":""topic::media_communications"",""label"":""Media Communications"",""count"":26},{""node"":""mention::barackobama"",""label"":""@barackobama"",""count"":14},{""node"":""topic::health_public_health"",""label"":""Health Public Health"",""count"":6},{""node"":""topic::elections_campaigns"",""label"":""Elections Campaigns"",""count"":6},{""node"":""per::baracko"",""label"":""Baracko"",""count"":6},{""node"":""mention::mittromney"",""label"":""@mittromney"",""count"":6},{""node"":""topic::endorsements_appointments"",""label"":""Endorsements Appointments"",""count"":6},{""node"":""topic::foreign_policy_diplomacy"",""label"":""Foreign Policy Diplomacy"",""count"":5},{""node"":""org::r"",""label"":""R"",""count"":4},{""node"":""topic::energy_environment"",""label"":""Energy Environment"",""count"":3},{""node"":""loc::florida"",""label"":""Florida"",""count"":3},{""node"":""org::foxnews"",""label"":""Foxnews"",""count"":3}]"
2012-W06,2012-02-06,2012-02-12,68,68,0,0,68,71,237,30,23,15,Media Communications,topic::media_communications,38,China,loc::china,7,"[{""node"":""topic::media_communications"",""label"":""Media Communications"",""count"":38},{""node"":""mention::barackobama"",""label"":""@barackobama"",""count"":18},{""node"":""topic::health_public_health"",""label"":""Health Public Health"",""count"":17},{""node"":""loc::china"",""label"":""China"",""count"":7},{""node"":""mention::mittromney"",""label"":""@mittromney"",""count"":6},{""node"":""topic::foreign_policy_diplomacy"",""label"":""Foreign Policy Diplomacy"",""count"":6},{""node"":""topic::energy_environment"",""label"":""Energy Environment"",""count"":6},{""node"":""per::baracko"",""label"":""Baracko"",""count"":4},{""node"":""topic::law_justice_crime"",""label"":""Law Justice Crime"",""count"":4},{""node"":""topic::elections_campaigns"",""label"":""Elections Campaigns"",""count"":3},{""node"":""org::r"",""label"":""R"",""count"":3},{""node"":""mention::lawrence"",""label"":""@lawrence"",""count"":3}]"
2012-W07,2012-02-13,2012-02-19,62,62,0,1,61,61,182,24,23,15,Media Communications,topic::media_communications,38,China,loc::china,12,"[{""node"":""topic::media_communications"",""label"":""Media Communications"",""count"":38},{""node"":""mention::barackobama"",""label"":""@barackobama"",""count"":19},{""node"":""topic::foreign_policy_diplomacy"",""label"":""Foreign Policy Diplomacy"",""count"":17},{""node"":""loc::china"",""label"":""China"",""count"":12},{""node"":""loc::america"",""label"":""America"",""count"":9},{""node"":""per::baracko"",""label"":""Baracko"",""count"":8},{""node"":""topic::energy_environment"",""label"":""Energy Environment"",""count"":8},{""node"":""topic::health_public_health"",""label"":""Health Public Health"",""count"":8},{""node"":""org::barackobama"",""label"":""Barackobama"",""count"":4},{""node"":""topic::congress_governance"",""label"":""Congress Governance"",""count"":3},{""node"":""per::mi"",""label"":""Mi"",""count"":3},{""node"":""per::trump"",""label"":""Trump"",""count"":3}]"
2012-W08,2012-02-20,2012-02-26,41,41,0,1,40,56,211,15,16,10,Media Communications,topic::media_communications,23,America,loc::america,5,"[{""node"":""topic::media_communications"",""label"":""Media Communications"",""count"":23},{""node"":""mention::barackobama"",""label"":""@barackobama"",""count"":9},{""node"":""topic::energy_environment"",""label"":""Energy Environment"",""count"":8},{""node"":""mention::mittromney"",""label"":""@mittromney"",""count"":8},{""node"":""topic::foreign_policy_diplomacy"",""label"":""Foreign Policy Diplomacy"",""count"":7},{""node"":""topic::elections_campaigns"",""label"":""Elections Campaigns"",""count"":6},{""node"":""loc::america"",""label"":""America"",""count"":5},{""node"":""loc::iran"",""label"":""Iran"",""count"":4},{""node"":""loc::michigan"",""label"":""Michigan"",""count"":4},{""node"":""per::mi"",""label"":""Mi"",""count"":4},{""node"":""loc::china"",""label"":""China"",""count"":4},{""node"":""org::mi"",""label"":""Mi"",""count"":4}]"
2012-W09,2012-02-27,2012-03-04,32,32,0,0,32,45,145,13,13,6,Media Communications,topic::media_communications,10,Barackobama,org::barackobama,5,"[{""node"":""mention::barackobama"",""label"":""@barackobama"",""count"":12},{""node"":""topic::media_communications"",""label"":""Media Communications"",""count"":10},{""node"":""topic::energy_environment"",""label"":""Energy Environment"",""count"":9},{""node"":""topic::foreign_policy_diplomacy"",""label"":""Foreign Policy Diplomacy"",""count"":8},{""node"":""mention::mittromney"",""label"":""@mittromney"",""count"":5},{""node"":""org::barackobama"",""label"":""Barackobama"",""count"":5},{""node"":""loc::america"",""label"":""America"",""count"":4},{""node"":""per::mi"",""label"":""Mi"",""count"":4},{""node"":""topic::health_public_health"",""label"":""Health Public Health"",""count"":4},{""node"":""topic::law_justice_crime"",""label"":""Law Justice Crime"",""count"":3},{""node"":""topic::elections_campaigns"",""label"":""Elections Campaigns"",""count"":3},{""node"":""org::r"",""label"":""R"",""count"":2}]"
2012-W10,2012-03-05,2012-03-11,36,36,0,0,36,56,188,13,12,11,Media Communications,topic::media_communications,16,Baracko,per::baracko,5,"[{""node"":""topic::media_communications"",""label"":""Media Communications"",""count"":16},{""node"":""mention::barackobama"",""label"":""@barackobama"",""count"":15},{""node"":""mention::mittromney"",""label"":""@mittromney"",""count"":8},{""node"":""topic::elections_campaigns"",""label"":""Elections Campaigns"",""count"":8},{""node"":""topic::foreign_policy_diplomacy"",""label"":""Foreign Policy Diplomacy"",""count"":5},{""node"":""per::baracko"",""label"":""Baracko"",""count"":5},{""node"":""topic::endorsements_appointments"",""label"":""Endorsements Appointments"",""count"":4},{""node"":""topic::law_justice_crime"",""label"":""Law Justice Crime"",""count"":4},{""node"":""topic::energy_environment"",""label"":""Energy Environment"",""count"":4},{""node"":""loc::china"",""label"":""China"",""count"":4},{""node"":""topic::health_public_health"",""label"":""Health Public Health"",""count"":3},{""node"":""per::barackobama"",""label"":""Barackobama"",""count"":3}]"
2012-W11,2012-03-12,2012-03-18,48,48,0,0,48,53,172,24,17,7,Media Communications,topic::media_communications,19,Ricksantorum,per::ricksantorum,4,"[{""node"":""topic::media_communications"",""label"":""Media Communications"",""count"":19},{""node"":""mention::barackobama"",""label"":""@barackobama"",""count"":14},{""node"":""topic::energy_environment"",""label"":""Energy Environment"",""count"":13},{""node"":""topic::elections_campaigns"",""label"":""Elections Campaigns"",""count"":10},{""node"":""topic::law_justice_crime"",""label"":""Law Justice Crime"",""count"":7},{""node"":""topic::health_public_health"",""label"":""Health Public Health"",""count"":6},{""node"":""topic::foreign_policy_diplomacy"",""label"":""Foreign Policy Diplomacy"",""count"":5},{""node"":""mention::ricksantorum"",""label"":""@ricksantorum"",""count"":5},{""node"":""per::ricksantorum"",""label"":""Ricksantorum"",""count"":4},{""node"":""hashtag::celebapprentice"",""label"":""#celebapprentice"",""count"":4},{""node"":""loc::afghanistan"",""label"":""Afghanistan"",""count"":3},{""node"":""per::mi"",""label"":""Mi"",""count"":3}]"
2012-W12,2012-03-19,2012-03-25,36,36,0,0,36,59,219,19,6,11,Media Communications,topic::media_communications,22,Rosie,per::rosie,3,"[{""node"":""topic::media_communications"",""label"":""Media Communications"",""count"":22},{""node"":""mention::barackobama"",""label"":""@barackobama"",""count"":9},{""node"":""topic::energy_environment"",""label"":""Energy Environment"",""count"":7},{""node"":""topic::elections_campaigns"",""label"":""Elections Campaigns"",""count"":5},{""node"":""mention::mittromney"",""label"":""@mittromney"",""count"":4},{""node"":""topic::health_public_health"",""label"":""Health Public Health"",""count"":4},{""node"":""topic::law_justice_crime"",""label"":""Law Justice Crime"",""count"":4},{""node"":""per::rosie"",""label"":""Rosie"",""count"":3},{""node"":""mention::foxandfriends"",""label"":""@foxandfriends"",""count"":3},{""node"":""mention::rosie"",""label"":""@rosie"",""count"":3},{""node"":""per::baracko"",""label"":""Baracko"",""count"":3},{""node"":""org::r"",""label"":""R"",""count"":3}]"
2012-W13,2012-03-26,2012-04-01,51,51,0,0,51,69,233,21,23,7,Media Communications,topic::media_communications,26,Baracko,per::baracko,5,"[{""node"":""topic::media_communications"",""label"":""Media Communications"",""count"":26},{""node"":""mention::barackobama"",""label"":""@barackobama"",""count"":14},{""node"":""topic::health_public_health"",""label"":""Health Public Health"",""count"":14},{""node"":""topic::energy_environment"",""label"":""Energy Environment"",""count"":13},{""node"":""mention::mittromney"",""label"":""@mittromney"",""count"":7},{""node"":""topic::elections_campaigns"",""label"":""Elections Campaigns"",""count"":6},{""node"":""per::baracko"",""label"":""Baracko"",""count"":5},{""node"":""topic::foreign_policy_diplomacy"",""label"":""Foreign Policy Diplomacy"",""count"":5},{""node"":""mention::gretawire"",""label"":""@gretawire"",""count"":4},{""node"":""topic::endorsements_appointments"",""label"":""Endorsements Appointments"",""count"":3},{""node"":""loc::china"",""label"":""China"",""count"":3},{""node"":""topic::law_justice_crime"",""label"":""Law Justice Crime"",""count"":3}]"
2012-W14,2012-04-02,2012-04-08,47,47,0,0,47,67,248,16,18,13,Media Communications,topic::media_communications,24,Barackobama,per::barackobama,5,"[{""node"":""topic::media_communications"",""label"":""Media Communications"",""count"":24},{""node"":""mention::barackobama"",""label"":""@barackobama"",""count"":15},{""node"":""topic::foreign_policy_diplomacy"",""label"":""Foreign Policy Diplomacy"",""count"":9},{""node"":""topic::health_public_health"",""label"":""Health Public Health"",""count"":9},{""node"":""topic::energy_environment"",""label"":""Energy Environment"",""count"":9},{""node"":""per::barackobama"",""label"":""Barackobama"",""count"":5},{""node"":""loc::america"",""label"":""America"",""count"":4},{""node"":""topic::elections_campaigns"",""label"":""Elections Campaigns"",""count"":4},{""node"":""per::ricksantorum"",""label"":""Ricksantorum"",""count"":4},{""node"":""mention::ricksantorum"",""label"":""@ricksantorum"",""count"":4},{""node"":""mention::mittromney"",""label"":""@mittromney"",""count"":4},{""node"":""loc::china"",""label"":""China"",""count"":4}]"
2012-W15,2012-04-09,2012-04-15,40,40,0,0,40,52,139,12,16,12,Media Communications,topic::media_communications,24,China,loc::china,3,"[{""node"":""topic::media_communications"",""label"":""Media Communications"",""count"":24},{""node"":""topic::health_public_health"",""label"":""Health Public Health"",""count"":11},{""node"":""mention::barackobama"",""label"":""@barackobama"",""count"":9},{""node"":""topic::elections_campaigns"",""label"":""Elections Campaigns"",""count"":4},{""node"":""topic::energy_environment"",""label"":""Energy Environment"",""count"":4},{""node"":""topic::law_justice_crime"",""label"":""Law Justice Crime"",""count"":4},{""node"":""topic::endorsements_appointments"",""label"":""Endorsements Appointments"",""count"":3},{""node"":""loc::china"",""label"":""China"",""count"":3},{""node"":""loc::america"",""label"":""America"",""count"":3},{""node"":""topic::foreign_policy_diplomacy"",""label"":""Foreign Policy Diplomacy"",""count"":3},{""node"":""org::fda"",""label"":""Fda"",""count"":2},{""node"":""per::baracko"",""label"":""Baracko"",""count"":2}]"
2012-W16,2012-04-16,2012-04-22,38,38,0,0,38,55,145,9,10,19,Media Communications,topic::media_communications,24,Baracko,per::baracko,4,"[{""node"":""topic::media_communications"",""label"":""Media Communications"",""count"":24},{""node"":""mention::barackobama"",""label"":""@barackobama"",""count"":12},{""node"":""topic::health_public_health"",""label"":""Health Public Health"",""count"":5},{""node"":""per::baracko"",""label"":""Baracko"",""count"":4},{""node"":""topic::endorsements_appointments"",""label"":""Endorsements Appointments"",""count"":3},{""node"":""mention::macys"",""label"":""@macys"",""count"":3},{""node"":""mention::mittromney"",""label"":""@mittromney"",""count"":3},{""node"":""topic::energy_environment"",""label"":""Energy Environment"",""count"":3},{""node"":""hashtag::celebrityapprentice"",""label"":""#celebrityapprentice"",""count"":2},{""node"":""hashtag::celebapprentice"",""label"":""#celebapprentice"",""count"":2},{""node"":""per::mi"",""label"":""Mi"",""count"":2},{""node"":""per::r"",""label"":""R"",""count"":2}]"
2012-W17,2012-04-23,2012-04-29,39,39,0,0,39,43,105,14,13,12,Media Communications,topic::media_communications,20,China,loc::china,3,"[{""node"":""topic::media_communications"",""label"":""Media Communications"",""count"":20},{""node"":""topic::health_public_health"",""label"":""Health Public Health"",""count"":10},{""node"":""mention::barackobama"",""label"":""@barackobama"",""count"":9},{""node"":""topic::energy_environment"",""label"":""Energy Environment"",""count"":8},{""node"":""topic::foreign_policy_diplomacy"",""label"":""Foreign Policy Diplomacy"",""count"":6},{""node"":""topic::endorsements_appointments"",""label"":""Endorsements Appointments"",""count"":3},{""node"":""loc::china"",""label"":""China"",""count"":3},{""node"":""topic::elections_campaigns"",""label"":""Elections Campaigns"",""count"":3},{""node"":""mention::nbc"",""label"":""@nbc"",""count"":2},{""node"":""org::r"",""label"":""R"",""count"":2},{""node"":""mention::mittromney"",""label"":""@mittromney"",""count"":2},{""node"":""loc::scotland"",""label"":""Scotland"",""count"":2}]"
2012-W18,2012-04-30,2012-05-06,44,44,0,0,44,56,177,17,15,12,Media Communications,topic::media_communications,26,America,loc::america,4,"[{""node"":""topic::media_communications"",""label"":""Media Communications"",""count"":26},{""node"":""mention::barackobama"",""label"":""@barackobama"",""count"":11},{""node"":""topic::health_public_health"",""label"":""Health Public Health"",""count"":8},{""node"":""topic::law_justice_crime"",""label"":""Law Justice Crime"",""count"":6},{""node"":""topic::energy_environment"",""label"":""Energy Environment"",""count"":6},{""node"":""topic::foreign_policy_diplomacy"",""label"":""Foreign Policy Diplomacy"",""count"":4},{""node"":""loc::america"",""label"":""America"",""count"":4},{""node"":""per::baracko"",""label"":""Baracko"",""count"":4},{""node"":""loc::china"",""label"":""China"",""count"":4},{""node"":""topic::endorsements_appointments"",""label"":""Endorsements Appointments"",""count"":3},{""node"":""topic::congress_governance"",""label"":""Congress Governance"",""count"":3},{""node"":""mention::squawkcnbc"",""label"":""@squawkcnbc"",""count"":2}]"
2012-W19,2012-05-07,2012-05-13,69,69,0,0,69,73,207,21,22,26,Media Communications,topic::media_communications,45,Us,loc::us,4,"[{""node"":""topic::media_communications"",""label"":""Media Communications"",""count"":45},{""node"":""hashtag::sweepstweet"",""label"":""#sweepstweet"",""count"":21},{""node"":""mention::mittromney"",""label"":""@mittromney"",""count"":8},{""node"":""mention::barackobama"",""label"":""@barackobama"",""count"":8},{""node"":""topic::health_public_health"",""label"":""Health Public Health"",""count"":8},{""node"":""hashtag::celebrityapprentice"",""label"":""#celebrityapprentice"",""count"":7},{""node"":""topic::endorsements_appointments"",""label"":""Endorsements Appointments"",""count"":7},{""node"":""topic::elections_campaigns"",""label"":""Elections Campaigns"",""count"":7},{""node"":""topic::energy_environment"",""label"":""Energy Environment"",""count"":7},{""node"":""mention::lisalampanelli"",""label"":""@lisalampanelli"",""count"":6},{""node"":""topic::foreign_policy_diplomacy"",""label"":""Foreign Policy Diplomacy"",""count"":6},{""node"":""mention::johnrich"",""label"":""@johnrich"",""count"":5}]"
2012-W20,2012-05-14,2012-05-20,39,39,0,0,39,63,245,15,13,11,Media Communications,topic::media_communications,24,Mi,per::mi,4,"[{""node"":""topic::media_communications"",""label"":""Media Communications"",""count"":24},{""node"":""mention::barackobama"",""label"":""@barackobama"",""count"":12},{""node"":""topic::health_public_health"",""label"":""Health Public Health"",""count"":11},{""node"":""mention::mittromney"",""label"":""@mittromney"",""count"":7},{""node"":""topic::elections_campaigns"",""label"":""Elections Campaigns"",""count"":5},{""node"":""per::mi"",""label"":""Mi"",""count"":4},{""node"":""per::mark zuckerberg"",""label"":""Mark Zuckerberg"",""count"":4},{""node"":""org::r"",""label"":""R"",""count"":4},{""node"":""topic::energy_environment"",""label"":""Energy Environment"",""count"":3},{""node"":""topic::foreign_policy_diplomacy"",""label"":""Foreign Policy Diplomacy"",""count"":3},{""node"":""topic::law_justice_crime"",""label"":""Law Justice Crime"",""count"":3},{""node"":""loc::china"",""label"":""China"",""count"":2}]"
2012-W21,2012-05-21,2012-05-27,42,42,0,0,42,58,177,11,15,16,Media Communications,topic::media_communications,26,Baracko,per::baracko,8,"[{""node"":""topic::media_communications"",""label"":""Media Communications"",""count"":26},{""node"":""mention::barackobama"",""label"":""@barackobama"",""count"":15},{""node"":""per::baracko"",""label"":""Baracko"",""count"":8},{""node"":""topic::health_public_health"",""label"":""Health Public Health"",""count"":5},{""node"":""topic::elections_campaigns"",""label"":""Elections Campaigns"",""count"":5},{""node"":""topic::energy_environment"",""label"":""Energy Environment"",""count"":4},{""node"":""topic::endorsements_appointments"",""label"":""Endorsements Appointments"",""count"":3},{""node"":""mention::mittromney"",""label"":""@mittromney"",""count"":3},{""node"":""topic::social_culture_education"",""label"":""Social Culture Education"",""count"":3},{""node"":""per::wright"",""label"":""Wright"",""count"":2},{""node"":""per::obama"",""label"":""Obama"",""count"":2},{""node"":""per::mi"",""label"":""Mi"",""count"":2}]"
2012-W22,2012-05-28,2012-06-03,60,60,0,0,60,76,229,23,22,15,Media Communications,topic::media_communications,42,Baracko,per::baracko,7,"[{""node"":""topic::media_communications"",""label"":""Media Communications"",""count"":42},{""node"":""mention::barackobama"",""label"":""@barackobama"",""count"":22},{""node"":""mention::mittromney"",""label"":""@mittromney"",""count"":12},{""node"":""topic::elections_campaigns"",""label"":""Elections Campaigns"",""count"":10},{""node"":""topic::health_public_health"",""label"":""Health Public Health"",""count"":9},{""node"":""per::baracko"",""label"":""Baracko"",""count"":7},{""node"":""per::mi"",""label"":""Mi"",""count"":5},{""node"":""topic::energy_environment"",""label"":""Energy Environment"",""count"":5},{""node"":""per::ttr"",""label"":""Ttr"",""count"":4},{""node"":""per::barackobama"",""label"":""Barackobama"",""count"":4},{""node"":""topic::endorsements_appointments"",""label"":""Endorsements Appointments"",""count"":4},{""node"":""mention::missusa"",""label"":""@missusa"",""count"":4}]"
2012-W23,2012-06-04,2012-06-10,47,47,0,0,47,58,142,21,7,19,Media Communications,topic::media_communications,31,Obama,per::obama,4,"[{""node"":""topic::media_communications"",""label"":""Media Communications"",""count"":31},{""node"":""mention::barackobama"",""label"":""@barackobama"",""count"":12},{""node"":""topic::health_public_health"",""label"":""Health Public Health"",""count"":10},{""node"":""hashtag::missusa"",""label"":""#missusa"",""count"":4},{""node"":""topic::endorsements_appointments"",""label"":""Endorsements Appointments"",""count"":4},{""node"":""per::obama"",""label"":""Obama"",""count"":4},{""node"":""per::baracko"",""label"":""Baracko"",""count"":4},{""node"":""loc::china"",""label"":""China"",""count"":3},{""node"":""loc::wisconsin"",""label"":""Wisconsin"",""count"":3},{""node"":""per::mi"",""label"":""Mi"",""count"":3},{""node"":""mention::mittromney"",""label"":""@mittromney"",""count"":3},{""node"":""org::nbc"",""label"":""Nbc"",""count"":2}]"
2012-W24,2012-06-11,2012-06-17,48,48,0,0,48,65,191,17,15,16,Media Communications,topic::media_communications,23,China,loc::china,5,"[{""node"":""topic::media_communications"",""label"":""Media Communications"",""count"":23},{""node"":""mention::barackobama"",""label"":""@barackobama"",""count"":11},{""node"":""topic::health_public_health"",""label"":""Health Public Health"",""count"":11},{""node"":""mention::mittromney"",""label"":""@mittromney"",""count"":9},{""node"":""topic::foreign_policy_diplomacy"",""label"":""Foreign Policy Diplomacy"",""count"":8},{""node"":""topic::elections_campaigns"",""label"":""Elections Campaigns"",""count"":6},{""node"":""loc::china"",""label"":""China"",""count"":5},{""node"":""topic::energy_environment"",""label"":""Energy Environment"",""count"":5},{""node"":""topic::law_justice_crime"",""label"":""Law Justice Crime"",""count"":3},{""node"":""topic::endorsements_appointments"",""label"":""Endorsements Appointments"",""count"":3},{""node"":""org::mi"",""label"":""Mi"",""count"":3},{""node"":""org::r"",""label"":""R"",""count"":3}]"
2012-W25,2012-06-18,2012-06-24,31,31,0,0,31,40,104,12,13,6,Media Communications,topic::media_communications,15,Baracko,per::baracko,6,"[{""node"":""topic::media_communications"",""label"":""Media Communications"",""count"":15},{""node"":""mention::barackobama"",""label"":""@barackobama"",""count"":13},{""node"":""per::baracko"",""label"":""Baracko"",""count"":6},{""node"":""topic::elections_campaigns"",""label"":""Elections Campaigns"",""count"":5},{""node"":""topic::law_justice_crime"",""label"":""Law Justice Crime"",""count"":5},{""node"":""topic::foreign_policy_diplomacy"",""label"":""Foreign Policy Diplomacy"",""count"":4},{""node"":""topic::health_public_health"",""label"":""Health Public Health"",""count"":4},{""node"":""topic::endorsements_appointments"",""label"":""Endorsements Appointments"",""count"":3},{""node"":""per::barackobama"",""label"":""Barackobama"",""count"":2},{""node"":""mention::mittromney"",""label"":""@mittromney"",""count"":2},{""node"":""loc::u. s"",""label"":""U. S"",""count"":2},{""node"":""topic::energy_environment"",""label"":""Energy Environment"",""count"":2}]"
2012-W26,2012-06-25,2012-07-01,38,38,0,0,38,46,131,12,15,11,Health Public Health,topic::health_public_health,16,Baracko,per::baracko,4,"[{""node"":""topic::health_public_health"",""label"":""Health Public Health"",""count"":16},{""node"":""mention::barackobama"",""label"":""@barackobama"",""count"":12},{""node"":""topic::media_communications"",""label"":""Media Communications"",""count"":10},{""node"":""topic::elections_campaigns"",""label"":""Elections Campaigns"",""count"":9},{""node"":""mention::mittromney"",""label"":""@mittromney"",""count"":7},{""node"":""per::baracko"",""label"":""Baracko"",""count"":4},{""node"":""per::mi"",""label"":""Mi"",""count"":4},{""node"":""topic::foreign_policy_diplomacy"",""label"":""Foreign Policy Diplomacy"",""count"":3},{""node"":""org::muslim brotherhood"",""label"":""Muslim Brotherhood"",""count"":3},{""node"":""per::barackobama"",""label"":""Barackobama"",""count"":3},{""node"":""mention::obamacare"",""label"":""@obamacare"",""count"":3},{""node"":""topic::energy_environment"",""label"":""Energy Environment"",""count"":3}]"
2012-W27,2012-07-02,2012-07-08,35,35,0,0,35,45,116,15,11,9,Media Communications,topic::media_communications,24,Baracko,per::baracko,4,"[{""node"":""topic::media_communications"",""label"":""Media Communications"",""count"":24},{""node"":""mention::barackobama"",""label"":""@barackobama"",""count"":11},{""node"":""topic::health_public_health"",""label"":""Health Public Health"",""count"":9},{""node"":""topic::law_justice_crime"",""label"":""Law Justice Crime"",""count"":5},{""node"":""topic::elections_campaigns"",""label"":""Elections Campaigns"",""count"":5},{""node"":""per::baracko"",""label"":""Baracko"",""count"":4},{""node"":""mention::mittromney"",""label"":""@mittromney"",""count"":3},{""node"":""topic::foreign_policy_diplomacy"",""label"":""Foreign Policy Diplomacy"",""count"":3},{""node"":""loc::america"",""label"":""America"",""count"":3},{""node"":""org::barackobama"",""label"":""Barackobama"",""count"":3},{""node"":""loc::china"",""label"":""China"",""count"":2},{""node"":""topic::energy_environment"",""label"":""Energy Environment"",""count"":2}]"
2012-W28,2012-07-09,2012-07-15,42,42,0,0,42,52,157,18,11,13,Media Communications,topic::media_communications,26,Baracko,per::baracko,6,"[{""node"":""topic::media_communications"",""label"":""Media Communications"",""count"":26},{""node"":""mention::barackobama"",""label"":""@barackobama"",""count"":20},{""node"":""mention::mittromney"",""label"":""@mittromney"",""count"":9},{""node"":""topic::elections_campaigns"",""label"":""Elections Campaigns"",""count"":7},{""node"":""per::baracko"",""label"":""Baracko"",""count"":6},{""node"":""topic::health_public_health"",""label"":""Health Public Health"",""count"":6},{""node"":""per::barackobama"",""label"":""Barackobama"",""count"":5},{""node"":""loc::scotland"",""label"":""Scotland"",""count"":4},{""node"":""org::barackobama"",""label"":""Barackobama"",""count"":4},{""node"":""topic::law_justice_crime"",""label"":""Law Justice Crime"",""count"":4},{""node"":""org::r"",""label"":""R"",""count"":4},{""node"":""topic::social_culture_education"",""label"":""Social Culture Education"",""count"":3}]"
2012-W29,2012-07-16,2012-07-22,71,71,0,0,71,75,228,29,25,17,Media Communications,topic::media_communications,48,Baracko,per::baracko,13,"[{""node"":""topic::media_communications"",""label"":""Media Communications"",""count"":48},{""node"":""mention::barackobama"",""label"":""@barackobama"",""count"":38},{""node"":""topic::health_public_health"",""label"":""Health Public Health"",""count"":13},{""node"":""per::baracko"",""label"":""Baracko"",""count"":13},{""node"":""topic::elections_campaigns"",""label"":""Elections Campaigns"",""count"":10},{""node"":""topic::law_justice_crime"",""label"":""Law Justice Crime"",""count"":9},{""node"":""mention::mittromney"",""label"":""@mittromney"",""count"":7},{""node"":""org::barackobama"",""label"":""Barackobama"",""count"":6},{""node"":""per::barackobama"",""label"":""Barackobama"",""count"":6},{""node"":""org::r"",""label"":""R"",""count"":4},{""node"":""topic::energy_environment"",""label"":""Energy Environment"",""count"":4},{""node"":""per::mi"",""label"":""Mi"",""count"":3}]"
2012-W30,2012-07-23,2012-07-29,34,34,0,0,34,56,161,15,13,6,Media Communications,topic::media_communications,17,R,org::r,3,"[{""node"":""topic::media_communications"",""label"":""Media Communications"",""count"":17},{""node"":""mention::barackobama"",""label"":""@barackobama"",""count"":15},{""node"":""mention::mittromney"",""label"":""@mittromney"",""count"":8},{""node"":""topic::elections_campaigns"",""label"":""Elections Campaigns"",""count"":6},{""node"":""topic::health_public_health"",""label"":""Health Public Health"",""count"":3},{""node"":""org::r"",""label"":""R"",""count"":3},{""node"":""org::mi"",""label"":""Mi"",""count"":3},{""node"":""topic::energy_environment"",""label"":""Energy Environment"",""count"":3},{""node"":""per::barackobama"",""label"":""Barackobama"",""count"":3},{""node"":""topic::law_justice_crime"",""label"":""Law Justice Crime"",""count"":3},{""node"":""loc::china"",""label"":""China"",""count"":3},{""node"":""topic::foreign_policy_diplomacy"",""label"":""Foreign Policy Diplomacy"",""count"":2}]"
2012-W31,2012-07-30,2012-08-05,45,45,0,0,45,60,247,16,14,15,Media Communications,topic::media_communications,22,Barackobama,per::barackobama,5,"[{""node"":""topic::media_communications"",""label"":""Media Communications"",""count"":22},{""node"":""mention::barackobama"",""label"":""@barackobama"",""count"":17},{""node"":""topic::health_public_health"",""label"":""Health Public Health"",""count"":11},{""node"":""topic::elections_campaigns"",""label"":""Elections Campaigns"",""count"":10},{""node"":""mention::mittromney"",""label"":""@mittromney"",""count"":10},{""node"":""topic::foreign_policy_diplomacy"",""label"":""Foreign Policy Diplomacy"",""count"":8},{""node"":""topic::endorsements_appointments"",""label"":""Endorsements Appointments"",""count"":5},{""node"":""per::barackobama"",""label"":""Barackobama"",""count"":5},{""node"":""per::mi"",""label"":""Mi"",""count"":5},{""node"":""per::baracko"",""label"":""Baracko"",""count"":5},{""node"":""loc::us"",""label"":""Us"",""count"":4},{""node"":""topic::energy_environment"",""label"":""Energy Environment"",""count"":3}]"
2012-W32,2012-08-06,2012-08-12,83,83,0,1,82,80,287,35,25,23,Media Communications,topic::media_communications,52,Baracko,per::baracko,12,"[{""node"":""topic::media_communications"",""label"":""Media Communications"",""count"":52},{""node"":""mention::barackobama"",""label"":""@barackobama"",""count"":27},{""node"":""topic::health_public_health"",""label"":""Health Public Health"",""count"":20},{""node"":""per::baracko"",""label"":""Baracko"",""count"":12},{""node"":""topic::energy_environment"",""label"":""Energy Environment"",""count"":10},{""node"":""topic::law_justice_crime"",""label"":""Law Justice Crime"",""count"":9},{""node"":""loc::china"",""label"":""China"",""count"":8},{""node"":""topic::elections_campaigns"",""label"":""Elections Campaigns"",""count"":7},{""node"":""mention::mittromney"",""label"":""@mittromney"",""count"":7},{""node"":""topic::foreign_policy_diplomacy"",""label"":""Foreign Policy Diplomacy"",""count"":7},{""node"":""org::mi"",""label"":""Mi"",""count"":4},{""node"":""loc::america"",""label"":""America"",""count"":4}]"
2012-W33,2012-08-13,2012-08-19,77,77,0,0,77,81,276,33,16,28,Media Communications,topic::media_communications,46,Baracko,per::baracko,9,"[{""node"":""topic::media_communications"",""label"":""Media Communications"",""count"":46},{""node"":""mention::barackobama"",""label"":""@barackobama"",""count"":19},{""node"":""topic::health_public_health"",""label"":""Health Public Health"",""count"":14},{""node"":""mention::mittromney"",""label"":""@mittromney"",""count"":12},{""node"":""topic::foreign_policy_diplomacy"",""label"":""Foreign Policy Diplomacy"",""count"":11},{""node"":""topic::elections_campaigns"",""label"":""Elections Campaigns"",""count"":10},{""node"":""per::baracko"",""label"":""Baracko"",""count"":9},{""node"":""mention::paulryanvp"",""label"":""@paulryanvp"",""count"":8},{""node"":""topic::energy_environment"",""label"":""Energy Environment"",""count"":8},{""node"":""per::mi"",""label"":""Mi"",""count"":7},{""node"":""loc::china"",""label"":""China"",""count"":6},{""node"":""per::barackobama"",""label"":""Barackobama"",""count"":5}]"
2012-W34,2012-08-20,2012-08-26,77,77,0,0,77,96,289,26,14,37,Media Communications,topic::media_communications,45,Baracko,per::baracko,6,"[{""node"":""topic::media_communications"",""label"":""Media Communications"",""count"":45},{""node"":""mention::barackobama"",""label"":""@barackobama"",""count"":18},{""node"":""topic::health_public_health"",""label"":""Health Public Health"",""count"":12},{""node"":""topic::energy_environment"",""label"":""Energy Environment"",""count"":10},{""node"":""topic::foreign_policy_diplomacy"",""label"":""Foreign Policy Diplomacy"",""count"":8},{""node"":""topic::endorsements_appointments"",""label"":""Endorsements Appointments"",""count"":7},{""node"":""topic::elections_campaigns"",""label"":""Elections Campaigns"",""count"":6},{""node"":""per::baracko"",""label"":""Baracko"",""count"":6},{""node"":""mention::rnc"",""label"":""@rnc"",""count"":5},{""node"":""mention::mittromney"",""label"":""@mittromney"",""count"":5},{""node"":""per::barackobama"",""label"":""Barackobama"",""count"":5},{""node"":""loc::america"",""label"":""America"",""count"":3}]"
2012-W35,2012-08-27,2012-09-02,79,79,0,0,79,88,336,40,17,22,Media Communications,topic::media_communications,40,Mi,per::mi,12,"[{""node"":""topic::media_communications"",""label"":""Media Communications"",""count"":40},{""node"":""mention::barackobama"",""label"":""@barackobama"",""count"":20},{""node"":""topic::health_public_health"",""label"":""Health Public Health"",""count"":15},{""node"":""mention::mittromney"",""label"":""@mittromney"",""count"":13},{""node"":""topic::energy_environment"",""label"":""Energy Environment"",""count"":12},{""node"":""per::mi"",""label"":""Mi"",""count"":12},{""node"":""topic::elections_campaigns"",""label"":""Elections Campaigns"",""count"":12},{""node"":""loc::china"",""label"":""China"",""count"":10},{""node"":""per::baracko"",""label"":""Baracko"",""count"":8},{""node"":""topic::foreign_policy_diplomacy"",""label"":""Foreign Policy Diplomacy"",""count"":7},{""node"":""per::ttr"",""label"":""Ttr"",""count"":6},{""node"":""per::barackobama"",""label"":""Barackobama"",""count"":5}]"
2012-W36,2012-09-03,2012-09-09,58,58,0,0,58,61,166,31,13,14,Media Communications,topic::media_communications,34,Barackobama,per::barackobama,5,"[{""node"":""topic::media_communications"",""label"":""Media Communications"",""count"":34},{""node"":""mention::barackobama"",""label"":""@barackobama"",""count"":21},{""node"":""topic::health_public_health"",""label"":""Health Public Health"",""count"":12},{""node"":""topic::energy_environment"",""label"":""Energy Environment"",""count"":6},{""node"":""topic::law_justice_crime"",""label"":""Law Justice Crime"",""count"":5},{""node"":""per::barackobama"",""label"":""Barackobama"",""count"":5},{""node"":""mention::dnc"",""label"":""@dnc"",""count"":4},{""node"":""per::baracko"",""label"":""Baracko"",""count"":4},{""node"":""mention::mittromney"",""label"":""@mittromney"",""count"":4},{""node"":""loc::us"",""label"":""Us"",""count"":4},{""node"":""topic::defense_military_veterans"",""label"":""Defense Military Veterans"",""count"":4},{""node"":""org::barackobama"",""label"":""Barackobama"",""count"":3}]"
2012-W37,2012-09-10,2012-09-16,87,87,0,1,86,89,282,51,23,13,Media Communications,topic::media_communications,45,Obama,per::obama,33,"[{""node"":""topic::media_communications"",""label"":""Media Communications"",""count"":45},{""node"":""per::obama"",""label"":""Obama"",""count"":33},{""node"":""topic::foreign_policy_diplomacy"",""label"":""Foreign Policy Diplomacy"",""count"":33},{""node"":""topic::health_public_health"",""label"":""Health Public Health"",""count"":13},{""node"":""topic::law_justice_crime"",""label"":""Law Justice Crime"",""count"":9},{""node"":""loc::egypt"",""label"":""Egypt"",""count"":9},{""node"":""topic::elections_campaigns"",""label"":""Elections Campaigns"",""count"":8},{""node"":""loc::libya"",""label"":""Libya"",""count"":8},{""node"":""topic::energy_environment"",""label"":""Energy Environment"",""count"":6},{""node"":""mention::mittromney"",""label"":""@mittromney"",""count"":6},{""node"":""topic::defense_military_veterans"",""label"":""Defense Military Veterans"",""count"":5},{""node"":""per::barack obama"",""label"":""Barack Obama"",""count"":4}]"
2012-W38,2012-09-17,2012-09-23,83,83,0,0,83,72,209,30,28,25,Media Communications,topic::media_communications,48,Obama,per::obama,20,"[{""node"":""topic::media_communications"",""label"":""Media Communications"",""count"":48},{""node"":""per::obama"",""label"":""Obama"",""count"":20},{""node"":""topic::health_public_health"",""label"":""Health Public Health"",""count"":19},{""node"":""topic::energy_environment"",""label"":""Energy Environment"",""count"":15},{""node"":""topic::foreign_policy_diplomacy"",""label"":""Foreign Policy Diplomacy"",""count"":9},{""node"":""mention::mittromney"",""label"":""@mittromney"",""count"":7},{""node"":""topic::elections_campaigns"",""label"":""Elections Campaigns"",""count"":5},{""node"":""loc::china"",""label"":""China"",""count"":5},{""node"":""topic::law_justice_crime"",""label"":""Law Justice Crime"",""count"":5},{""node"":""per::mi"",""label"":""Mi"",""count"":4},{""node"":""org::r"",""label"":""R"",""count"":3},{""node"":""topic::endorsements_appointments"",""label"":""Endorsements Appointments"",""count"":3}]"
2012-W39,2012-09-24,2012-09-30,110,110,0,1,109,91,252,38,30,42,Media Communications,topic::media_communications,60,Obama,per::obama,22,"[{""node"":""topic::media_communications"",""label"":""Media Communications"",""count"":60},{""node"":""topic::health_public_health"",""label"":""Health Public Health"",""count"":29},{""node"":""per::obama"",""label"":""Obama"",""count"":22},{""node"":""topic::foreign_policy_diplomacy"",""label"":""Foreign Policy Diplomacy"",""count"":12},{""node"":""topic::energy_environment"",""label"":""Energy Environment"",""count"":10},{""node"":""topic::social_culture_education"",""label"":""Social Culture Education"",""count"":9},{""node"":""topic::elections_campaigns"",""label"":""Elections Campaigns"",""count"":9},{""node"":""mention::libertyu"",""label"":""@libertyu"",""count"":8},{""node"":""topic::law_justice_crime"",""label"":""Law Justice Crime"",""count"":7},{""node"":""mention::mittromney"",""label"":""@mittromney"",""count"":6},{""node"":""loc::china"",""label"":""China"",""count"":5},{""node"":""org::liberty university"",""label"":""Liberty University"",""count"":4}]"
2012-W40,2012-10-01,2012-10-07,85,85,0,0,85,72,222,23,23,39,Media Communications,topic::media_communications,55,Obama,per::obama,24,"[{""node"":""topic::media_communications"",""label"":""Media Communications"",""count"":55},{""node"":""per::obama"",""label"":""Obama"",""count"":24},{""node"":""topic::health_public_health"",""label"":""Health Public Health"",""count"":16},{""node"":""topic::elections_campaigns"",""label"":""Elections Campaigns"",""count"":12},{""node"":""mention::mittromney"",""label"":""@mittromney"",""count"":10},{""node"":""topic::foreign_policy_diplomacy"",""label"":""Foreign Policy Diplomacy"",""count"":9},{""node"":""per::mi"",""label"":""Mi"",""count"":9},{""node"":""topic::energy_environment"",""label"":""Energy Environment"",""count"":9},{""node"":""topic::endorsements_appointments"",""label"":""Endorsements Appointments"",""count"":9},{""node"":""topic::law_justice_crime"",""label"":""Law Justice Crime"",""count"":7},{""node"":""loc::libya"",""label"":""Libya"",""count"":4},{""node"":""per::ttr"",""label"":""Ttr"",""count"":4}]"
2012-W41,2012-10-08,2012-10-14,120,120,0,0,120,87,244,47,34,39,Media Communications,topic::media_communications,64,Obama,per::obama,28,"[{""node"":""topic::media_communications"",""label"":""Media Communications"",""count"":64},{""node"":""per::obama"",""label"":""Obama"",""count"":28},{""node"":""topic::health_public_health"",""label"":""Health Public Health"",""count"":23},{""node"":""topic::elections_campaigns"",""label"":""Elections Campaigns"",""count"":20},{""node"":""topic::foreign_policy_diplomacy"",""label"":""Foreign Policy Diplomacy"",""count"":17},{""node"":""topic::law_justice_crime"",""label"":""Law Justice Crime"",""count"":15},{""node"":""topic::endorsements_appointments"",""label"":""Endorsements Appointments"",""count"":9},{""node"":""topic::energy_environment"",""label"":""Energy Environment"",""count"":8},{""node"":""hashtag::vpdebate"",""label"":""#vpdebate"",""count"":8},{""node"":""org::yankees"",""label"":""Yankees"",""count"":7},{""node"":""mention::yankees"",""label"":""@yankees"",""count"":6},{""node"":""per::b"",""label"":""B"",""count"":5}]"
2012-W42,2012-10-15,2012-10-21,205,205,0,0,205,134,440,94,37,74,Media Communications,topic::media_communications,119,Obama,per::obama,43,"[{""node"":""topic::media_communications"",""label"":""Media Communications"",""count"":119},{""node"":""per::obama"",""label"":""Obama"",""count"":43},{""node"":""topic::health_public_health"",""label"":""Health Public Health"",""count"":36},{""node"":""mention::mittromney"",""label"":""@mittromney"",""count"":26},{""node"":""topic::elections_campaigns"",""label"":""Elections Campaigns"",""count"":24},{""node"":""topic::energy_environment"",""label"":""Energy Environment"",""count"":23},{""node"":""per::mi"",""label"":""Mi"",""count"":20},{""node"":""topic::endorsements_appointments"",""label"":""Endorsements Appointments"",""count"":19},{""node"":""topic::law_justice_crime"",""label"":""Law Justice Crime"",""count"":16},{""node"":""mention::yankees"",""label"":""@yankees"",""count"":13},{""node"":""per::a"",""label"":""A"",""count"":10},{""node"":""topic::foreign_policy_diplomacy"",""label"":""Foreign Policy Diplomacy"",""count"":10}]"
2012-W43,2012-10-22,2012-10-28,164,164,0,2,162,124,401,66,51,47,Media Communications,topic::media_communications,118,Obama,per::obama,53,"[{""node"":""topic::media_communications"",""label"":""Media Communications"",""count"":118},{""node"":""per::obama"",""label"":""Obama"",""count"":53},{""node"":""topic::health_public_health"",""label"":""Health Public Health"",""count"":40},{""node"":""topic::endorsements_appointments"",""label"":""Endorsements Appointments"",""count"":15},{""node"":""topic::foreign_policy_diplomacy"",""label"":""Foreign Policy Diplomacy"",""count"":13},{""node"":""topic::elections_campaigns"",""label"":""Elections Campaigns"",""count"":12},{""node"":""topic::energy_environment"",""label"":""Energy Environment"",""count"":9},{""node"":""per::barack obama"",""label"":""Barack Obama"",""count"":9},{""node"":""mention::mittromney"",""label"":""@mittromney"",""count"":9},{""node"":""per::mi"",""label"":""Mi"",""count"":9},{""node"":""topic::law_justice_crime"",""label"":""Law Justice Crime"",""count"":9},{""node"":""mention::late_show"",""label"":""@late_show"",""count"":9}]"
2012-W44,2012-10-29,2012-11-04,129,129,0,0,129,89,255,55,36,38,Media Communications,topic::media_communications,78,Obama,per::obama,55,"[{""node"":""topic::media_communications"",""label"":""Media Communications"",""count"":78},{""node"":""per::obama"",""label"":""Obama"",""count"":55},{""node"":""topic::health_public_health"",""label"":""Health Public Health"",""count"":22},{""node"":""topic::energy_environment"",""label"":""Energy Environment"",""count"":22},{""node"":""topic::elections_campaigns"",""label"":""Elections Campaigns"",""count"":14},{""node"":""mention::mittromney"",""label"":""@mittromney"",""count"":11},{""node"":""topic::endorsements_appointments"",""label"":""Endorsements Appointments"",""count"":9},{""node"":""loc::trump tower"",""label"":""Trump Tower"",""count"":8},{""node"":""topic::law_justice_crime"",""label"":""Law Justice Crime"",""count"":6},{""node"":""loc::china"",""label"":""China"",""count"":6},{""node"":""topic::foreign_policy_diplomacy"",""label"":""Foreign Policy Diplomacy"",""count"":4},{""node"":""loc::benghazi"",""label"":""Benghazi"",""count"":4}]"
2012-W45,2012-11-05,2012-11-11,167,167,0,0,167,115,325,81,42,44,Media Communications,topic::media_communications,94,Obama,per::obama,30,"[{""node"":""topic::media_communications"",""label"":""Media Communications"",""count"":94},{""node"":""topic::health_public_health"",""label"":""Health Public Health"",""count"":38},{""node"":""topic::energy_environment"",""label"":""Energy Environment"",""count"":34},{""node"":""per::obama"",""label"":""Obama"",""count"":30},{""node"":""topic::elections_campaigns"",""label"":""Elections Campaigns"",""count"":26},{""node"":""mention::mittromney"",""label"":""@mittromney"",""count"":11},{""node"":""loc::america"",""label"":""America"",""count"":11},{""node"":""topic::law_justice_crime"",""label"":""Law Justice Crime"",""count"":9},{""node"":""loc::china"",""label"":""China"",""count"":8},{""node"":""mention::mcuban"",""label"":""@mcuban"",""count"":7},{""node"":""per::mi"",""label"":""Mi"",""count"":7},{""node"":""topic::congress_governance"",""label"":""Congress Governance"",""count"":7}]"
2012-W46,2012-11-12,2012-11-18,84,84,0,0,84,53,87,20,17,47,Media Communications,topic::media_communications,53,Obama,per::obama,3,"[{""node"":""topic::media_communications"",""label"":""Media Communications"",""count"":53},{""node"":""topic::health_public_health"",""label"":""Health Public Health"",""count"":21},{""node"":""topic::energy_environment"",""label"":""Energy Environment"",""count"":11},{""node"":""topic::defense_military_veterans"",""label"":""Defense Military Veterans"",""count"":5},{""node"":""topic::congress_governance"",""label"":""Congress Governance"",""count"":4},{""node"":""mention::cher"",""label"":""@cher"",""count"":4},{""node"":""topic::social_culture_education"",""label"":""Social Culture Education"",""count"":4},{""node"":""per::obama"",""label"":""Obama"",""count"":3},{""node"":""topic::law_justice_crime"",""label"":""Law Justice Crime"",""count"":3},{""node"":""topic::foreign_policy_diplomacy"",""label"":""Foreign Policy Diplomacy"",""count"":3},{""node"":""topic::endorsements_appointments"",""label"":""Endorsements Appointments"",""count"":3},{""node"":""mention::celebapprentice"",""label"":""@celebapprentice"",""count"":3}]"
2012-W47,2012-11-19,2012-11-25,72,72,0,0,72,56,91,24,13,35,Media Communications,topic::media_communications,40,Obama,per::obama,5,"[{""node"":""topic::media_communications"",""label"":""Media Communications"",""count"":40},{""node"":""topic::health_public_health"",""label"":""Health Public Health"",""count"":25},{""node"":""topic::energy_environment"",""label"":""Energy Environment"",""count"":9},{""node"":""per::obama"",""label"":""Obama"",""count"":5},{""node"":""topic::law_justice_crime"",""label"":""Law Justice Crime"",""count"":4},{""node"":""topic::foreign_policy_diplomacy"",""label"":""Foreign Policy Diplomacy"",""count"":4},{""node"":""loc::israel"",""label"":""Israel"",""count"":2},{""node"":""mention::israel"",""label"":""@israel"",""count"":2},{""node"":""topic::congress_governance"",""label"":""Congress Governance"",""count"":2},{""node"":""loc::washington"",""label"":""Washington"",""count"":2},{""node"":""topic::defense_military_veterans"",""label"":""Defense Military Veterans"",""count"":2},{""node"":""mention::erictrumpfdn"",""label"":""@erictrumpfdn"",""count"":2}]"
2012-W48,2012-11-26,2012-12-02,106,106,0,1,105,91,215,20,25,61,Media Communications,topic::media_communications,49,Trump Tower,loc::trump tower,3,"[{""node"":""topic::media_communications"",""label"":""Media Communications"",""count"":49},{""node"":""topic::health_public_health"",""label"":""Health Public Health"",""count"":27},{""node"":""topic::energy_environment"",""label"":""Energy Environment"",""count"":17},{""node"":""topic::endorsements_appointments"",""label"":""Endorsements Appointments"",""count"":15},{""node"":""topic::social_culture_education"",""label"":""Social Culture Education"",""count"":7},{""node"":""topic::foreign_policy_diplomacy"",""label"":""Foreign Policy Diplomacy"",""count"":6},{""node"":""mention::celebapprentice"",""label"":""@celebapprentice"",""count"":6},{""node"":""topic::congress_governance"",""label"":""Congress Governance"",""count"":4},{""node"":""topic::defense_military_veterans"",""label"":""Defense Military Veterans"",""count"":4},{""node"":""topic::law_justice_crime"",""label"":""Law Justice Crime"",""count"":4},{""node"":""mention::traceadkins"",""label"":""@traceadkins"",""count"":4},{""node"":""topic::elections_campaigns"",""label"":""Elections Campaigns"",""count"":3}]"
2012-W49,2012-12-03,2012-12-09,155,155,0,0,155,104,259,48,25,82,Media Communications,topic::media_communications,94,Lord,per::lord,10,"[{""node"":""topic::media_communications"",""label"":""Media Communications"",""count"":94},{""node"":""topic::health_public_health"",""label"":""Health Public Health"",""count"":31},{""node"":""topic::endorsements_appointments"",""label"":""Endorsements Appointments"",""count"":22},{""node"":""mention::lord_sugar"",""label"":""@lord_sugar"",""count"":18},{""node"":""topic::energy_environment"",""label"":""Energy Environment"",""count"":17},{""node"":""per::lord"",""label"":""Lord"",""count"":10},{""node"":""topic::congress_governance"",""label"":""Congress Governance"",""count"":8},{""node"":""mention::ivankatrump"",""label"":""@ivankatrump"",""count"":6},{""node"":""topic::social_culture_education"",""label"":""Social Culture Education"",""count"":6},{""node"":""loc::scotland"",""label"":""Scotland"",""count"":6},{""node"":""topic::foreign_policy_diplomacy"",""label"":""Foreign Policy Diplomacy"",""count"":6},{""node"":""topic::elections_campaigns"",""label"":""Elections Campaigns"",""count"":5}]"
2012-W50,2012-12-10,2012-12-16,75,75,0,0,75,65,171,24,19,32,Media Communications,topic::media_communications,47,Lord,per::lord,6,"[{""node"":""topic::media_communications"",""label"":""Media Communications"",""count"":47},{""node"":""topic::health_public_health"",""label"":""Health Public Health"",""count"":11},{""node"":""topic::energy_environment"",""label"":""Energy Environment"",""count"":10},{""node"":""topic::foreign_policy_diplomacy"",""label"":""Foreign Policy Diplomacy"",""count"":8},{""node"":""mention::lord_sugar"",""label"":""@lord_sugar"",""count"":7},{""node"":""topic::endorsements_appointments"",""label"":""Endorsements Appointments"",""count"":7},{""node"":""per::lord"",""label"":""Lord"",""count"":6},{""node"":""loc::china"",""label"":""China"",""count"":5},{""node"":""topic::elections_campaigns"",""label"":""Elections Campaigns"",""count"":4},{""node"":""mention::celebapprentice"",""label"":""@celebapprentice"",""count"":4},{""node"":""loc::uk"",""label"":""Uk"",""count"":3},{""node"":""loc::florida"",""label"":""Florida"",""count"":2}]"
2012-W51,2012-12-17,2012-12-23,96,96,0,0,96,57,131,21,17,58,Media Communications,topic::media_communications,72,Vanityfair,org::vanityfair,9,"[{""node"":""topic::media_communications"",""label"":""Media Communications"",""count"":72},{""node"":""topic::health_public_health"",""label"":""Health Public Health"",""count"":28},{""node"":""topic::energy_environment"",""label"":""Energy Environment"",""count"":12},{""node"":""mention::vanityfair"",""label"":""@vanityfair"",""count"":11},{""node"":""org::vanityfair"",""label"":""Vanityfair"",""count"":9},{""node"":""hashtag::missuniverse"",""label"":""#missuniverse"",""count"":9},{""node"":""topic::endorsements_appointments"",""label"":""Endorsements Appointments"",""count"":7},{""node"":""mention::nbc"",""label"":""@nbc"",""count"":5},{""node"":""per::don carter"",""label"":""Don Carter"",""count"":5},{""node"":""per::gray"",""label"":""Gray"",""count"":5},{""node"":""topic::law_justice_crime"",""label"":""Law Justice Crime"",""count"":4},{""node"":""mention::rosie"",""label"":""@rosie"",""count"":4}]"
2012-W52,2012-12-24,2012-12-30,46,46,0,0,46,39,75,8,10,28,Media Communications,topic::media_communications,24,Donald Trump,per::donald trump,3,"[{""node"":""topic::media_communications"",""label"":""Media Communications"",""count"":24},{""node"":""topic::health_public_health"",""label"":""Health Public Health"",""count"":13},{""node"":""topic::energy_environment"",""label"":""Energy Environment"",""count"":7},{""node"":""topic::congress_governance"",""label"":""Congress Governance"",""count"":7},{""node"":""topic::social_culture_education"",""label"":""Social Culture Education"",""count"":4},{""node"":""per::donald trump"",""label"":""Donald Trump"",""count"":3},{""node"":""mention::celebapprentice"",""label"":""@celebapprentice"",""count"":3},{""node"":""per::obama"",""label"":""Obama"",""count"":3},{""node"":""mention::liljon"",""label"":""@liljon"",""count"":2},{""node"":""loc::washington"",""label"":""Washington"",""count"":2},{""node"":""topic::endorsements_appointments"",""label"":""Endorsements Appointments"",""count"":2},{""node"":""mention::foxandfriends"",""label"":""@foxandfriends"",""count"":1}]"
2013-W01,2012-12-31,2013-01-06,97,97,0,0,97,54,118,25,29,43,Media Communications,topic::media_communications,53,Obama,per::obama,8,"[{""node"":""topic::media_communications"",""label"":""Media Communications"",""count"":53},{""node"":""topic::health_public_health"",""label"":""Health Public Health"",""count"":43},{""node"":""topic::energy_environment"",""label"":""Energy Environment"",""count"":17},{""node"":""topic::congress_governance"",""label"":""Congress Governance"",""count"":12},{""node"":""per::obama"",""label"":""Obama"",""count"":8},{""node"":""topic::foreign_policy_diplomacy"",""label"":""Foreign Policy Diplomacy"",""count"":6},{""node"":""topic::endorsements_appointments"",""label"":""Endorsements Appointments"",""count"":6},{""node"":""mention::celebapprentice"",""label"":""@celebapprentice"",""count"":5},{""node"":""topic::social_culture_education"",""label"":""Social Culture Education"",""count"":5},{""node"":""topic::law_justice_crime"",""label"":""Law Justice Crime"",""count"":4},{""node"":""org::celeba"",""label"":""Celeba"",""count"":3},{""node"":""per::donald trump"",""label"":""Donald Trump"",""count"":3}]"
2013-W02,2013-01-07,2013-01-13,199,199,0,0,199,97,287,15,64,120,Media Communications,topic::media_communications,141,Obama,per::obama,7,"[{""node"":""topic::media_communications"",""label"":""Media Communications"",""count"":141},{""node"":""topic::health_public_health"",""label"":""Health Public Health"",""count"":88},{""node"":""topic::energy_environment"",""label"":""Energy Environment"",""count"":39},{""node"":""mention::billmaher"",""label"":""@billmaher"",""count"":30},{""node"":""topic::endorsements_appointments"",""label"":""Endorsements Appointments"",""count"":24},{""node"":""topic::foreign_policy_diplomacy"",""label"":""Foreign Policy Diplomacy"",""count"":11},{""node"":""mention::celebapprentice"",""label"":""@celebapprentice"",""count"":8},{""node"":""per::obama"",""label"":""Obama"",""count"":7},{""node"":""topic::law_justice_crime"",""label"":""Law Justice Crime"",""count"":6},{""node"":""mention::jayleno"",""label"":""@jayleno"",""count"":6},{""node"":""per::donald trump"",""label"":""Donald Trump"",""count"":5},{""node"":""topic::social_culture_education"",""label"":""Social Culture Education"",""count"":5}]"
2013-W03,2013-01-14,2013-01-20,133,133,0,0,133,80,190,55,28,50,Media Communications,topic::media_communications,87,Lance Armstrong,per::lance armstrong,13,"[{""node"":""topic::media_communications"",""label"":""Media Communications"",""count"":87},{""node"":""topic::health_public_health"",""label"":""Health Public Health"",""count"":33},{""node"":""topic::law_justice_crime"",""label"":""Law Justice Crime"",""count"":20},{""node"":""topic::energy_environment"",""label"":""Energy Environment"",""count"":16},{""node"":""per::lance armstrong"",""label"":""Lance Armstrong"",""count"":13},{""node"":""mention::billmaher"",""label"":""@billmaher"",""count"":11},{""node"":""mention::deadspin"",""label"":""@deadspin"",""count"":9},{""node"":""topic::social_culture_education"",""label"":""Social Culture Education"",""count"":7},{""node"":""per::obama"",""label"":""Obama"",""count"":7},{""node"":""topic::endorsements_appointments"",""label"":""Endorsements Appointments"",""count"":6},{""node"":""topic::foreign_policy_diplomacy"",""label"":""Foreign Policy Diplomacy"",""count"":5},{""node"":""loc::u. s"",""label"":""U. S"",""count"":5}]"
2013-W04,2013-01-21,2013-01-27,180,180,0,0,180,115,322,41,44,95,Media Communications,topic::media_communications,106,Obama,per::obama,10,"[{""node"":""topic::media_communications"",""label"":""Media Communications"",""count"":106},{""node"":""topic::health_public_health"",""label"":""Health Public Health"",""count"":75},{""node"":""topic::energy_environment"",""label"":""Energy Environment"",""count"":35},{""node"":""mention::celebapprentice"",""label"":""@celebapprentice"",""count"":11},{""node"":""topic::endorsements_appointments"",""label"":""Endorsements Appointments"",""count"":11},{""node"":""per::obama"",""label"":""Obama"",""count"":10},{""node"":""topic::congress_governance"",""label"":""Congress Governance"",""count"":8},{""node"":""mention::barackobama"",""label"":""@barackobama"",""count"":7},{""node"":""topic::law_justice_crime"",""label"":""Law Justice Crime"",""count"":7},{""node"":""topic::foreign_policy_diplomacy"",""label"":""Foreign Policy Diplomacy"",""count"":7},{""node"":""org::celeba"",""label"":""Celeba"",""count"":6},{""node"":""loc::scotland"",""label"":""Scotland"",""count"":5}]"
2013-W05,2013-01-28,2013-02-03,135,135,0,1,134,98,281,28,39,68,Media Communications,topic::media_communications,84,Donald Trump,per::donald trump,6,"[{""node"":""topic::media_communications"",""label"":""Media Communications"",""count"":84},{""node"":""topic::health_public_health"",""label"":""Health Public Health"",""count"":51},{""node"":""topic::energy_environment"",""label"":""Energy Environment"",""count"":25},{""node"":""topic::endorsements_appointments"",""label"":""Endorsements Appointments"",""count"":12},{""node"":""topic::law_justice_crime"",""label"":""Law Justice Crime"",""count"":10},{""node"":""mention::celebapprentice"",""label"":""@celebapprentice"",""count"":9},{""node"":""mention::macmiller"",""label"":""@macmiller"",""count"":8},{""node"":""per::donald trump"",""label"":""Donald Trump"",""count"":6},{""node"":""mention::yankees"",""label"":""@yankees"",""count"":5},{""node"":""mention::billmaher"",""label"":""@billmaher"",""count"":4},{""node"":""loc::nyc"",""label"":""Nyc"",""count"":4},{""node"":""org::celeba"",""label"":""Celeba"",""count"":4}]"
2013-W06,2013-02-04,2013-02-10,235,235,0,0,235,118,308,36,51,148,Media Communications,topic::media_communications,160,Karl Rove,per::karl rove,5,"[{""node"":""topic::media_communications"",""label"":""Media Communications"",""count"":160},{""node"":""topic::health_public_health"",""label"":""Health Public Health"",""count"":99},{""node"":""topic::energy_environment"",""label"":""Energy Environment"",""count"":56},{""node"":""topic::law_justice_crime"",""label"":""Law Justice Crime"",""count"":18},{""node"":""mention::billmaher"",""label"":""@billmaher"",""count"":11},{""node"":""topic::social_culture_education"",""label"":""Social Culture Education"",""count"":10},{""node"":""topic::elections_campaigns"",""label"":""Elections Campaigns"",""count"":7},{""node"":""topic::endorsements_appointments"",""label"":""Endorsements Appointments"",""count"":7},{""node"":""mention::karlrove"",""label"":""@karlrove"",""count"":7},{""node"":""mention::howardstern"",""label"":""@howardstern"",""count"":6},{""node"":""topic::foreign_policy_diplomacy"",""label"":""Foreign Policy Diplomacy"",""count"":6},{""node"":""per::karl rove"",""label"":""Karl Rove"",""count"":5}]"
2013-W07,2013-02-11,2013-02-17,228,228,0,1,227,136,360,39,48,141,Media Communications,topic::media_communications,173,Donald Trump,per::donald trump,8,"[{""node"":""topic::media_communications"",""label"":""Media Communications"",""count"":173},{""node"":""topic::health_public_health"",""label"":""Health Public Health"",""count"":89},{""node"":""topic::energy_environment"",""label"":""Energy Environment"",""count"":43},{""node"":""topic::endorsements_appointments"",""label"":""Endorsements Appointments"",""count"":14},{""node"":""mention::apprenticenbc"",""label"":""@apprenticenbc"",""count"":12},{""node"":""mention::billmaher"",""label"":""@billmaher"",""count"":10},{""node"":""per::donald trump"",""label"":""Donald Trump"",""count"":8},{""node"":""per::obama"",""label"":""Obama"",""count"":8},{""node"":""topic::social_culture_education"",""label"":""Social Culture Education"",""count"":8},{""node"":""topic::law_justice_crime"",""label"":""Law Justice Crime"",""count"":8},{""node"":""per::trump"",""label"":""Trump"",""count"":5},{""node"":""org::nbc"",""label"":""Nbc"",""count"":5}]"
2013-W08,2013-02-18,2013-02-24,163,163,0,0,163,114,241,30,34,99,Media Communications,topic::media_communications,90,Nbc,org::nbc,5,"[{""node"":""topic::media_communications"",""label"":""Media Communications"",""count"":90},{""node"":""topic::health_public_health"",""label"":""Health Public Health"",""count"":64},{""node"":""topic::energy_environment"",""label"":""Energy Environment"",""count"":19},{""node"":""topic::endorsements_appointments"",""label"":""Endorsements Appointments"",""count"":8},{""node"":""topic::foreign_policy_diplomacy"",""label"":""Foreign Policy Diplomacy"",""count"":8},{""node"":""topic::law_justice_crime"",""label"":""Law Justice Crime"",""count"":8},{""node"":""topic::social_culture_education"",""label"":""Social Culture Education"",""count"":6},{""node"":""org::nbc"",""label"":""Nbc"",""count"":5},{""node"":""mention::apprenticenbc"",""label"":""@apprenticenbc"",""count"":4},{""node"":""mention::nbc"",""label"":""@nbc"",""count"":4},{""node"":""per::donald trump"",""label"":""Donald Trump"",""count"":4},{""node"":""per::di"",""label"":""Di"",""count"":3}]"
2013-W09,2013-02-25,2013-03-03,330,330,0,3,327,198,597,66,78,186,Media Communications,topic::media_communications,238,Donald Trump,per::donald trump,13,"[{""node"":""topic::media_communications"",""label"":""Media Communications"",""count"":238},{""node"":""topic::health_public_health"",""label"":""Health Public Health"",""count"":84},{""node"":""mention::realdonaldtrump"",""label"":""@realdonaldtrump"",""count"":59},{""node"":""topic::energy_environment"",""label"":""Energy Environment"",""count"":37},{""node"":""topic::endorsements_appointments"",""label"":""Endorsements Appointments"",""count"":36},{""node"":""mention::celebapprentice"",""label"":""@celebapprentice"",""count"":15},{""node"":""per::donald trump"",""label"":""Donald Trump"",""count"":13},{""node"":""mention::apprenticenbc"",""label"":""@apprenticenbc"",""count"":12},{""node"":""topic::elections_campaigns"",""label"":""Elections Campaigns"",""count"":11},{""node"":""per::obama"",""label"":""Obama"",""count"":10},{""node"":""topic::law_justice_crime"",""label"":""Law Justice Crime"",""count"":9},{""node"":""per::trump"",""label"":""Trump"",""count"":9}]"
2013-W10,2013-03-04,2013-03-10,128,128,0,3,125,100,346,13,39,76,Media Communications,topic::media_communications,94,Cadillacchamp,org::cadillacchamp,9,"[{""node"":""topic::media_communications"",""label"":""Media Communications"",""count"":94},{""node"":""topic::endorsements_appointments"",""label"":""Endorsements Appointments"",""count"":25},{""node"":""topic::health_public_health"",""label"":""Health Public Health"",""count"":22},{""node"":""hashtag::celebapprentice"",""label"":""#celebapprentice"",""count"":18},{""node"":""mention::realdonaldtrump"",""label"":""@realdonaldtrump"",""count"":14},{""node"":""mention::doralresort"",""label"":""@doralresort"",""count"":11},{""node"":""org::cadillacchamp"",""label"":""Cadillacchamp"",""count"":9},{""node"":""mention::cadillacchamp"",""label"":""@cadillacchamp"",""count"":9},{""node"":""per::trump"",""label"":""Trump"",""count"":7},{""node"":""topic::foreign_policy_diplomacy"",""label"":""Foreign Policy Diplomacy"",""count"":6},{""node"":""org::ce"",""label"":""Ce"",""count"":5},{""node"":""mention::omarosa"",""label"":""@omarosa"",""count"":5}]"
2013-W11,2013-03-11,2013-03-17,150,150,0,1,149,119,362,29,47,74,Media Communications,topic::media_communications,117,Cpac,org::cpac,11,"[{""node"":""topic::media_communications"",""label"":""Media Communications"",""count"":117},{""node"":""topic::health_public_health"",""label"":""Health Public Health"",""count"":34},{""node"":""mention::realdonaldtrump"",""label"":""@realdonaldtrump"",""count"":12},{""node"":""topic::endorsements_appointments"",""label"":""Endorsements Appointments"",""count"":11},{""node"":""org::cpac"",""label"":""Cpac"",""count"":11},{""node"":""mention::cpacnews"",""label"":""@cpacnews"",""count"":10},{""node"":""topic::energy_environment"",""label"":""Energy Environment"",""count"":9},{""node"":""per::obama"",""label"":""Obama"",""count"":8},{""node"":""per::omarosa"",""label"":""Omarosa"",""count"":7},{""node"":""topic::elections_campaigns"",""label"":""Elections Campaigns"",""count"":7},{""node"":""topic::social_culture_education"",""label"":""Social Culture Education"",""count"":6},{""node"":""per::trump"",""label"":""Trump"",""count"":6}]"
2013-W12,2013-03-18,2013-03-24,244,244,0,1,243,173,569,73,56,115,Media Communications,topic::media_communications,174,Donald Trump,per::donald trump,13,"[{""node"":""topic::media_communications"",""label"":""Media Communications"",""count"":174},{""node"":""topic::health_public_health"",""label"":""Health Public Health"",""count"":59},{""node"":""mention::realdonaldtrump"",""label"":""@realdonaldtrump"",""count"":44},{""node"":""topic::endorsements_appointments"",""label"":""Endorsements Appointments"",""count"":29},{""node"":""topic::energy_environment"",""label"":""Energy Environment"",""count"":25},{""node"":""mention::mcuban"",""label"":""@mcuban"",""count"":18},{""node"":""hashtag::celebapprentice"",""label"":""#celebapprentice"",""count"":16},{""node"":""topic::law_justice_crime"",""label"":""Law Justice Crime"",""count"":16},{""node"":""per::donald trump"",""label"":""Donald Trump"",""count"":13},{""node"":""mention::omarosa"",""label"":""@omarosa"",""count"":12},{""node"":""per::trump"",""label"":""Trump"",""count"":9},{""node"":""topic::foreign_policy_diplomacy"",""label"":""Foreign Policy Diplomacy"",""count"":9}]"
2013-W13,2013-03-25,2013-03-31,218,218,0,0,218,138,406,47,44,127,Media Communications,topic::media_communications,138,China,loc::china,10,"[{""node"":""topic::media_communications"",""label"":""Media Communications"",""count"":138},{""node"":""mention::realdonaldtrump"",""label"":""@realdonaldtrump"",""count"":78},{""node"":""topic::health_public_health"",""label"":""Health Public Health"",""count"":47},{""node"":""topic::endorsements_appointments"",""label"":""Endorsements Appointments"",""count"":34},{""node"":""topic::energy_environment"",""label"":""Energy Environment"",""count"":32},{""node"":""hashtag::celebapprentice"",""label"":""#celebapprentice"",""count"":17},{""node"":""loc::china"",""label"":""China"",""count"":10},{""node"":""org::letterman"",""label"":""Letterman"",""count"":10},{""node"":""per::trump"",""label"":""Trump"",""count"":9},{""node"":""topic::law_justice_crime"",""label"":""Law Justice Crime"",""count"":9},{""node"":""topic::foreign_policy_diplomacy"",""label"":""Foreign Policy Diplomacy"",""count"":9},{""node"":""topic::elections_campaigns"",""label"":""Elections Campaigns"",""count"":8}]"
2013-W14,2013-04-01,2013-04-07,172,172,0,3,169,142,441,45,37,90,Media Communications,topic::media_communications,104,China,loc::china,9,"[{""node"":""topic::media_communications"",""label"":""Media Communications"",""count"":104},{""node"":""mention::realdonaldtrump"",""label"":""@realdonaldtrump"",""count"":51},{""node"":""topic::endorsements_appointments"",""label"":""Endorsements Appointments"",""count"":35},{""node"":""topic::health_public_health"",""label"":""Health Public Health"",""count"":25},{""node"":""topic::foreign_policy_diplomacy"",""label"":""Foreign Policy Diplomacy"",""count"":21},{""node"":""hashtag::celebapprentice"",""label"":""#celebapprentice"",""count"":19},{""node"":""mention::apprenticenbc"",""label"":""@apprenticenbc"",""count"":12},{""node"":""loc::china"",""label"":""China"",""count"":9},{""node"":""topic::social_culture_education"",""label"":""Social Culture Education"",""count"":8},{""node"":""mention::wwe"",""label"":""@wwe"",""count"":8},{""node"":""topic::energy_environment"",""label"":""Energy Environment"",""count"":8},{""node"":""org::nbc"",""label"":""Nbc"",""count"":7}]"
2013-W15,2013-04-08,2013-04-14,211,211,0,0,211,123,427,39,55,117,Media Communications,topic::media_communications,138,Wwe,org::wwe,16,"[{""node"":""topic::media_communications"",""label"":""Media Communications"",""count"":138},{""node"":""mention::realdonaldtrump"",""label"":""@realdonaldtrump"",""count"":77},{""node"":""topic::endorsements_appointments"",""label"":""Endorsements Appointments"",""count"":40},{""node"":""topic::health_public_health"",""label"":""Health Public Health"",""count"":39},{""node"":""topic::foreign_policy_diplomacy"",""label"":""Foreign Policy Diplomacy"",""count"":18},{""node"":""hashtag::wwehof"",""label"":""#wwehof"",""count"":18},{""node"":""org::wwe"",""label"":""Wwe"",""count"":16},{""node"":""topic::energy_environment"",""label"":""Energy Environment"",""count"":16},{""node"":""hashtag::celebapprentice"",""label"":""#celebapprentice"",""count"":9},{""node"":""mention::wwe"",""label"":""@wwe"",""count"":9},{""node"":""org::nbc"",""label"":""Nbc"",""count"":8},{""node"":""topic::law_justice_crime"",""label"":""Law Justice Crime"",""count"":8}]"
2013-W16,2013-04-15,2013-04-21,197,197,0,1,196,117,344,64,45,88,Media Communications,topic::media_communications,130,Boston,loc::boston,16,"[{""node"":""topic::media_communications"",""label"":""Media Communications"",""count"":130},{""node"":""mention::realdonaldtrump"",""label"":""@realdonaldtrump"",""count"":65},{""node"":""topic::health_public_health"",""label"":""Health Public Health"",""count"":35},{""node"":""topic::endorsements_appointments"",""label"":""Endorsements Appointments"",""count"":31},{""node"":""topic::law_justice_crime"",""label"":""Law Justice Crime"",""count"":30},{""node"":""hashtag::celebapprentice"",""label"":""#celebapprentice"",""count"":19},{""node"":""loc::boston"",""label"":""Boston"",""count"":16},{""node"":""topic::foreign_policy_diplomacy"",""label"":""Foreign Policy Diplomacy"",""count"":10},{""node"":""topic::energy_environment"",""label"":""Energy Environment"",""count"":10},{""node"":""per::trump"",""label"":""Trump"",""count"":8},{""node"":""mention::apprenticenbc"",""label"":""@apprenticenbc"",""count"":8},{""node"":""topic::elections_campaigns"",""label"":""Elections Campaigns"",""count"":7}]"
2013-W17,2013-04-22,2013-04-28,249,249,0,1,248,159,546,89,56,104,Media Communications,topic::media_communications,163,Trump,per::trump,12,"[{""node"":""topic::media_communications"",""label"":""Media Communications"",""count"":163},{""node"":""mention::realdonaldtrump"",""label"":""@realdonaldtrump"",""count"":85},{""node"":""topic::health_public_health"",""label"":""Health Public Health"",""count"":46},{""node"":""topic::endorsements_appointments"",""label"":""Endorsements Appointments"",""count"":38},{""node"":""topic::energy_environment"",""label"":""Energy Environment"",""count"":35},{""node"":""topic::law_justice_crime"",""label"":""Law Justice Crime"",""count"":34},{""node"":""hashtag::celebapprentice"",""label"":""#celebapprentice"",""count"":16},{""node"":""per::trump"",""label"":""Trump"",""count"":12},{""node"":""loc::boston"",""label"":""Boston"",""count"":10},{""node"":""org::b"",""label"":""B"",""count"":9},{""node"":""mention::apprenticenbc"",""label"":""@apprenticenbc"",""count"":9},{""node"":""mention::thegarybusey"",""label"":""@thegarybusey"",""count"":8}]"
2013-W18,2013-04-29,2013-05-05,171,171,0,0,171,129,414,60,37,74,Media Communications,topic::media_communications,125,Dannyz,per::dannyz,12,"[{""node"":""topic::media_communications"",""label"":""Media Communications"",""count"":125},{""node"":""mention::realdonaldtrump"",""label"":""@realdonaldtrump"",""count"":57},{""node"":""topic::endorsements_appointments"",""label"":""Endorsements Appointments"",""count"":40},{""node"":""topic::health_public_health"",""label"":""Health Public Health"",""count"":19},{""node"":""hashtag::celebapprentice"",""label"":""#celebapprentice"",""count"":17},{""node"":""topic::energy_environment"",""label"":""Energy Environment"",""count"":16},{""node"":""mention::dannyzuker"",""label"":""@dannyzuker"",""count"":15},{""node"":""mention::apprenticenbc"",""label"":""@apprenticenbc"",""count"":12},{""node"":""per::dannyz"",""label"":""Dannyz"",""count"":12},{""node"":""mention::thegarybusey"",""label"":""@thegarybusey"",""count"":10},{""node"":""topic::law_justice_crime"",""label"":""Law Justice Crime"",""count"":10},{""node"":""org::b"",""label"":""B"",""count"":8}]"
2013-W19,2013-05-06,2013-05-12,151,151,0,0,151,84,226,59,29,63,Media Communications,topic::media_communications,101,Trump Tower,loc::trump tower,8,"[{""node"":""topic::media_communications"",""label"":""Media Communications"",""count"":101},{""node"":""mention::realdonaldtrump"",""label"":""@realdonaldtrump"",""count"":58},{""node"":""topic::health_public_health"",""label"":""Health Public Health"",""count"":31},{""node"":""topic::law_justice_crime"",""label"":""Law Justice Crime"",""count"":17},{""node"":""topic::energy_environment"",""label"":""Energy Environment"",""count"":14},{""node"":""topic::endorsements_appointments"",""label"":""Endorsements Appointments"",""count"":13},{""node"":""loc::trump tower"",""label"":""Trump Tower"",""count"":8},{""node"":""topic::social_culture_education"",""label"":""Social Culture Education"",""count"":7},{""node"":""org::nbc"",""label"":""Nbc"",""count"":6},{""node"":""per::jon stewart"",""label"":""Jon Stewart"",""count"":6},{""node"":""mention::apprenticenbc"",""label"":""@apprenticenbc"",""count"":5},{""node"":""per::jo"",""label"":""Jo"",""count"":5}]"
2013-W20,2013-05-13,2013-05-19,123,123,0,0,123,100,262,42,22,59,Media Communications,topic::media_communications,87,Obama,per::obama,6,"[{""node"":""topic::media_communications"",""label"":""Media Communications"",""count"":87},{""node"":""mention::realdonaldtrump"",""label"":""@realdonaldtrump"",""count"":35},{""node"":""topic::health_public_health"",""label"":""Health Public Health"",""count"":27},{""node"":""topic::law_justice_crime"",""label"":""Law Justice Crime"",""count"":17},{""node"":""topic::endorsements_appointments"",""label"":""Endorsements Appointments"",""count"":13},{""node"":""topic::energy_environment"",""label"":""Energy Environment"",""count"":11},{""node"":""mention::apprenticenbc"",""label"":""@apprenticenbc"",""count"":6},{""node"":""per::obama"",""label"":""Obama"",""count"":6},{""node"":""hashtag::celebapprentice"",""label"":""#celebapprentice"",""count"":4},{""node"":""topic::defense_military_veterans"",""label"":""Defense Military Veterans"",""count"":4},{""node"":""loc::benghazi"",""label"":""Benghazi"",""count"":3},{""node"":""mention::traceadkins"",""label"":""@traceadkins"",""count"":3}]"
2013-W21,2013-05-20,2013-05-26,263,263,0,0,263,136,503,111,31,121,Media Communications,topic::media_communications,192,Dannyz,per::dannyz,26,"[{""node"":""topic::media_communications"",""label"":""Media Communications"",""count"":192},{""node"":""mention::realdonaldtrump"",""label"":""@realdonaldtrump"",""count"":132},{""node"":""topic::health_public_health"",""label"":""Health Public Health"",""count"":38},{""node"":""mention::dannyzuker"",""label"":""@dannyzuker"",""count"":34},{""node"":""topic::law_justice_crime"",""label"":""Law Justice Crime"",""count"":32},{""node"":""topic::endorsements_appointments"",""label"":""Endorsements Appointments"",""count"":29},{""node"":""per::dannyz"",""label"":""Dannyz"",""count"":26},{""node"":""topic::energy_environment"",""label"":""Energy Environment"",""count"":22},{""node"":""topic::elections_campaigns"",""label"":""Elections Campaigns"",""count"":16},{""node"":""per::danny"",""label"":""Danny"",""count"":15},{""node"":""per::trump"",""label"":""Trump"",""count"":12},{""node"":""mention::apprenticenbc"",""label"":""@apprenticenbc"",""count"":8}]"
2013-W22,2013-05-27,2013-06-02,156,156,0,1,155,112,321,39,24,93,Media Communications,topic::media_communications,104,Trump,per::trump,9,"[{""node"":""topic::media_communications"",""label"":""Media Communications"",""count"":104},{""node"":""mention::realdonaldtrump"",""label"":""@realdonaldtrump"",""count"":69},{""node"":""topic::health_public_health"",""label"":""Health Public Health"",""count"":36},{""node"":""topic::energy_environment"",""label"":""Energy Environment"",""count"":21},{""node"":""topic::endorsements_appointments"",""label"":""Endorsements Appointments"",""count"":15},{""node"":""topic::foreign_policy_diplomacy"",""label"":""Foreign Policy Diplomacy"",""count"":12},{""node"":""per::trump"",""label"":""Trump"",""count"":9},{""node"":""topic::law_justice_crime"",""label"":""Law Justice Crime"",""count"":6},{""node"":""per::obama"",""label"":""Obama"",""count"":6},{""node"":""mention::vattenfallgroup"",""label"":""@vattenfallgroup"",""count"":6},{""node"":""topic::elections_campaigns"",""label"":""Elections Campaigns"",""count"":5},{""node"":""org::attenfallgroup"",""label"":""Attenfallgroup"",""count"":5}]"
2013-W23,2013-06-03,2013-06-09,102,102,0,0,102,91,231,23,20,59,Media Communications,topic::media_communications,62,Trump,per::trump,6,"[{""node"":""topic::media_communications"",""label"":""Media Communications"",""count"":62},{""node"":""mention::realdonaldtrump"",""label"":""@realdonaldtrump"",""count"":24},{""node"":""topic::health_public_health"",""label"":""Health Public Health"",""count"":20},{""node"":""topic::law_justice_crime"",""label"":""Law Justice Crime"",""count"":16},{""node"":""topic::endorsements_appointments"",""label"":""Endorsements Appointments"",""count"":14},{""node"":""topic::energy_environment"",""label"":""Energy Environment"",""count"":6},{""node"":""per::trump"",""label"":""Trump"",""count"":6},{""node"":""per::donald trump"",""label"":""Donald Trump"",""count"":3},{""node"":""topic::foreign_policy_diplomacy"",""label"":""Foreign Policy Diplomacy"",""count"":3},{""node"":""topic::elections_campaigns"",""label"":""Elections Campaigns"",""count"":3},{""node"":""loc::park"",""label"":""Park"",""count"":3},{""node"":""mention::trumpchicago"",""label"":""@trumpchicago"",""count"":3}]"
2013-W24,2013-06-10,2013-06-16,129,129,0,0,129,121,373,29,35,65,Media Communications,topic::media_communications,82,Danny,per::danny,7,"[{""node"":""topic::media_communications"",""label"":""Media Communications"",""count"":82},{""node"":""mention::realdonaldtrump"",""label"":""@realdonaldtrump"",""count"":54},{""node"":""topic::health_public_health"",""label"":""Health Public Health"",""count"":28},{""node"":""topic::endorsements_appointments"",""label"":""Endorsements Appointments"",""count"":16},{""node"":""mention::dannyzuker"",""label"":""@dannyzuker"",""count"":14},{""node"":""topic::law_justice_crime"",""label"":""Law Justice Crime"",""count"":10},{""node"":""topic::energy_environment"",""label"":""Energy Environment"",""count"":10},{""node"":""topic::elections_campaigns"",""label"":""Elections Campaigns"",""count"":9},{""node"":""per::danny"",""label"":""Danny"",""count"":7},{""node"":""per::dannyz"",""label"":""Dannyz"",""count"":7},{""node"":""loc::china"",""label"":""China"",""count"":6},{""node"":""topic::foreign_policy_diplomacy"",""label"":""Foreign Policy Diplomacy"",""count"":6}]"
2013-W25,2013-06-17,2013-06-23,83,83,0,0,83,64,156,21,13,49,Media Communications,topic::media_communications,61,U. S,loc::u. s,4,"[{""node"":""topic::media_communications"",""label"":""Media Communications"",""count"":61},{""node"":""mention::realdonaldtrump"",""label"":""@realdonaldtrump"",""count"":24},{""node"":""topic::health_public_health"",""label"":""Health Public Health"",""count"":13},{""node"":""topic::endorsements_appointments"",""label"":""Endorsements Appointments"",""count"":10},{""node"":""topic::energy_environment"",""label"":""Energy Environment"",""count"":7},{""node"":""topic::foreign_policy_diplomacy"",""label"":""Foreign Policy Diplomacy"",""count"":7},{""node"":""mention::missusa"",""label"":""@missusa"",""count"":5},{""node"":""loc::u. s"",""label"":""U. S"",""count"":4},{""node"":""topic::law_justice_crime"",""label"":""Law Justice Crime"",""count"":4},{""node"":""per::danny"",""label"":""Danny"",""count"":3},{""node"":""mention::dannyzuker"",""label"":""@dannyzuker"",""count"":3},{""node"":""per::trump"",""label"":""Trump"",""count"":3}]"
2013-W26,2013-06-24,2013-06-30,139,139,0,0,139,95,236,47,27,65,Media Communications,topic::media_communications,84,China,loc::china,5,"[{""node"":""topic::media_communications"",""label"":""Media Communications"",""count"":84},{""node"":""mention::realdonaldtrump"",""label"":""@realdonaldtrump"",""count"":44},{""node"":""topic::health_public_health"",""label"":""Health Public Health"",""count"":22},{""node"":""topic::endorsements_appointments"",""label"":""Endorsements Appointments"",""count"":18},{""node"":""topic::law_justice_crime"",""label"":""Law Justice Crime"",""count"":16},{""node"":""topic::energy_environment"",""label"":""Energy Environment"",""count"":14},{""node"":""topic::social_culture_education"",""label"":""Social Culture Education"",""count"":8},{""node"":""topic::foreign_policy_diplomacy"",""label"":""Foreign Policy Diplomacy"",""count"":5},{""node"":""loc::china"",""label"":""China"",""count"":5},{""node"":""per::obama"",""label"":""Obama"",""count"":5},{""node"":""topic::elections_campaigns"",""label"":""Elections Campaigns"",""count"":5},{""node"":""per::snowden"",""label"":""Snowden"",""count"":4}]"
2013-W27,2013-07-01,2013-07-07,181,181,0,0,181,121,357,59,39,83,Media Communications,topic::media_communications,130,Africa,loc::africa,9,"[{""node"":""topic::media_communications"",""label"":""Media Communications"",""count"":130},{""node"":""mention::realdonaldtrump"",""label"":""@realdonaldtrump"",""count"":105},{""node"":""topic::health_public_health"",""label"":""Health Public Health"",""count"":29},{""node"":""topic::law_justice_crime"",""label"":""Law Justice Crime"",""count"":20},{""node"":""topic::endorsements_appointments"",""label"":""Endorsements Appointments"",""count"":17},{""node"":""topic::energy_environment"",""label"":""Energy Environment"",""count"":14},{""node"":""topic::foreign_policy_diplomacy"",""label"":""Foreign Policy Diplomacy"",""count"":10},{""node"":""loc::africa"",""label"":""Africa"",""count"":9},{""node"":""topic::elections_campaigns"",""label"":""Elections Campaigns"",""count"":9},{""node"":""per::obama"",""label"":""Obama"",""count"":7},{""node"":""per::donald trump"",""label"":""Donald Trump"",""count"":7},{""node"":""per::trump"",""label"":""Trump"",""count"":5}]"
2013-W28,2013-07-08,2013-07-14,212,212,0,0,212,131,381,50,41,121,Media Communications,topic::media_communications,157,Trump,per::trump,12,"[{""node"":""topic::media_communications"",""label"":""Media Communications"",""count"":157},{""node"":""mention::realdonaldtrump"",""label"":""@realdonaldtrump"",""count"":112},{""node"":""topic::health_public_health"",""label"":""Health Public Health"",""count"":52},{""node"":""topic::endorsements_appointments"",""label"":""Endorsements Appointments"",""count"":27},{""node"":""topic::law_justice_crime"",""label"":""Law Justice Crime"",""count"":20},{""node"":""topic::energy_environment"",""label"":""Energy Environment"",""count"":14},{""node"":""topic::foreign_policy_diplomacy"",""label"":""Foreign Policy Diplomacy"",""count"":14},{""node"":""per::trump"",""label"":""Trump"",""count"":12},{""node"":""topic::social_culture_education"",""label"":""Social Culture Education"",""count"":8},{""node"":""loc::scotland"",""label"":""Scotland"",""count"":7},{""node"":""topic::elections_campaigns"",""label"":""Elections Campaigns"",""count"":5},{""node"":""org::beaumonta"",""label"":""Beaumonta"",""count"":4}]"
2013-W29,2013-07-15,2013-07-21,174,174,0,0,174,111,274,31,40,103,Media Communications,topic::media_communications,111,Trump,per::trump,4,"[{""node"":""topic::media_communications"",""label"":""Media Communications"",""count"":111},{""node"":""mention::realdonaldtrump"",""label"":""@realdonaldtrump"",""count"":56},{""node"":""topic::health_public_health"",""label"":""Health Public Health"",""count"":45},{""node"":""topic::endorsements_appointments"",""label"":""Endorsements Appointments"",""count"":19},{""node"":""topic::energy_environment"",""label"":""Energy Environment"",""count"":19},{""node"":""topic::law_justice_crime"",""label"":""Law Justice Crime"",""count"":12},{""node"":""topic::elections_campaigns"",""label"":""Elections Campaigns"",""count"":6},{""node"":""topic::foreign_policy_diplomacy"",""label"":""Foreign Policy Diplomacy"",""count"":4},{""node"":""per::trump"",""label"":""Trump"",""count"":4},{""node"":""per::z"",""label"":""Z"",""count"":3},{""node"":""mention::foxandfriends"",""label"":""@foxandfriends"",""count"":3},{""node"":""loc::scotland"",""label"":""Scotland"",""count"":3}]"
2013-W30,2013-07-22,2013-07-28,228,228,0,0,228,143,406,57,60,111,Media Communications,topic::media_communications,164,Donald,per::donald,6,"[{""node"":""topic::media_communications"",""label"":""Media Communications"",""count"":164},{""node"":""mention::realdonaldtrump"",""label"":""@realdonaldtrump"",""count"":149},{""node"":""topic::health_public_health"",""label"":""Health Public Health"",""count"":46},{""node"":""topic::endorsements_appointments"",""label"":""Endorsements Appointments"",""count"":27},{""node"":""topic::law_justice_crime"",""label"":""Law Justice Crime"",""count"":19},{""node"":""topic::elections_campaigns"",""label"":""Elections Campaigns"",""count"":17},{""node"":""topic::energy_environment"",""label"":""Energy Environment"",""count"":16},{""node"":""topic::foreign_policy_diplomacy"",""label"":""Foreign Policy Diplomacy"",""count"":9},{""node"":""topic::social_culture_education"",""label"":""Social Culture Education"",""count"":7},{""node"":""per::donald"",""label"":""Donald"",""count"":6},{""node"":""loc::china"",""label"":""China"",""count"":5},{""node"":""per::anthony wien"",""label"":""Anthony Wien"",""count"":5}]"
2013-W31,2013-07-29,2013-08-04,141,141,0,0,141,99,288,26,32,83,Media Communications,topic::media_communications,91,Donald Trump,per::donald trump,6,"[{""node"":""topic::media_communications"",""label"":""Media Communications"",""count"":91},{""node"":""mention::realdonaldtrump"",""label"":""@realdonaldtrump"",""count"":45},{""node"":""topic::health_public_health"",""label"":""Health Public Health"",""count"":34},{""node"":""topic::energy_environment"",""label"":""Energy Environment"",""count"":16},{""node"":""topic::foreign_policy_diplomacy"",""label"":""Foreign Policy Diplomacy"",""count"":12},{""node"":""topic::endorsements_appointments"",""label"":""Endorsements Appointments"",""count"":11},{""node"":""per::donald trump"",""label"":""Donald Trump"",""count"":6},{""node"":""topic::law_justice_crime"",""label"":""Law Justice Crime"",""count"":6},{""node"":""per::obama"",""label"":""Obama"",""count"":6},{""node"":""topic::elections_campaigns"",""label"":""Elections Campaigns"",""count"":5},{""node"":""per::trump"",""label"":""Trump"",""count"":4},{""node"":""topic::social_culture_education"",""label"":""Social Culture Education"",""count"":4}]"
2013-W32,2013-08-05,2013-08-11,163,163,0,0,163,124,367,26,30,107,Media Communications,topic::media_communications,113,Donald Trump,per::donald trump,7,"[{""node"":""topic::media_communications"",""label"":""Media Communications"",""count"":113},{""node"":""topic::health_public_health"",""label"":""Health Public Health"",""count"":50},{""node"":""mention::realdonaldtrump"",""label"":""@realdonaldtrump"",""count"":42},{""node"":""topic::energy_environment"",""label"":""Energy Environment"",""count"":24},{""node"":""topic::endorsements_appointments"",""label"":""Endorsements Appointments"",""count"":17},{""node"":""topic::law_justice_crime"",""label"":""Law Justice Crime"",""count"":8},{""node"":""per::donald trump"",""label"":""Donald Trump"",""count"":7},{""node"":""mention::thefamilyleader"",""label"":""@thefamilyleader"",""count"":6},{""node"":""mention::thisweekabc"",""label"":""@thisweekabc"",""count"":5},{""node"":""loc::scotland"",""label"":""Scotland"",""count"":5},{""node"":""topic::foreign_policy_diplomacy"",""label"":""Foreign Policy Diplomacy"",""count"":4},{""node"":""per::trump"",""label"":""Trump"",""count"":4}]"
2013-W33,2013-08-12,2013-08-18,182,182,0,0,182,153,504,42,42,98,Media Communications,topic::media_communications,125,Trump,per::trump,12,"[{""node"":""topic::media_communications"",""label"":""Media Communications"",""count"":125},{""node"":""mention::realdonaldtrump"",""label"":""@realdonaldtrump"",""count"":89},{""node"":""topic::health_public_health"",""label"":""Health Public Health"",""count"":32},{""node"":""topic::endorsements_appointments"",""label"":""Endorsements Appointments"",""count"":24},{""node"":""topic::elections_campaigns"",""label"":""Elections Campaigns"",""count"":19},{""node"":""per::trump"",""label"":""Trump"",""count"":12},{""node"":""topic::energy_environment"",""label"":""Energy Environment"",""count"":11},{""node"":""mention::ariannahuff"",""label"":""@ariannahuff"",""count"":11},{""node"":""mention::huffingtonpost"",""label"":""@huffingtonpost"",""count"":10},{""node"":""per::donald trump"",""label"":""Donald Trump"",""count"":8},{""node"":""topic::foreign_policy_diplomacy"",""label"":""Foreign Policy Diplomacy"",""count"":7},{""node"":""per::obama"",""label"":""Obama"",""count"":6}]"
2013-W34,2013-08-19,2013-08-25,143,143,0,0,143,124,360,54,28,61,Media Communications,topic::media_communications,101,Trump,per::trump,11,"[{""node"":""topic::media_communications"",""label"":""Media Communications"",""count"":101},{""node"":""mention::realdonaldtrump"",""label"":""@realdonaldtrump"",""count"":58},{""node"":""topic::health_public_health"",""label"":""Health Public Health"",""count"":30},{""node"":""topic::law_justice_crime"",""label"":""Law Justice Crime"",""count"":21},{""node"":""topic::endorsements_appointments"",""label"":""Endorsements Appointments"",""count"":13},{""node"":""per::trump"",""label"":""Trump"",""count"":11},{""node"":""topic::energy_environment"",""label"":""Energy Environment"",""count"":10},{""node"":""topic::elections_campaigns"",""label"":""Elections Campaigns"",""count"":10},{""node"":""per::bryant gumbel"",""label"":""Bryant Gumbel"",""count"":7},{""node"":""per::obama"",""label"":""Obama"",""count"":6},{""node"":""per::a"",""label"":""A"",""count"":6},{""node"":""mention::trumptowerny"",""label"":""@trumptowerny"",""count"":6}]"
2013-W35,2013-08-26,2013-09-01,172,172,0,0,172,119,360,62,38,72,Media Communications,topic::media_communications,123,Obama,per::obama,19,"[{""node"":""topic::media_communications"",""label"":""Media Communications"",""count"":123},{""node"":""mention::realdonaldtrump"",""label"":""@realdonaldtrump"",""count"":66},{""node"":""topic::health_public_health"",""label"":""Health Public Health"",""count"":41},{""node"":""topic::law_justice_crime"",""label"":""Law Justice Crime"",""count"":25},{""node"":""topic::foreign_policy_diplomacy"",""label"":""Foreign Policy Diplomacy"",""count"":24},{""node"":""per::obama"",""label"":""Obama"",""count"":19},{""node"":""loc::syria"",""label"":""Syria"",""count"":18},{""node"":""topic::energy_environment"",""label"":""Energy Environment"",""count"":15},{""node"":""per::trump"",""label"":""Trump"",""count"":10},{""node"":""topic::endorsements_appointments"",""label"":""Endorsements Appointments"",""count"":9},{""node"":""topic::elections_campaigns"",""label"":""Elections Campaigns"",""count"":8},{""node"":""per::schneider"",""label"":""Schneider"",""count"":6}]"
2013-W36,2013-09-02,2013-09-08,195,195,0,0,195,111,367,77,29,89,Media Communications,topic::media_communications,128,Syria,loc::syria,31,"[{""node"":""topic::media_communications"",""label"":""Media Communications"",""count"":128},{""node"":""mention::realdonaldtrump"",""label"":""@realdonaldtrump"",""count"":95},{""node"":""topic::foreign_policy_diplomacy"",""label"":""Foreign Policy Diplomacy"",""count"":37},{""node"":""topic::health_public_health"",""label"":""Health Public Health"",""count"":33},{""node"":""loc::syria"",""label"":""Syria"",""count"":31},{""node"":""per::obama"",""label"":""Obama"",""count"":21},{""node"":""topic::elections_campaigns"",""label"":""Elections Campaigns"",""count"":19},{""node"":""topic::endorsements_appointments"",""label"":""Endorsements Appointments"",""count"":17},{""node"":""topic::energy_environment"",""label"":""Energy Environment"",""count"":12},{""node"":""topic::law_justice_crime"",""label"":""Law Justice Crime"",""count"":10},{""node"":""loc::u. s"",""label"":""U. S"",""count"":6},{""node"":""topic::congress_governance"",""label"":""Congress Governance"",""count"":6}]"
2013-W37,2013-09-09,2013-09-15,214,214,0,0,214,132,419,66,41,107,Media Communications,topic::media_communications,144,Obama,per::obama,18,"[{""node"":""topic::media_communications"",""label"":""Media Communications"",""count"":144},{""node"":""mention::realdonaldtrump"",""label"":""@realdonaldtrump"",""count"":103},{""node"":""topic::health_public_health"",""label"":""Health Public Health"",""count"":36},{""node"":""topic::foreign_policy_diplomacy"",""label"":""Foreign Policy Diplomacy"",""count"":33},{""node"":""topic::endorsements_appointments"",""label"":""Endorsements Appointments"",""count"":30},{""node"":""per::obama"",""label"":""Obama"",""count"":18},{""node"":""loc::syria"",""label"":""Syria"",""count"":14},{""node"":""topic::elections_campaigns"",""label"":""Elections Campaigns"",""count"":13},{""node"":""topic::law_justice_crime"",""label"":""Law Justice Crime"",""count"":10},{""node"":""loc::america"",""label"":""America"",""count"":8},{""node"":""topic::energy_environment"",""label"":""Energy Environment"",""count"":8},{""node"":""mention::toure"",""label"":""@toure"",""count"":8}]"
2013-W38,2013-09-16,2013-09-22,133,133,0,0,133,97,292,34,19,80,Media Communications,topic::media_communications,85,Obama,per::obama,9,"[{""node"":""topic::media_communications"",""label"":""Media Communications"",""count"":85},{""node"":""mention::realdonaldtrump"",""label"":""@realdonaldtrump"",""count"":67},{""node"":""topic::health_public_health"",""label"":""Health Public Health"",""count"":31},{""node"":""topic::endorsements_appointments"",""label"":""Endorsements Appointments"",""count"":20},{""node"":""topic::law_justice_crime"",""label"":""Law Justice Crime"",""count"":11},{""node"":""topic::foreign_policy_diplomacy"",""label"":""Foreign Policy Diplomacy"",""count"":10},{""node"":""per::obama"",""label"":""Obama"",""count"":9},{""node"":""per::trump"",""label"":""Trump"",""count"":8},{""node"":""topic::social_culture_education"",""label"":""Social Culture Education"",""count"":7},{""node"":""topic::elections_campaigns"",""label"":""Elections Campaigns"",""count"":6},{""node"":""topic::energy_environment"",""label"":""Energy Environment"",""count"":6},{""node"":""per::a"",""label"":""A"",""count"":5}]"
2013-W39,2013-09-23,2013-09-29,100,100,0,0,100,81,191,24,27,49,Media Communications,topic::media_communications,51,Obama,per::obama,9,"[{""node"":""topic::media_communications"",""label"":""Media Communications"",""count"":51},{""node"":""topic::health_public_health"",""label"":""Health Public Health"",""count"":35},{""node"":""mention::realdonaldtrump"",""label"":""@realdonaldtrump"",""count"":32},{""node"":""topic::endorsements_appointments"",""label"":""Endorsements Appointments"",""count"":12},{""node"":""topic::energy_environment"",""label"":""Energy Environment"",""count"":11},{""node"":""per::obama"",""label"":""Obama"",""count"":9},{""node"":""topic::elections_campaigns"",""label"":""Elections Campaigns"",""count"":7},{""node"":""topic::foreign_policy_diplomacy"",""label"":""Foreign Policy Diplomacy"",""count"":7},{""node"":""org::l"",""label"":""L"",""count"":4},{""node"":""topic::law_justice_crime"",""label"":""Law Justice Crime"",""count"":3},{""node"":""topic::congress_governance"",""label"":""Congress Governance"",""count"":3},{""node"":""loc::iran"",""label"":""Iran"",""count"":3}]"
2013-W40,2013-09-30,2013-10-06,103,103,0,0,103,89,260,31,21,51,Media Communications,topic::media_communications,47,Obama,per::obama,12,"[{""node"":""topic::media_communications"",""label"":""Media Communications"",""count"":47},{""node"":""topic::health_public_health"",""label"":""Health Public Health"",""count"":44},{""node"":""mention::realdonaldtrump"",""label"":""@realdonaldtrump"",""count"":20},{""node"":""topic::congress_governance"",""label"":""Congress Governance"",""count"":12},{""node"":""per::obama"",""label"":""Obama"",""count"":12},{""node"":""topic::energy_environment"",""label"":""Energy Environment"",""count"":11},{""node"":""topic::elections_campaigns"",""label"":""Elections Campaigns"",""count"":11},{""node"":""topic::law_justice_crime"",""label"":""Law Justice Crime"",""count"":10},{""node"":""topic::endorsements_appointments"",""label"":""Endorsements Appointments"",""count"":7},{""node"":""topic::foreign_policy_diplomacy"",""label"":""Foreign Policy Diplomacy"",""count"":5},{""node"":""loc::iran"",""label"":""Iran"",""count"":3},{""node"":""topic::social_culture_education"",""label"":""Social Culture Education"",""count"":3}]"
2013-W41,2013-10-07,2013-10-13,125,125,0,0,125,79,230,35,28,62,Media Communications,topic::media_communications,70,Obama,per::obama,13,"[{""node"":""topic::media_communications"",""label"":""Media Communications"",""count"":70},{""node"":""mention::realdonaldtrump"",""label"":""@realdonaldtrump"",""count"":45},{""node"":""topic::health_public_health"",""label"":""Health Public Health"",""count"":33},{""node"":""topic::energy_environment"",""label"":""Energy Environment"",""count"":19},{""node"":""topic::endorsements_appointments"",""label"":""Endorsements Appointments"",""count"":13},{""node"":""per::obama"",""label"":""Obama"",""count"":13},{""node"":""topic::elections_campaigns"",""label"":""Elections Campaigns"",""count"":11},{""node"":""topic::foreign_policy_diplomacy"",""label"":""Foreign Policy Diplomacy"",""count"":7},{""node"":""topic::law_justice_crime"",""label"":""Law Justice Crime"",""count"":7},{""node"":""mention::piersmorgan"",""label"":""@piersmorgan"",""count"":7},{""node"":""topic::defense_military_veterans"",""label"":""Defense Military Veterans"",""count"":5},{""node"":""per::trump"",""label"":""Trump"",""count"":5}]"
2013-W42,2013-10-14,2013-10-20,162,162,0,0,162,107,324,49,23,90,Media Communications,topic::media_communications,111,Nym,org::nym,7,"[{""node"":""topic::media_communications"",""label"":""Media Communications"",""count"":111},{""node"":""mention::realdonaldtrump"",""label"":""@realdonaldtrump"",""count"":74},{""node"":""topic::health_public_health"",""label"":""Health Public Health"",""count"":37},{""node"":""mention::nymag"",""label"":""@nymag"",""count"":31},{""node"":""topic::endorsements_appointments"",""label"":""Endorsements Appointments"",""count"":29},{""node"":""mention::danamira"",""label"":""@danamira"",""count"":23},{""node"":""topic::elections_campaigns"",""label"":""Elections Campaigns"",""count"":13},{""node"":""topic::energy_environment"",""label"":""Energy Environment"",""count"":11},{""node"":""topic::social_culture_education"",""label"":""Social Culture Education"",""count"":9},{""node"":""org::nym"",""label"":""Nym"",""count"":7},{""node"":""org::nymag"",""label"":""Nymag"",""count"":6},{""node"":""per::trump"",""label"":""Trump"",""count"":5}]"
2013-W43,2013-10-21,2013-10-27,109,109,0,0,109,81,235,22,15,72,Media Communications,topic::media_communications,56,Trump,per::trump,9,"[{""node"":""topic::media_communications"",""label"":""Media Communications"",""count"":56},{""node"":""mention::realdonaldtrump"",""label"":""@realdonaldtrump"",""count"":37},{""node"":""topic::health_public_health"",""label"":""Health Public Health"",""count"":27},{""node"":""topic::endorsements_appointments"",""label"":""Endorsements Appointments"",""count"":23},{""node"":""topic::elections_campaigns"",""label"":""Elections Campaigns"",""count"":13},{""node"":""mention::amspec"",""label"":""@amspec"",""count"":10},{""node"":""per::trump"",""label"":""Trump"",""count"":9},{""node"":""topic::energy_environment"",""label"":""Energy Environment"",""count"":8},{""node"":""topic::law_justice_crime"",""label"":""Law Justice Crime"",""count"":6},{""node"":""per::obama"",""label"":""Obama"",""count"":6},{""node"":""topic::foreign_policy_diplomacy"",""label"":""Foreign Policy Diplomacy"",""count"":5},{""node"":""loc::america"",""label"":""America"",""count"":5}]"
2013-W44,2013-10-28,2013-11-03,85,85,0,0,85,59,144,37,16,32,Media Communications,topic::media_communications,43,Obama,per::obama,12,"[{""node"":""topic::media_communications"",""label"":""Media Communications"",""count"":43},{""node"":""topic::health_public_health"",""label"":""Health Public Health"",""count"":34},{""node"":""mention::realdonaldtrump"",""label"":""@realdonaldtrump"",""count"":17},{""node"":""per::obama"",""label"":""Obama"",""count"":12},{""node"":""topic::energy_environment"",""label"":""Energy Environment"",""count"":10},{""node"":""topic::law_justice_crime"",""label"":""Law Justice Crime"",""count"":9},{""node"":""org::c"",""label"":""C"",""count"":5},{""node"":""topic::foreign_policy_diplomacy"",""label"":""Foreign Policy Diplomacy"",""count"":5},{""node"":""loc::scotland"",""label"":""Scotland"",""count"":5},{""node"":""per::alexsalmond"",""label"":""Alexsalmond"",""count"":5},{""node"":""mention::alexsalmond"",""label"":""@alexsalmond"",""count"":5},{""node"":""topic::endorsements_appointments"",""label"":""Endorsements Appointments"",""count"":4}]"
2013-W45,2013-11-04,2013-11-10,93,93,0,0,93,74,208,22,15,56,Media Communications,topic::media_communications,51,Obama,per::obama,5,"[{""node"":""topic::media_communications"",""label"":""Media Communications"",""count"":51},{""node"":""topic::health_public_health"",""label"":""Health Public Health"",""count"":40},{""node"":""mention::realdonaldtrump"",""label"":""@realdonaldtrump"",""count"":31},{""node"":""topic::elections_campaigns"",""label"":""Elections Campaigns"",""count"":8},{""node"":""topic::energy_environment"",""label"":""Energy Environment"",""count"":7},{""node"":""topic::endorsements_appointments"",""label"":""Endorsements Appointments"",""count"":6},{""node"":""topic::law_justice_crime"",""label"":""Law Justice Crime"",""count"":6},{""node"":""topic::foreign_policy_diplomacy"",""label"":""Foreign Policy Diplomacy"",""count"":6},{""node"":""per::obama"",""label"":""Obama"",""count"":5},{""node"":""per::trump"",""label"":""Trump"",""count"":4},{""node"":""loc::moscow"",""label"":""Moscow"",""count"":4},{""node"":""org::c"",""label"":""C"",""count"":4}]"
2013-W46,2013-11-11,2013-11-17,92,92,0,0,92,69,164,24,20,48,Media Communications,topic::media_communications,45,Obama,per::obama,9,"[{""node"":""topic::media_communications"",""label"":""Media Communications"",""count"":45},{""node"":""topic::health_public_health"",""label"":""Health Public Health"",""count"":31},{""node"":""mention::realdonaldtrump"",""label"":""@realdonaldtrump"",""count"":25},{""node"":""topic::endorsements_appointments"",""label"":""Endorsements Appointments"",""count"":19},{""node"":""per::obama"",""label"":""Obama"",""count"":9},{""node"":""topic::energy_environment"",""label"":""Energy Environment"",""count"":8},{""node"":""topic::elections_campaigns"",""label"":""Elections Campaigns"",""count"":7},{""node"":""topic::law_justice_crime"",""label"":""Law Justice Crime"",""count"":7},{""node"":""loc::moscow"",""label"":""Moscow"",""count"":4},{""node"":""topic::foreign_policy_diplomacy"",""label"":""Foreign Policy Diplomacy"",""count"":4},{""node"":""per::donald trump"",""label"":""Donald Trump"",""count"":4},{""node"":""loc::america"",""label"":""America"",""count"":4}]"
2013-W47,2013-11-18,2013-11-24,84,84,0,0,84,71,145,34,18,32,Media Communications,topic::media_communications,42,Obama,per::obama,8,"[{""node"":""topic::media_communications"",""label"":""Media Communications"",""count"":42},{""node"":""topic::health_public_health"",""label"":""Health Public Health"",""count"":23},{""node"":""topic::law_justice_crime"",""label"":""Law Justice Crime"",""count"":13},{""node"":""per::obama"",""label"":""Obama"",""count"":8},{""node"":""topic::energy_environment"",""label"":""Energy Environment"",""count"":7},{""node"":""topic::foreign_policy_diplomacy"",""label"":""Foreign Policy Diplomacy"",""count"":7},{""node"":""mention::realdonaldtrump"",""label"":""@realdonaldtrump"",""count"":5},{""node"":""topic::endorsements_appointments"",""label"":""Endorsements Appointments"",""count"":4},{""node"":""loc::afghanistan"",""label"":""Afghanistan"",""count"":4},{""node"":""topic::congress_governance"",""label"":""Congress Governance"",""count"":3},{""node"":""loc::iran"",""label"":""Iran"",""count"":3},{""node"":""org::c"",""label"":""C"",""count"":2}]"
2013-W48,2013-11-25,2013-12-01,99,99,0,0,99,77,204,38,15,46,Media Communications,topic::media_communications,53,Obama,per::obama,10,"[{""node"":""topic::media_communications"",""label"":""Media Communications"",""count"":53},{""node"":""topic::health_public_health"",""label"":""Health Public Health"",""count"":23},{""node"":""topic::energy_environment"",""label"":""Energy Environment"",""count"":23},{""node"":""topic::foreign_policy_diplomacy"",""label"":""Foreign Policy Diplomacy"",""count"":16},{""node"":""mention::realdonaldtrump"",""label"":""@realdonaldtrump"",""count"":14},{""node"":""topic::law_justice_crime"",""label"":""Law Justice Crime"",""count"":10},{""node"":""per::obama"",""label"":""Obama"",""count"":10},{""node"":""loc::iran"",""label"":""Iran"",""count"":9},{""node"":""mention::alexsalmond"",""label"":""@alexsalmond"",""count"":8},{""node"":""mention::macys"",""label"":""@macys"",""count"":8},{""node"":""topic::endorsements_appointments"",""label"":""Endorsements Appointments"",""count"":7},{""node"":""mention::aberdeenshire"",""label"":""@aberdeenshire"",""count"":7}]"
2013-W49,2013-12-02,2013-12-08,95,95,0,0,95,66,150,22,20,53,Media Communications,topic::media_communications,52,Donald Trump,per::donald trump,4,"[{""node"":""topic::media_communications"",""label"":""Media Communications"",""count"":52},{""node"":""topic::health_public_health"",""label"":""Health Public Health"",""count"":34},{""node"":""topic::energy_environment"",""label"":""Energy Environment"",""count"":18},{""node"":""mention::realdonaldtrump"",""label"":""@realdonaldtrump"",""count"":11},{""node"":""topic::law_justice_crime"",""label"":""Law Justice Crime"",""count"":5},{""node"":""topic::social_culture_education"",""label"":""Social Culture Education"",""count"":5},{""node"":""per::donald trump"",""label"":""Donald Trump"",""count"":4},{""node"":""topic::endorsements_appointments"",""label"":""Endorsements Appointments"",""count"":3},{""node"":""per::nelson mandela"",""label"":""Nelson Mandela"",""count"":3},{""node"":""per::obama"",""label"":""Obama"",""count"":2},{""node"":""loc::u. s"",""label"":""U. S"",""count"":2},{""node"":""loc::white house"",""label"":""White House"",""count"":2}]"
2013-W50,2013-12-09,2013-12-15,99,99,0,0,99,87,233,42,17,40,Media Communications,topic::media_communications,60,Obama,per::obama,10,"[{""node"":""topic::media_communications"",""label"":""Media Communications"",""count"":60},{""node"":""topic::health_public_health"",""label"":""Health Public Health"",""count"":32},{""node"":""topic::law_justice_crime"",""label"":""Law Justice Crime"",""count"":22},{""node"":""topic::energy_environment"",""label"":""Energy Environment"",""count"":13},{""node"":""per::obama"",""label"":""Obama"",""count"":10},{""node"":""mention::realdonaldtrump"",""label"":""@realdonaldtrump"",""count"":10},{""node"":""topic::endorsements_appointments"",""label"":""Endorsements Appointments"",""count"":10},{""node"":""topic::foreign_policy_diplomacy"",""label"":""Foreign Policy Diplomacy"",""count"":8},{""node"":""mention::agschneiderman"",""label"":""@agschneiderman"",""count"":7},{""node"":""mention::peterose_14"",""label"":""@peterose_14"",""count"":5},{""node"":""org::vanityfair"",""label"":""Vanityfair"",""count"":4},{""node"":""mention::vanityfair"",""label"":""@vanityfair"",""count"":4}]"
2013-W51,2013-12-16,2013-12-22,102,102,0,0,102,86,216,31,13,58,Media Communications,topic::media_communications,61,Obama,per::obama,9,"[{""node"":""topic::media_communications"",""label"":""Media Communications"",""count"":61},{""node"":""mention::realdonaldtrump"",""label"":""@realdonaldtrump"",""count"":30},{""node"":""topic::health_public_health"",""label"":""Health Public Health"",""count"":23},{""node"":""topic::endorsements_appointments"",""label"":""Endorsements Appointments"",""count"":10},{""node"":""per::obama"",""label"":""Obama"",""count"":9},{""node"":""topic::law_justice_crime"",""label"":""Law Justice Crime"",""count"":8},{""node"":""topic::elections_campaigns"",""label"":""Elections Campaigns"",""count"":6},{""node"":""per::trump"",""label"":""Trump"",""count"":5},{""node"":""topic::energy_environment"",""label"":""Energy Environment"",""count"":4},{""node"":""mention::alexsalmond"",""label"":""@alexsalmond"",""count"":4},{""node"":""org::macy ' s"",""label"":""Macy ' S"",""count"":4},{""node"":""topic::foreign_policy_diplomacy"",""label"":""Foreign Policy Diplomacy"",""count"":3}]"
2013-W52,2013-12-23,2013-12-29,54,54,0,0,54,32,63,10,10,34,Media Communications,topic::media_communications,27,Trump,per::trump,2,"[{""node"":""topic::media_communications"",""label"":""Media Communications"",""count"":27},{""node"":""topic::health_public_health"",""label"":""Health Public Health"",""count"":16},{""node"":""mention::realdonaldtrump"",""label"":""@realdonaldtrump"",""count"":13},{""node"":""topic::energy_environment"",""label"":""Energy Environment"",""count"":9},{""node"":""topic::endorsements_appointments"",""label"":""Endorsements Appointments"",""count"":7},{""node"":""topic::social_culture_education"",""label"":""Social Culture Education"",""count"":6},{""node"":""topic::foreign_policy_diplomacy"",""label"":""Foreign Policy Diplomacy"",""count"":2},{""node"":""per::trump"",""label"":""Trump"",""count"":2},{""node"":""per::nelson mandela"",""label"":""Nelson Mandela"",""count"":2},{""node"":""loc::nyc"",""label"":""Nyc"",""count"":1},{""node"":""org::n"",""label"":""N"",""count"":1},{""node"":""org::trumptow"",""label"":""Trumptow"",""count"":1}]"
2014-W01,2013-12-30,2014-01-05,47,47,0,0,47,40,69,7,12,28,Media Communications,topic::media_communications,21,G,per::g,2,"[{""node"":""topic::media_communications"",""label"":""Media Communications"",""count"":21},{""node"":""topic::health_public_health"",""label"":""Health Public Health"",""count"":13},{""node"":""mention::realdonaldtrump"",""label"":""@realdonaldtrump"",""count"":11},{""node"":""topic::energy_environment"",""label"":""Energy Environment"",""count"":9},{""node"":""topic::endorsements_appointments"",""label"":""Endorsements Appointments"",""count"":4},{""node"":""topic::social_culture_education"",""label"":""Social Culture Education"",""count"":3},{""node"":""topic::elections_campaigns"",""label"":""Elections Campaigns"",""count"":3},{""node"":""per::g"",""label"":""G"",""count"":2},{""node"":""per::nelson mandela"",""label"":""Nelson Mandela"",""count"":1},{""node"":""topic::foreign_policy_diplomacy"",""label"":""Foreign Policy Diplomacy"",""count"":1},{""node"":""mention::nyjets"",""label"":""@nyjets"",""count"":1},{""node"":""loc::ny"",""label"":""Ny"",""count"":1}]"
2014-W02,2014-01-06,2014-01-12,93,93,0,0,93,67,167,15,13,65,Media Communications,topic::media_communications,56,Trump,per::trump,7,"[{""node"":""topic::media_communications"",""label"":""Media Communications"",""count"":56},{""node"":""mention::realdonaldtrump"",""label"":""@realdonaldtrump"",""count"":44},{""node"":""topic::endorsements_appointments"",""label"":""Endorsements Appointments"",""count"":16},{""node"":""topic::health_public_health"",""label"":""Health Public Health"",""count"":14},{""node"":""topic::elections_campaigns"",""label"":""Elections Campaigns"",""count"":10},{""node"":""per::trump"",""label"":""Trump"",""count"":7},{""node"":""hashtag::trump2016"",""label"":""#trump2016"",""count"":6},{""node"":""topic::social_culture_education"",""label"":""Social Culture Education"",""count"":5},{""node"":""per::obama"",""label"":""Obama"",""count"":4},{""node"":""mention::trumpchicago"",""label"":""@trumpchicago"",""count"":4},{""node"":""topic::foreign_policy_diplomacy"",""label"":""Foreign Policy Diplomacy"",""count"":3},{""node"":""loc::iraq"",""label"":""Iraq"",""count"":3}]"
2014-W03,2014-01-13,2014-01-19,113,113,0,0,113,92,266,20,17,76,Media Communications,topic::media_communications,68,Trump,per::trump,7,"[{""node"":""topic::media_communications"",""label"":""Media Communications"",""count"":68},{""node"":""mention::realdonaldtrump"",""label"":""@realdonaldtrump"",""count"":56},{""node"":""topic::health_public_health"",""label"":""Health Public Health"",""count"":23},{""node"":""topic::endorsements_appointments"",""label"":""Endorsements Appointments"",""count"":20},{""node"":""topic::elections_campaigns"",""label"":""Elections Campaigns"",""count"":16},{""node"":""per::trump"",""label"":""Trump"",""count"":7},{""node"":""topic::law_justice_crime"",""label"":""Law Justice Crime"",""count"":7},{""node"":""topic::energy_environment"",""label"":""Energy Environment"",""count"":5},{""node"":""topic::social_culture_education"",""label"":""Social Culture Education"",""count"":3},{""node"":""mention::macys"",""label"":""@macys"",""count"":2},{""node"":""per::donald trump"",""label"":""Donald Trump"",""count"":2},{""node"":""loc::america"",""label"":""America"",""count"":2}]"
2014-W04,2014-01-20,2014-01-26,44,44,0,0,44,46,100,5,9,30,Media Communications,topic::media_communications,22,Trump,per::trump,2,"[{""node"":""topic::media_communications"",""label"":""Media Communications"",""count"":22},{""node"":""mention::realdonaldtrump"",""label"":""@realdonaldtrump"",""count"":15},{""node"":""topic::endorsements_appointments"",""label"":""Endorsements Appointments"",""count"":8},{""node"":""topic::health_public_health"",""label"":""Health Public Health"",""count"":7},{""node"":""topic::energy_environment"",""label"":""Energy Environment"",""count"":4},{""node"":""topic::social_culture_education"",""label"":""Social Culture Education"",""count"":3},{""node"":""per::trump"",""label"":""Trump"",""count"":2},{""node"":""loc::scotland"",""label"":""Scotland"",""count"":2},{""node"":""topic::elections_campaigns"",""label"":""Elections Campaigns"",""count"":2},{""node"":""mention::trumpdoral"",""label"":""@trumpdoral"",""count"":2},{""node"":""loc::nyc"",""label"":""Nyc"",""count"":1},{""node"":""hashtag::trump4prez"",""label"":""#trump4prez"",""count"":1}]"
2014-W05,2014-01-27,2014-02-02,85,85,0,0,85,86,201,22,17,46,Media Communications,topic::media_communications,58,Trump,per::trump,6,"[{""node"":""topic::media_communications"",""label"":""Media Communications"",""count"":58},{""node"":""mention::realdonaldtrump"",""label"":""@realdonaldtrump"",""count"":18},{""node"":""topic::health_public_health"",""label"":""Health Public Health"",""count"":15},{""node"":""topic::law_justice_crime"",""label"":""Law Justice Crime"",""count"":11},{""node"":""topic::energy_environment"",""label"":""Energy Environment"",""count"":7},{""node"":""per::trump"",""label"":""Trump"",""count"":6},{""node"":""mention::agschneiderman"",""label"":""@agschneiderman"",""count"":6},{""node"":""topic::foreign_policy_diplomacy"",""label"":""Foreign Policy Diplomacy"",""count"":4},{""node"":""topic::social_culture_education"",""label"":""Social Culture Education"",""count"":4},{""node"":""topic::endorsements_appointments"",""label"":""Endorsements Appointments"",""count"":4},{""node"":""mention::trumpdoral"",""label"":""@trumpdoral"",""count"":4},{""node"":""org::trump university"",""label"":""Trump University"",""count"":4}]"
2014-W06,2014-02-03,2014-02-09,34,34,0,0,34,56,141,12,7,15,Media Communications,topic::media_communications,14,Obama,per::obama,2,"[{""node"":""topic::media_communications"",""label"":""Media Communications"",""count"":14},{""node"":""topic::health_public_health"",""label"":""Health Public Health"",""count"":12},{""node"":""topic::energy_environment"",""label"":""Energy Environment"",""count"":4},{""node"":""topic::endorsements_appointments"",""label"":""Endorsements Appointments"",""count"":2},{""node"":""per::obama"",""label"":""Obama"",""count"":2},{""node"":""org::cbo"",""label"":""Cbo"",""count"":2},{""node"":""org::macy ' s"",""label"":""Macy ' S"",""count"":1},{""node"":""per::trump"",""label"":""Trump"",""count"":1},{""node"":""mention::realdonaldtrump"",""label"":""@realdonaldtrump"",""count"":1},{""node"":""mention::miamiherald"",""label"":""@miamiherald"",""count"":1},{""node"":""mention::ivankatrump"",""label"":""@ivankatrump"",""count"":1},{""node"":""loc::miami"",""label"":""Miami"",""count"":1}]"
2014-W07,2014-02-10,2014-02-16,75,75,0,0,75,67,189,13,10,52,Media Communications,topic::media_communications,45,Ireland,loc::ireland,9,"[{""node"":""topic::media_communications"",""label"":""Media Communications"",""count"":45},{""node"":""mention::realdonaldtrump"",""label"":""@realdonaldtrump"",""count"":24},{""node"":""topic::health_public_health"",""label"":""Health Public Health"",""count"":19},{""node"":""topic::endorsements_appointments"",""label"":""Endorsements Appointments"",""count"":13},{""node"":""topic::energy_environment"",""label"":""Energy Environment"",""count"":9},{""node"":""loc::ireland"",""label"":""Ireland"",""count"":9},{""node"":""per::trump"",""label"":""Trump"",""count"":4},{""node"":""loc::scotland"",""label"":""Scotland"",""count"":4},{""node"":""per::alexsalmond"",""label"":""Alexsalmond"",""count"":4},{""node"":""mention::alexsalmond"",""label"":""@alexsalmond"",""count"":4},{""node"":""topic::foreign_policy_diplomacy"",""label"":""Foreign Policy Diplomacy"",""count"":3},{""node"":""per::don"",""label"":""Don"",""count"":3}]"
2014-W08,2014-02-17,2014-02-23,95,95,0,0,95,75,234,22,15,58,Media Communications,topic::media_communications,59,Buzzfeed,org::buzzfeed,9,"[{""node"":""topic::media_communications"",""label"":""Media Communications"",""count"":59},{""node"":""mention::realdonaldtrump"",""label"":""@realdonaldtrump"",""count"":45},{""node"":""topic::endorsements_appointments"",""label"":""Endorsements Appointments"",""count"":18},{""node"":""topic::elections_campaigns"",""label"":""Elections Campaigns"",""count"":16},{""node"":""topic::health_public_health"",""label"":""Health Public Health"",""count"":11},{""node"":""org::buzzfeed"",""label"":""Buzzfeed"",""count"":9},{""node"":""topic::foreign_policy_diplomacy"",""label"":""Foreign Policy Diplomacy"",""count"":8},{""node"":""mention::buzzfeed"",""label"":""@buzzfeed"",""count"":8},{""node"":""per::trump"",""label"":""Trump"",""count"":7},{""node"":""topic::law_justice_crime"",""label"":""Law Justice Crime"",""count"":6},{""node"":""per::donald trump"",""label"":""Donald Trump"",""count"":4},{""node"":""mention::amspec"",""label"":""@amspec"",""count"":4}]"
2014-W09,2014-02-24,2014-03-02,88,88,0,0,88,65,161,17,14,57,Media Communications,topic::media_communications,52,Trump,per::trump,8,"[{""node"":""topic::media_communications"",""label"":""Media Communications"",""count"":52},{""node"":""mention::realdonaldtrump"",""label"":""@realdonaldtrump"",""count"":31},{""node"":""topic::foreign_policy_diplomacy"",""label"":""Foreign Policy Diplomacy"",""count"":11},{""node"":""topic::elections_campaigns"",""label"":""Elections Campaigns"",""count"":10},{""node"":""topic::endorsements_appointments"",""label"":""Endorsements Appointments"",""count"":9},{""node"":""per::trump"",""label"":""Trump"",""count"":8},{""node"":""topic::health_public_health"",""label"":""Health Public Health"",""count"":7},{""node"":""mention::agschneiderman"",""label"":""@agschneiderman"",""count"":7},{""node"":""loc::u. s"",""label"":""U. S"",""count"":6},{""node"":""topic::law_justice_crime"",""label"":""Law Justice Crime"",""count"":6},{""node"":""topic::social_culture_education"",""label"":""Social Culture Education"",""count"":5},{""node"":""loc::america"",""label"":""America"",""count"":4}]"
2014-W10,2014-03-03,2014-03-09,102,102,0,0,102,67,202,27,16,59,Media Communications,topic::media_communications,79,Trump,per::trump,5,"[{""node"":""topic::media_communications"",""label"":""Media Communications"",""count"":79},{""node"":""mention::realdonaldtrump"",""label"":""@realdonaldtrump"",""count"":49},{""node"":""hashtag::oscars"",""label"":""#oscars"",""count"":27},{""node"":""topic::health_public_health"",""label"":""Health Public Health"",""count"":13},{""node"":""topic::endorsements_appointments"",""label"":""Endorsements Appointments"",""count"":9},{""node"":""topic::elections_campaigns"",""label"":""Elections Campaigns"",""count"":8},{""node"":""topic::energy_environment"",""label"":""Energy Environment"",""count"":6},{""node"":""per::trump"",""label"":""Trump"",""count"":5},{""node"":""mention::trumpdoral"",""label"":""@trumpdoral"",""count"":5},{""node"":""per::obama"",""label"":""Obama"",""count"":4},{""node"":""topic::foreign_policy_diplomacy"",""label"":""Foreign Policy Diplomacy"",""count"":3},{""node"":""hashtag::trump2016"",""label"":""#trump2016"",""count"":2}]"
2014-W11,2014-03-10,2014-03-16,64,64,0,0,64,61,138,12,17,35,Media Communications,topic::media_communications,40,Cnbc,org::cnbc,3,"[{""node"":""topic::media_communications"",""label"":""Media Communications"",""count"":40},{""node"":""mention::realdonaldtrump"",""label"":""@realdonaldtrump"",""count"":25},{""node"":""topic::health_public_health"",""label"":""Health Public Health"",""count"":16},{""node"":""topic::elections_campaigns"",""label"":""Elections Campaigns"",""count"":8},{""node"":""topic::endorsements_appointments"",""label"":""Endorsements Appointments"",""count"":6},{""node"":""topic::law_justice_crime"",""label"":""Law Justice Crime"",""count"":5},{""node"":""mention::trumpdoral"",""label"":""@trumpdoral"",""count"":4},{""node"":""topic::social_culture_education"",""label"":""Social Culture Education"",""count"":4},{""node"":""org::cnbc"",""label"":""Cnbc"",""count"":3},{""node"":""mention::cnbc"",""label"":""@cnbc"",""count"":3},{""node"":""per::trump"",""label"":""Trump"",""count"":3},{""node"":""per::obama"",""label"":""Obama"",""count"":3}]"
2014-W12,2014-03-17,2014-03-23,66,66,0,0,66,53,122,20,14,32,Media Communications,topic::media_communications,24,Obama,per::obama,9,"[{""node"":""topic::media_communications"",""label"":""Media Communications"",""count"":24},{""node"":""topic::health_public_health"",""label"":""Health Public Health"",""count"":20},{""node"":""mention::realdonaldtrump"",""label"":""@realdonaldtrump"",""count"":18},{""node"":""topic::foreign_policy_diplomacy"",""label"":""Foreign Policy Diplomacy"",""count"":10},{""node"":""per::obama"",""label"":""Obama"",""count"":9},{""node"":""topic::elections_campaigns"",""label"":""Elections Campaigns"",""count"":8},{""node"":""per::putin"",""label"":""Putin"",""count"":8},{""node"":""topic::energy_environment"",""label"":""Energy Environment"",""count"":6},{""node"":""loc::russia"",""label"":""Russia"",""count"":5},{""node"":""topic::endorsements_appointments"",""label"":""Endorsements Appointments"",""count"":4},{""node"":""mention::alexsalmond"",""label"":""@alexsalmond"",""count"":4},{""node"":""per::alexsalmond"",""label"":""Alexsalmond"",""count"":3}]"
2014-W13,2014-03-24,2014-03-30,115,115,0,0,115,78,271,19,27,69,Media Communications,topic::media_communications,62,A,org::a,7,"[{""node"":""topic::media_communications"",""label"":""Media Communications"",""count"":62},{""node"":""mention::realdonaldtrump"",""label"":""@realdonaldtrump"",""count"":51},{""node"":""topic::health_public_health"",""label"":""Health Public Health"",""count"":26},{""node"":""topic::endorsements_appointments"",""label"":""Endorsements Appointments"",""count"":19},{""node"":""topic::elections_campaigns"",""label"":""Elections Campaigns"",""count"":13},{""node"":""topic::foreign_policy_diplomacy"",""label"":""Foreign Policy Diplomacy"",""count"":9},{""node"":""mention::arseniohall"",""label"":""@arseniohall"",""count"":9},{""node"":""org::a"",""label"":""A"",""count"":7},{""node"":""topic::energy_environment"",""label"":""Energy Environment"",""count"":6},{""node"":""per::donald"",""label"":""Donald"",""count"":6},{""node"":""org::h"",""label"":""H"",""count"":6},{""node"":""topic::social_culture_education"",""label"":""Social Culture Education"",""count"":6}]"
2014-W14,2014-03-31,2014-04-06,114,114,0,0,114,96,288,28,17,69,Media Communications,topic::media_communications,69,Donald Trump,per::donald trump,5,"[{""node"":""topic::media_communications"",""label"":""Media Communications"",""count"":69},{""node"":""mention::realdonaldtrump"",""label"":""@realdonaldtrump"",""count"":61},{""node"":""topic::endorsements_appointments"",""label"":""Endorsements Appointments"",""count"":27},{""node"":""topic::health_public_health"",""label"":""Health Public Health"",""count"":15},{""node"":""topic::energy_environment"",""label"":""Energy Environment"",""count"":13},{""node"":""topic::elections_campaigns"",""label"":""Elections Campaigns"",""count"":10},{""node"":""topic::social_culture_education"",""label"":""Social Culture Education"",""count"":6},{""node"":""per::donald trump"",""label"":""Donald Trump"",""count"":5},{""node"":""per::trump"",""label"":""Trump"",""count"":5},{""node"":""per::donald"",""label"":""Donald"",""count"":5},{""node"":""topic::foreign_policy_diplomacy"",""label"":""Foreign Policy Diplomacy"",""count"":4},{""node"":""per::alexsalmond"",""label"":""Alexsalmond"",""count"":4}]"
2014-W15,2014-04-07,2014-04-13,99,99,0,0,99,79,198,9,18,72,Media Communications,topic::media_communications,62,Trump,per::trump,7,"[{""node"":""topic::media_communications"",""label"":""Media Communications"",""count"":62},{""node"":""mention::realdonaldtrump"",""label"":""@realdonaldtrump"",""count"":47},{""node"":""topic::health_public_health"",""label"":""Health Public Health"",""count"":15},{""node"":""topic::elections_campaigns"",""label"":""Elections Campaigns"",""count"":15},{""node"":""topic::endorsements_appointments"",""label"":""Endorsements Appointments"",""count"":12},{""node"":""per::trump"",""label"":""Trump"",""count"":7},{""node"":""per::donald trump"",""label"":""Donald Trump"",""count"":5},{""node"":""topic::foreign_policy_diplomacy"",""label"":""Foreign Policy Diplomacy"",""count"":4},{""node"":""mention::apprenticenbc"",""label"":""@apprenticenbc"",""count"":4},{""node"":""topic::energy_environment"",""label"":""Energy Environment"",""count"":3},{""node"":""per::donald"",""label"":""Donald"",""count"":3},{""node"":""mention::trumpdoral"",""label"":""@trumpdoral"",""count"":3}]"
2014-W16,2014-04-14,2014-04-20,152,152,0,0,152,131,395,32,28,92,Media Communications,topic::media_communications,89,Trump,per::trump,10,"[{""node"":""topic::media_communications"",""label"":""Media Communications"",""count"":89},{""node"":""mention::realdonaldtrump"",""label"":""@realdonaldtrump"",""count"":64},{""node"":""topic::endorsements_appointments"",""label"":""Endorsements Appointments"",""count"":35},{""node"":""mention::nflcommish"",""label"":""@nflcommish"",""count"":28},{""node"":""topic::health_public_health"",""label"":""Health Public Health"",""count"":22},{""node"":""topic::energy_environment"",""label"":""Energy Environment"",""count"":17},{""node"":""topic::foreign_policy_diplomacy"",""label"":""Foreign Policy Diplomacy"",""count"":12},{""node"":""per::trump"",""label"":""Trump"",""count"":10},{""node"":""topic::law_justice_crime"",""label"":""Law Justice Crime"",""count"":9},{""node"":""topic::elections_campaigns"",""label"":""Elections Campaigns"",""count"":8},{""node"":""loc::buffalo"",""label"":""Buffalo"",""count"":7},{""node"":""per::obama"",""label"":""Obama"",""count"":6}]"
2014-W17,2014-04-21,2014-04-27,129,129,0,0,129,114,345,25,25,79,Media Communications,topic::media_communications,63,Trump,per::trump,13,"[{""node"":""topic::media_communications"",""label"":""Media Communications"",""count"":63},{""node"":""mention::realdonaldtrump"",""label"":""@realdonaldtrump"",""count"":51},{""node"":""topic::endorsements_appointments"",""label"":""Endorsements Appointments"",""count"":39},{""node"":""topic::health_public_health"",""label"":""Health Public Health"",""count"":20},{""node"":""mention::nflcommish"",""label"":""@nflcommish"",""count"":18},{""node"":""topic::energy_environment"",""label"":""Energy Environment"",""count"":16},{""node"":""per::trump"",""label"":""Trump"",""count"":13},{""node"":""per::obama"",""label"":""Obama"",""count"":10},{""node"":""topic::foreign_policy_diplomacy"",""label"":""Foreign Policy Diplomacy"",""count"":10},{""node"":""mention::buffalobills"",""label"":""@buffalobills"",""count"":7},{""node"":""topic::elections_campaigns"",""label"":""Elections Campaigns"",""count"":7},{""node"":""loc::buffalo"",""label"":""Buffalo"",""count"":5}]"
2014-W18,2014-04-28,2014-05-04,112,112,0,0,112,103,316,32,30,50,Media Communications,topic::media_communications,75,Donald Trump,per::donald trump,12,"[{""node"":""topic::media_communications"",""label"":""Media Communications"",""count"":75},{""node"":""mention::realdonaldtrump"",""label"":""@realdonaldtrump"",""count"":36},{""node"":""topic::endorsements_appointments"",""label"":""Endorsements Appointments"",""count"":17},{""node"":""topic::health_public_health"",""label"":""Health Public Health"",""count"":16},{""node"":""topic::law_justice_crime"",""label"":""Law Justice Crime"",""count"":12},{""node"":""per::donald trump"",""label"":""Donald Trump"",""count"":12},{""node"":""topic::elections_campaigns"",""label"":""Elections Campaigns"",""count"":10},{""node"":""per::trump"",""label"":""Trump"",""count"":7},{""node"":""topic::energy_environment"",""label"":""Energy Environment"",""count"":6},{""node"":""org::turnberry"",""label"":""Turnberry"",""count"":6},{""node"":""mention::sethmeyers"",""label"":""@sethmeyers"",""count"":6},{""node"":""per::donald"",""label"":""Donald"",""count"":5}]"
2014-W19,2014-05-05,2014-05-11,94,94,0,0,94,80,200,18,22,54,Media Communications,topic::media_communications,46,America,loc::america,4,"[{""node"":""topic::media_communications"",""label"":""Media Communications"",""count"":46},{""node"":""mention::realdonaldtrump"",""label"":""@realdonaldtrump"",""count"":39},{""node"":""topic::elections_campaigns"",""label"":""Elections Campaigns"",""count"":21},{""node"":""topic::health_public_health"",""label"":""Health Public Health"",""count"":18},{""node"":""topic::endorsements_appointments"",""label"":""Endorsements Appointments"",""count"":17},{""node"":""topic::law_justice_crime"",""label"":""Law Justice Crime"",""count"":7},{""node"":""topic::social_culture_education"",""label"":""Social Culture Education"",""count"":5},{""node"":""topic::energy_environment"",""label"":""Energy Environment"",""count"":5},{""node"":""topic::foreign_policy_diplomacy"",""label"":""Foreign Policy Diplomacy"",""count"":5},{""node"":""loc::america"",""label"":""America"",""count"":4},{""node"":""hashtag::trumpforpresident"",""label"":""#trumpforpresident"",""count"":4},{""node"":""mention::foxandfriends"",""label"":""@foxandfriends"",""count"":3}]"
2014-W20,2014-05-12,2014-05-18,61,61,0,0,61,48,147,7,11,43,Media Communications,topic::media_communications,33,Ireland,loc::ireland,9,"[{""node"":""topic::media_communications"",""label"":""Media Communications"",""count"":33},{""node"":""mention::realdonaldtrump"",""label"":""@realdonaldtrump"",""count"":19},{""node"":""topic::health_public_health"",""label"":""Health Public Health"",""count"":11},{""node"":""topic::endorsements_appointments"",""label"":""Endorsements Appointments"",""count"":10},{""node"":""loc::ireland"",""label"":""Ireland"",""count"":9},{""node"":""topic::foreign_policy_diplomacy"",""label"":""Foreign Policy Diplomacy"",""count"":6},{""node"":""topic::elections_campaigns"",""label"":""Elections Campaigns"",""count"":6},{""node"":""per::trump"",""label"":""Trump"",""count"":5},{""node"":""topic::social_culture_education"",""label"":""Social Culture Education"",""count"":5},{""node"":""mention::trumpdoral"",""label"":""@trumpdoral"",""count"":4},{""node"":""loc::dubai"",""label"":""Dubai"",""count"":4},{""node"":""topic::energy_environment"",""label"":""Energy Environment"",""count"":4}]"
2014-W21,2014-05-19,2014-05-25,68,68,0,0,68,54,158,15,16,37,Media Communications,topic::media_communications,41,Dubai,loc::dubai,11,"[{""node"":""topic::media_communications"",""label"":""Media Communications"",""count"":41},{""node"":""topic::health_public_health"",""label"":""Health Public Health"",""count"":17},{""node"":""mention::realdonaldtrump"",""label"":""@realdonaldtrump"",""count"":16},{""node"":""loc::dubai"",""label"":""Dubai"",""count"":11},{""node"":""topic::energy_environment"",""label"":""Energy Environment"",""count"":10},{""node"":""topic::endorsements_appointments"",""label"":""Endorsements Appointments"",""count"":8},{""node"":""topic::foreign_policy_diplomacy"",""label"":""Foreign Policy Diplomacy"",""count"":6},{""node"":""per::donald trump"",""label"":""Donald Trump"",""count"":5},{""node"":""loc::u. s"",""label"":""U. S"",""count"":4},{""node"":""topic::elections_campaigns"",""label"":""Elections Campaigns"",""count"":3},{""node"":""loc::scotland"",""label"":""Scotland"",""count"":3},{""node"":""loc::united states"",""label"":""United States"",""count"":3}]"
2014-W22,2014-05-26,2014-06-01,84,84,0,0,84,66,188,25,19,40,Media Communications,topic::media_communications,48,Obama,per::obama,6,"[{""node"":""topic::media_communications"",""label"":""Media Communications"",""count"":48},{""node"":""mention::realdonaldtrump"",""label"":""@realdonaldtrump"",""count"":38},{""node"":""topic::health_public_health"",""label"":""Health Public Health"",""count"":20},{""node"":""topic::elections_campaigns"",""label"":""Elections Campaigns"",""count"":16},{""node"":""topic::law_justice_crime"",""label"":""Law Justice Crime"",""count"":10},{""node"":""topic::defense_military_veterans"",""label"":""Defense Military Veterans"",""count"":7},{""node"":""topic::foreign_policy_diplomacy"",""label"":""Foreign Policy Diplomacy"",""count"":7},{""node"":""per::obama"",""label"":""Obama"",""count"":6},{""node"":""topic::endorsements_appointments"",""label"":""Endorsements Appointments"",""count"":6},{""node"":""per::trump"",""label"":""Trump"",""count"":5},{""node"":""topic::energy_environment"",""label"":""Energy Environment"",""count"":3},{""node"":""per::snowden"",""label"":""Snowden"",""count"":3}]"
2014-W23,2014-06-02,2014-06-08,124,124,0,0,124,113,337,33,22,69,Media Communications,topic::media_communications,68,Obama,per::obama,14,"[{""node"":""topic::media_communications"",""label"":""Media Communications"",""count"":68},{""node"":""mention::realdonaldtrump"",""label"":""@realdonaldtrump"",""count"":47},{""node"":""topic::elections_campaigns"",""label"":""Elections Campaigns"",""count"":21},{""node"":""topic::law_justice_crime"",""label"":""Law Justice Crime"",""count"":17},{""node"":""topic::foreign_policy_diplomacy"",""label"":""Foreign Policy Diplomacy"",""count"":17},{""node"":""per::obama"",""label"":""Obama"",""count"":14},{""node"":""topic::endorsements_appointments"",""label"":""Endorsements Appointments"",""count"":13},{""node"":""topic::health_public_health"",""label"":""Health Public Health"",""count"":12},{""node"":""per::trump"",""label"":""Trump"",""count"":10},{""node"":""topic::energy_environment"",""label"":""Energy Environment"",""count"":8},{""node"":""loc::u. s"",""label"":""U. S"",""count"":8},{""node"":""hashtag::trump2016"",""label"":""#trump2016"",""count"":7}]"
2014-W24,2014-06-09,2014-06-15,207,207,0,0,207,127,447,50,26,131,Media Communications,topic::media_communications,143,Trump,per::trump,24,"[{""node"":""topic::media_communications"",""label"":""Media Communications"",""count"":143},{""node"":""mention::realdonaldtrump"",""label"":""@realdonaldtrump"",""count"":111},{""node"":""per::trump"",""label"":""Trump"",""count"":24},{""node"":""topic::endorsements_appointments"",""label"":""Endorsements Appointments"",""count"":22},{""node"":""loc::chicago"",""label"":""Chicago"",""count"":22},{""node"":""topic::health_public_health"",""label"":""Health Public Health"",""count"":21},{""node"":""topic::elections_campaigns"",""label"":""Elections Campaigns"",""count"":19},{""node"":""topic::foreign_policy_diplomacy"",""label"":""Foreign Policy Diplomacy"",""count"":19},{""node"":""loc::iraq"",""label"":""Iraq"",""count"":13},{""node"":""per::donald"",""label"":""Donald"",""count"":10},{""node"":""mention::mattginellagc"",""label"":""@mattginellagc"",""count"":8},{""node"":""per::pine"",""label"":""Pine"",""count"":7}]"
2014-W25,2014-06-16,2014-06-22,262,262,0,0,262,142,466,57,44,161,Media Communications,topic::media_communications,189,Trump,per::trump,19,"[{""node"":""topic::media_communications"",""label"":""Media Communications"",""count"":189},{""node"":""mention::realdonaldtrump"",""label"":""@realdonaldtrump"",""count"":156},{""node"":""topic::endorsements_appointments"",""label"":""Endorsements Appointments"",""count"":35},{""node"":""topic::elections_campaigns"",""label"":""Elections Campaigns"",""count"":35},{""node"":""topic::health_public_health"",""label"":""Health Public Health"",""count"":24},{""node"":""per::trump"",""label"":""Trump"",""count"":19},{""node"":""loc::chicago"",""label"":""Chicago"",""count"":19},{""node"":""mention::sternshow"",""label"":""@sternshow"",""count"":17},{""node"":""mention::howardstern"",""label"":""@howardstern"",""count"":16},{""node"":""topic::law_justice_crime"",""label"":""Law Justice Crime"",""count"":13},{""node"":""mention::trumpchicago"",""label"":""@trumpchicago"",""count"":12},{""node"":""topic::energy_environment"",""label"":""Energy Environment"",""count"":11}]"
2014-W26,2014-06-23,2014-06-29,122,122,0,0,122,114,362,26,26,70,Media Communications,topic::media_communications,75,Trump,per::trump,10,"[{""node"":""topic::media_communications"",""label"":""Media Communications"",""count"":75},{""node"":""mention::realdonaldtrump"",""label"":""@realdonaldtrump"",""count"":48},{""node"":""topic::health_public_health"",""label"":""Health Public Health"",""count"":23},{""node"":""topic::elections_campaigns"",""label"":""Elections Campaigns"",""count"":17},{""node"":""topic::endorsements_appointments"",""label"":""Endorsements Appointments"",""count"":15},{""node"":""per::trump"",""label"":""Trump"",""count"":10},{""node"":""topic::foreign_policy_diplomacy"",""label"":""Foreign Policy Diplomacy"",""count"":10},{""node"":""topic::law_justice_crime"",""label"":""Law Justice Crime"",""count"":10},{""node"":""topic::immigration_border"",""label"":""Immigration Border"",""count"":7},{""node"":""per::donald"",""label"":""Donald"",""count"":6},{""node"":""topic::energy_environment"",""label"":""Energy Environment"",""count"":6},{""node"":""per::obama"",""label"":""Obama"",""count"":6}]"
2014-W27,2014-06-30,2014-07-06,72,72,0,0,72,67,190,8,17,47,Media Communications,topic::media_communications,37,Trumpturnberry,org::trumpturnberry,4,"[{""node"":""topic::media_communications"",""label"":""Media Communications"",""count"":37},{""node"":""mention::realdonaldtrump"",""label"":""@realdonaldtrump"",""count"":22},{""node"":""topic::health_public_health"",""label"":""Health Public Health"",""count"":13},{""node"":""topic::endorsements_appointments"",""label"":""Endorsements Appointments"",""count"":9},{""node"":""topic::energy_environment"",""label"":""Energy Environment"",""count"":9},{""node"":""topic::elections_campaigns"",""label"":""Elections Campaigns"",""count"":8},{""node"":""topic::foreign_policy_diplomacy"",""label"":""Foreign Policy Diplomacy"",""count"":7},{""node"":""mention::trumpturnberry"",""label"":""@trumpturnberry"",""count"":6},{""node"":""topic::social_culture_education"",""label"":""Social Culture Education"",""count"":6},{""node"":""mention::trumpchicago"",""label"":""@trumpchicago"",""count"":4},{""node"":""mention::trumpscotland"",""label"":""@trumpscotland"",""count"":4},{""node"":""org::trumpturnberry"",""label"":""Trumpturnberry"",""count"":4}]"
2014-W28,2014-07-07,2014-07-13,138,138,0,0,138,124,379,37,21,80,Media Communications,topic::media_communications,82,Trump,per::trump,12,"[{""node"":""topic::media_communications"",""label"":""Media Communications"",""count"":82},{""node"":""mention::realdonaldtrump"",""label"":""@realdonaldtrump"",""count"":52},{""node"":""topic::health_public_health"",""label"":""Health Public Health"",""count"":27},{""node"":""topic::immigration_border"",""label"":""Immigration Border"",""count"":21},{""node"":""topic::endorsements_appointments"",""label"":""Endorsements Appointments"",""count"":17},{""node"":""per::trump"",""label"":""Trump"",""count"":12},{""node"":""topic::law_justice_crime"",""label"":""Law Justice Crime"",""count"":11},{""node"":""per::obama"",""label"":""Obama"",""count"":10},{""node"":""topic::elections_campaigns"",""label"":""Elections Campaigns"",""count"":10},{""node"":""per::donald trump"",""label"":""Donald Trump"",""count"":9},{""node"":""loc::mexico"",""label"":""Mexico"",""count"":9},{""node"":""topic::foreign_policy_diplomacy"",""label"":""Foreign Policy Diplomacy"",""count"":8}]"
2014-W29,2014-07-14,2014-07-20,93,93,0,0,93,83,206,25,18,50,Media Communications,topic::media_communications,45,Obama,per::obama,6,"[{""node"":""topic::media_communications"",""label"":""Media Communications"",""count"":45},{""node"":""mention::realdonaldtrump"",""label"":""@realdonaldtrump"",""count"":38},{""node"":""topic::health_public_health"",""label"":""Health Public Health"",""count"":23},{""node"":""topic::elections_campaigns"",""label"":""Elections Campaigns"",""count"":16},{""node"":""topic::endorsements_appointments"",""label"":""Endorsements Appointments"",""count"":7},{""node"":""topic::law_justice_crime"",""label"":""Law Justice Crime"",""count"":6},{""node"":""topic::energy_environment"",""label"":""Energy Environment"",""count"":6},{""node"":""per::obama"",""label"":""Obama"",""count"":6},{""node"":""topic::immigration_border"",""label"":""Immigration Border"",""count"":5},{""node"":""loc::atlantic city"",""label"":""Atlantic City"",""count"":3},{""node"":""loc::u. s"",""label"":""U. S"",""count"":3},{""node"":""topic::defense_military_veterans"",""label"":""Defense Military Veterans"",""count"":3}]"
2014-W30,2014-07-21,2014-07-27,83,83,0,0,83,86,227,16,19,48,Media Communications,topic::media_communications,43,Obama,per::obama,11,"[{""node"":""topic::media_communications"",""label"":""Media Communications"",""count"":43},{""node"":""mention::realdonaldtrump"",""label"":""@realdonaldtrump"",""count"":25},{""node"":""topic::health_public_health"",""label"":""Health Public Health"",""count"":20},{""node"":""per::obama"",""label"":""Obama"",""count"":11},{""node"":""topic::elections_campaigns"",""label"":""Elections Campaigns"",""count"":10},{""node"":""topic::foreign_policy_diplomacy"",""label"":""Foreign Policy Diplomacy"",""count"":8},{""node"":""per::trump"",""label"":""Trump"",""count"":6},{""node"":""topic::energy_environment"",""label"":""Energy Environment"",""count"":6},{""node"":""topic::endorsements_appointments"",""label"":""Endorsements Appointments"",""count"":5},{""node"":""per::donald trump"",""label"":""Donald Trump"",""count"":5},{""node"":""topic::defense_military_veterans"",""label"":""Defense Military Veterans"",""count"":5},{""node"":""topic::immigration_border"",""label"":""Immigration Border"",""count"":4}]"
2014-W31,2014-07-28,2014-08-03,129,129,0,0,129,104,323,34,24,71,Media Communications,topic::media_communications,67,Obama,per::obama,12,"[{""node"":""topic::media_communications"",""label"":""Media Communications"",""count"":67},{""node"":""mention::realdonaldtrump"",""label"":""@realdonaldtrump"",""count"":51},{""node"":""topic::health_public_health"",""label"":""Health Public Health"",""count"":26},{""node"":""topic::endorsements_appointments"",""label"":""Endorsements Appointments"",""count"":18},{""node"":""per::obama"",""label"":""Obama"",""count"":12},{""node"":""topic::immigration_border"",""label"":""Immigration Border"",""count"":12},{""node"":""topic::foreign_policy_diplomacy"",""label"":""Foreign Policy Diplomacy"",""count"":12},{""node"":""topic::energy_environment"",""label"":""Energy Environment"",""count"":12},{""node"":""topic::elections_campaigns"",""label"":""Elections Campaigns"",""count"":11},{""node"":""loc::u. s"",""label"":""U. S"",""count"":7},{""node"":""org::trumpscotland"",""label"":""Trumpscotland"",""count"":7},{""node"":""mention::trumpscotland"",""label"":""@trumpscotland"",""count"":7}]"
2014-W32,2014-08-04,2014-08-10,87,87,0,0,87,87,234,26,19,42,Media Communications,topic::media_communications,51,Obama,per::obama,9,"[{""node"":""topic::media_communications"",""label"":""Media Communications"",""count"":51},{""node"":""topic::health_public_health"",""label"":""Health Public Health"",""count"":26},{""node"":""mention::realdonaldtrump"",""label"":""@realdonaldtrump"",""count"":24},{""node"":""per::obama"",""label"":""Obama"",""count"":9},{""node"":""topic::endorsements_appointments"",""label"":""Endorsements Appointments"",""count"":8},{""node"":""topic::foreign_policy_diplomacy"",""label"":""Foreign Policy Diplomacy"",""count"":8},{""node"":""topic::elections_campaigns"",""label"":""Elections Campaigns"",""count"":7},{""node"":""per::trump"",""label"":""Trump"",""count"":6},{""node"":""per::donald trump"",""label"":""Donald Trump"",""count"":6},{""node"":""loc::iraq"",""label"":""Iraq"",""count"":4},{""node"":""topic::social_culture_education"",""label"":""Social Culture Education"",""count"":4},{""node"":""topic::law_justice_crime"",""label"":""Law Justice Crime"",""count"":4}]"
2014-W33,2014-08-11,2014-08-17,59,59,0,0,59,65,166,5,15,39,Media Communications,topic::media_communications,31,Donald Trump,per::donald trump,8,"[{""node"":""topic::media_communications"",""label"":""Media Communications"",""count"":31},{""node"":""mention::realdonaldtrump"",""label"":""@realdonaldtrump"",""count"":21},{""node"":""topic::health_public_health"",""label"":""Health Public Health"",""count"":14},{""node"":""topic::endorsements_appointments"",""label"":""Endorsements Appointments"",""count"":11},{""node"":""per::donald trump"",""label"":""Donald Trump"",""count"":8},{""node"":""per::trump"",""label"":""Trump"",""count"":6},{""node"":""loc::india"",""label"":""India"",""count"":6},{""node"":""topic::elections_campaigns"",""label"":""Elections Campaigns"",""count"":4},{""node"":""topic::foreign_policy_diplomacy"",""label"":""Foreign Policy Diplomacy"",""count"":4},{""node"":""topic::defense_military_veterans"",""label"":""Defense Military Veterans"",""count"":2},{""node"":""topic::social_culture_education"",""label"":""Social Culture Education"",""count"":2},{""node"":""per::aaron"",""label"":""Aaron"",""count"":2}]"
2014-W34,2014-08-18,2014-08-24,71,71,0,0,71,71,186,13,17,41,Media Communications,topic::media_communications,43,Donald,per::donald,5,"[{""node"":""topic::media_communications"",""label"":""Media Communications"",""count"":43},{""node"":""mention::realdonaldtrump"",""label"":""@realdonaldtrump"",""count"":27},{""node"":""topic::health_public_health"",""label"":""Health Public Health"",""count"":14},{""node"":""topic::elections_campaigns"",""label"":""Elections Campaigns"",""count"":10},{""node"":""topic::endorsements_appointments"",""label"":""Endorsements Appointments"",""count"":8},{""node"":""per::donald"",""label"":""Donald"",""count"":5},{""node"":""per::obama"",""label"":""Obama"",""count"":4},{""node"":""per::trump"",""label"":""Trump"",""count"":4},{""node"":""mention::maathewdavis"",""label"":""@maathewdavis"",""count"":4},{""node"":""mention::trumpdoral"",""label"":""@trumpdoral"",""count"":3},{""node"":""topic::foreign_policy_diplomacy"",""label"":""Foreign Policy Diplomacy"",""count"":3},{""node"":""topic::law_justice_crime"",""label"":""Law Justice Crime"",""count"":3}]"
2014-W35,2014-08-25,2014-08-31,82,82,0,0,82,81,229,32,15,35,Media Communications,topic::media_communications,51,Donald Trump,per::donald trump,6,"[{""node"":""topic::media_communications"",""label"":""Media Communications"",""count"":51},{""node"":""mention::realdonaldtrump"",""label"":""@realdonaldtrump"",""count"":33},{""node"":""topic::endorsements_appointments"",""label"":""Endorsements Appointments"",""count"":12},{""node"":""topic::health_public_health"",""label"":""Health Public Health"",""count"":12},{""node"":""topic::law_justice_crime"",""label"":""Law Justice Crime"",""count"":6},{""node"":""per::donald trump"",""label"":""Donald Trump"",""count"":6},{""node"":""per::obama"",""label"":""Obama"",""count"":5},{""node"":""topic::foreign_policy_diplomacy"",""label"":""Foreign Policy Diplomacy"",""count"":4},{""node"":""topic::elections_campaigns"",""label"":""Elections Campaigns"",""count"":4},{""node"":""per::seth meyer"",""label"":""Seth Meyer"",""count"":4},{""node"":""topic::immigration_border"",""label"":""Immigration Border"",""count"":4},{""node"":""topic::defense_military_veterans"",""label"":""Defense Military Veterans"",""count"":3}]"
2014-W36,2014-09-01,2014-09-07,124,124,0,0,124,98,280,21,21,82,Media Communications,topic::media_communications,70,Trump,per::trump,12,"[{""node"":""topic::media_communications"",""label"":""Media Communications"",""count"":70},{""node"":""mention::realdonaldtrump"",""label"":""@realdonaldtrump"",""count"":54},{""node"":""topic::health_public_health"",""label"":""Health Public Health"",""count"":29},{""node"":""topic::endorsements_appointments"",""label"":""Endorsements Appointments"",""count"":16},{""node"":""per::trump"",""label"":""Trump"",""count"":12},{""node"":""topic::elections_campaigns"",""label"":""Elections Campaigns"",""count"":11},{""node"":""topic::energy_environment"",""label"":""Energy Environment"",""count"":10},{""node"":""topic::social_culture_education"",""label"":""Social Culture Education"",""count"":6},{""node"":""per::joan"",""label"":""Joan"",""count"":6},{""node"":""topic::law_justice_crime"",""label"":""Law Justice Crime"",""count"":6},{""node"":""per::obama"",""label"":""Obama"",""count"":6},{""node"":""mention::joan_rivers"",""label"":""@joan_rivers"",""count"":5}]"
2014-W37,2014-09-08,2014-09-14,111,111,0,0,111,84,234,27,28,56,Media Communications,topic::media_communications,62,Donald Trump,per::donald trump,9,"[{""node"":""topic::media_communications"",""label"":""Media Communications"",""count"":62},{""node"":""mention::realdonaldtrump"",""label"":""@realdonaldtrump"",""count"":48},{""node"":""topic::health_public_health"",""label"":""Health Public Health"",""count"":20},{""node"":""topic::endorsements_appointments"",""label"":""Endorsements Appointments"",""count"":15},{""node"":""topic::elections_campaigns"",""label"":""Elections Campaigns"",""count"":15},{""node"":""per::donald trump"",""label"":""Donald Trump"",""count"":9},{""node"":""topic::law_justice_crime"",""label"":""Law Justice Crime"",""count"":9},{""node"":""topic::foreign_policy_diplomacy"",""label"":""Foreign Policy Diplomacy"",""count"":9},{""node"":""per::obama"",""label"":""Obama"",""count"":9},{""node"":""topic::energy_environment"",""label"":""Energy Environment"",""count"":7},{""node"":""mention::foxandfriends"",""label"":""@foxandfriends"",""count"":6},{""node"":""per::trump"",""label"":""Trump"",""count"":5}]"
2014-W38,2014-09-15,2014-09-21,121,121,0,0,121,90,267,31,23,67,Media Communications,topic::media_communications,79,Nfl,org::nfl,13,"[{""node"":""topic::media_communications"",""label"":""Media Communications"",""count"":79},{""node"":""mention::realdonaldtrump"",""label"":""@realdonaldtrump"",""count"":59},{""node"":""mention::mikeandmike"",""label"":""@mikeandmike"",""count"":24},{""node"":""topic::health_public_health"",""label"":""Health Public Health"",""count"":23},{""node"":""topic::energy_environment"",""label"":""Energy Environment"",""count"":13},{""node"":""org::nfl"",""label"":""Nfl"",""count"":13},{""node"":""topic::endorsements_appointments"",""label"":""Endorsements Appointments"",""count"":10},{""node"":""topic::foreign_policy_diplomacy"",""label"":""Foreign Policy Diplomacy"",""count"":9},{""node"":""topic::law_justice_crime"",""label"":""Law Justice Crime"",""count"":9},{""node"":""mention::espn"",""label"":""@espn"",""count"":8},{""node"":""topic::elections_campaigns"",""label"":""Elections Campaigns"",""count"":7},{""node"":""per::obama"",""label"":""Obama"",""count"":7}]"
2014-W39,2014-09-22,2014-09-28,94,94,0,0,94,103,269,17,21,56,Media Communications,topic::media_communications,47,Donald Trump,per::donald trump,6,"[{""node"":""topic::media_communications"",""label"":""Media Communications"",""count"":47},{""node"":""mention::realdonaldtrump"",""label"":""@realdonaldtrump"",""count"":44},{""node"":""topic::elections_campaigns"",""label"":""Elections Campaigns"",""count"":26},{""node"":""topic::health_public_health"",""label"":""Health Public Health"",""count"":10},{""node"":""topic::endorsements_appointments"",""label"":""Endorsements Appointments"",""count"":10},{""node"":""mention::foxandfriends"",""label"":""@foxandfriends"",""count"":6},{""node"":""per::donald trump"",""label"":""Donald Trump"",""count"":6},{""node"":""topic::energy_environment"",""label"":""Energy Environment"",""count"":5},{""node"":""per::trump"",""label"":""Trump"",""count"":5},{""node"":""per::obama"",""label"":""Obama"",""count"":5},{""node"":""per::k"",""label"":""K"",""count"":4},{""node"":""org::h"",""label"":""H"",""count"":3}]"
2014-W40,2014-09-29,2014-10-05,124,124,0,0,124,92,248,39,32,53,Media Communications,topic::media_communications,63,Obama,per::obama,13,"[{""node"":""topic::media_communications"",""label"":""Media Communications"",""count"":63},{""node"":""mention::realdonaldtrump"",""label"":""@realdonaldtrump"",""count"":42},{""node"":""topic::health_public_health"",""label"":""Health Public Health"",""count"":33},{""node"":""topic::endorsements_appointments"",""label"":""Endorsements Appointments"",""count"":18},{""node"":""topic::elections_campaigns"",""label"":""Elections Campaigns"",""count"":17},{""node"":""per::obama"",""label"":""Obama"",""count"":13},{""node"":""per::donald trump"",""label"":""Donald Trump"",""count"":11},{""node"":""topic::foreign_policy_diplomacy"",""label"":""Foreign Policy Diplomacy"",""count"":10},{""node"":""topic::immigration_border"",""label"":""Immigration Border"",""count"":8},{""node"":""topic::energy_environment"",""label"":""Energy Environment"",""count"":7},{""node"":""loc::u. s"",""label"":""U. S"",""count"":7},{""node"":""loc::west africa"",""label"":""West Africa"",""count"":7}]"
2014-W41,2014-10-06,2014-10-12,157,157,0,0,157,135,478,53,39,65,Media Communications,topic::media_communications,83,Obama,per::obama,18,"[{""node"":""topic::media_communications"",""label"":""Media Communications"",""count"":83},{""node"":""mention::realdonaldtrump"",""label"":""@realdonaldtrump"",""count"":49},{""node"":""topic::health_public_health"",""label"":""Health Public Health"",""count"":48},{""node"":""topic::elections_campaigns"",""label"":""Elections Campaigns"",""count"":32},{""node"":""per::obama"",""label"":""Obama"",""count"":18},{""node"":""topic::endorsements_appointments"",""label"":""Endorsements Appointments"",""count"":17},{""node"":""per::donald trump"",""label"":""Donald Trump"",""count"":17},{""node"":""per::trump"",""label"":""Trump"",""count"":16},{""node"":""loc::west africa"",""label"":""West Africa"",""count"":12},{""node"":""topic::energy_environment"",""label"":""Energy Environment"",""count"":8},{""node"":""per::donald"",""label"":""Donald"",""count"":8},{""node"":""topic::law_justice_crime"",""label"":""Law Justice Crime"",""count"":7}]"
2014-W42,2014-10-13,2014-10-19,139,139,0,0,139,119,396,49,44,46,Media Communications,topic::media_communications,79,Obama,per::obama,21,"[{""node"":""topic::media_communications"",""label"":""Media Communications"",""count"":79},{""node"":""mention::realdonaldtrump"",""label"":""@realdonaldtrump"",""count"":49},{""node"":""topic::health_public_health"",""label"":""Health Public Health"",""count"":38},{""node"":""topic::elections_campaigns"",""label"":""Elections Campaigns"",""count"":30},{""node"":""per::obama"",""label"":""Obama"",""count"":21},{""node"":""topic::endorsements_appointments"",""label"":""Endorsements Appointments"",""count"":18},{""node"":""per::donald trump"",""label"":""Donald Trump"",""count"":13},{""node"":""topic::foreign_policy_diplomacy"",""label"":""Foreign Policy Diplomacy"",""count"":11},{""node"":""per::trump"",""label"":""Trump"",""count"":8},{""node"":""topic::law_justice_crime"",""label"":""Law Justice Crime"",""count"":8},{""node"":""loc::iowa"",""label"":""Iowa"",""count"":8},{""node"":""loc::u. s"",""label"":""U. S"",""count"":6}]"
2014-W43,2014-10-20,2014-10-26,114,114,0,0,114,117,427,41,31,42,Media Communications,topic::media_communications,56,Obama,per::obama,20,"[{""node"":""topic::media_communications"",""label"":""Media Communications"",""count"":56},{""node"":""mention::realdonaldtrump"",""label"":""@realdonaldtrump"",""count"":35},{""node"":""topic::health_public_health"",""label"":""Health Public Health"",""count"":30},{""node"":""topic::elections_campaigns"",""label"":""Elections Campaigns"",""count"":25},{""node"":""per::obama"",""label"":""Obama"",""count"":20},{""node"":""topic::endorsements_appointments"",""label"":""Endorsements Appointments"",""count"":15},{""node"":""topic::law_justice_crime"",""label"":""Law Justice Crime"",""count"":12},{""node"":""per::donald trump"",""label"":""Donald Trump"",""count"":11},{""node"":""per::trump"",""label"":""Trump"",""count"":11},{""node"":""topic::foreign_policy_diplomacy"",""label"":""Foreign Policy Diplomacy"",""count"":11},{""node"":""topic::immigration_border"",""label"":""Immigration Border"",""count"":6},{""node"":""loc::west africa"",""label"":""West Africa"",""count"":6}]"
2014-W44,2014-10-27,2014-11-02,175,175,0,0,175,156,656,35,46,94,Media Communications,topic::media_communications,101,Trump,per::trump,23,"[{""node"":""topic::media_communications"",""label"":""Media Communications"",""count"":101},{""node"":""mention::realdonaldtrump"",""label"":""@realdonaldtrump"",""count"":80},{""node"":""topic::health_public_health"",""label"":""Health Public Health"",""count"":38},{""node"":""topic::elections_campaigns"",""label"":""Elections Campaigns"",""count"":29},{""node"":""per::trump"",""label"":""Trump"",""count"":23},{""node"":""mention::seanhannity"",""label"":""@seanhannity"",""count"":18},{""node"":""topic::endorsements_appointments"",""label"":""Endorsements Appointments"",""count"":17},{""node"":""per::obama"",""label"":""Obama"",""count"":16},{""node"":""mention::foxnews"",""label"":""@foxnews"",""count"":15},{""node"":""topic::foreign_policy_diplomacy"",""label"":""Foreign Policy Diplomacy"",""count"":14},{""node"":""per::donald trump"",""label"":""Donald Trump"",""count"":12},{""node"":""topic::law_justice_crime"",""label"":""Law Justice Crime"",""count"":10}]"
2014-W45,2014-11-03,2014-11-09,182,182,0,0,182,149,547,28,52,102,Media Communications,topic::media_communications,118,Obama,per::obama,14,"[{""node"":""topic::media_communications"",""label"":""Media Communications"",""count"":118},{""node"":""mention::realdonaldtrump"",""label"":""@realdonaldtrump"",""count"":94},{""node"":""topic::elections_campaigns"",""label"":""Elections Campaigns"",""count"":37},{""node"":""topic::endorsements_appointments"",""label"":""Endorsements Appointments"",""count"":30},{""node"":""topic::health_public_health"",""label"":""Health Public Health"",""count"":21},{""node"":""per::obama"",""label"":""Obama"",""count"":14},{""node"":""mention::frankcaliendo"",""label"":""@frankcaliendo"",""count"":13},{""node"":""per::trump"",""label"":""Trump"",""count"":12},{""node"":""topic::foreign_policy_diplomacy"",""label"":""Foreign Policy Diplomacy"",""count"":11},{""node"":""mention::mikeandmike"",""label"":""@mikeandmike"",""count"":11},{""node"":""per::donald trump"",""label"":""Donald Trump"",""count"":10},{""node"":""topic::congress_governance"",""label"":""Congress Governance"",""count"":10}]"
2014-W46,2014-11-10,2014-11-16,95,95,0,0,95,86,237,5,26,64,Media Communications,topic::media_communications,60,Trump,per::trump,6,"[{""node"":""topic::media_communications"",""label"":""Media Communications"",""count"":60},{""node"":""mention::realdonaldtrump"",""label"":""@realdonaldtrump"",""count"":35},{""node"":""topic::endorsements_appointments"",""label"":""Endorsements Appointments"",""count"":19},{""node"":""topic::elections_campaigns"",""label"":""Elections Campaigns"",""count"":18},{""node"":""topic::health_public_health"",""label"":""Health Public Health"",""count"":15},{""node"":""mention::foxandfriends"",""label"":""@foxandfriends"",""count"":9},{""node"":""per::trump"",""label"":""Trump"",""count"":6},{""node"":""per::donald trump"",""label"":""Donald Trump"",""count"":6},{""node"":""topic::defense_military_veterans"",""label"":""Defense Military Veterans"",""count"":6},{""node"":""loc::new hampshire"",""label"":""New Hampshire"",""count"":5},{""node"":""topic::law_justice_crime"",""label"":""Law Justice Crime"",""count"":5},{""node"":""per::andrew tahmooress"",""label"":""Andrew Tahmooress"",""count"":4}]"
2014-W47,2014-11-17,2014-11-23,133,133,0,0,133,98,345,25,35,73,Media Communications,topic::media_communications,84,Trump,per::trump,18,"[{""node"":""topic::media_communications"",""label"":""Media Communications"",""count"":84},{""node"":""mention::realdonaldtrump"",""label"":""@realdonaldtrump"",""count"":52},{""node"":""topic::health_public_health"",""label"":""Health Public Health"",""count"":29},{""node"":""topic::elections_campaigns"",""label"":""Elections Campaigns"",""count"":23},{""node"":""topic::endorsements_appointments"",""label"":""Endorsements Appointments"",""count"":18},{""node"":""per::trump"",""label"":""Trump"",""count"":18},{""node"":""per::obama"",""label"":""Obama"",""count"":10},{""node"":""mention::cahlrstorrie"",""label"":""@cahlrstorrie"",""count"":10},{""node"":""mention::foxandfriends"",""label"":""@foxandfriends"",""count"":8},{""node"":""per::donald trump"",""label"":""Donald Trump"",""count"":8},{""node"":""mention::jennifer75ar"",""label"":""@jennifer75ar"",""count"":8},{""node"":""topic::energy_environment"",""label"":""Energy Environment"",""count"":5}]"
2014-W48,2014-11-24,2014-11-30,111,111,0,0,111,87,268,23,25,63,Media Communications,topic::media_communications,62,Trump,per::trump,14,"[{""node"":""mention::realdonaldtrump"",""label"":""@realdonaldtrump"",""count"":70},{""node"":""topic::media_communications"",""label"":""Media Communications"",""count"":62},{""node"":""topic::elections_campaigns"",""label"":""Elections Campaigns"",""count"":30},{""node"":""topic::endorsements_appointments"",""label"":""Endorsements Appointments"",""count"":23},{""node"":""per::trump"",""label"":""Trump"",""count"":14},{""node"":""per::donald trump"",""label"":""Donald Trump"",""count"":11},{""node"":""topic::law_justice_crime"",""label"":""Law Justice Crime"",""count"":10},{""node"":""per::obama"",""label"":""Obama"",""count"":7},{""node"":""topic::health_public_health"",""label"":""Health Public Health"",""count"":6},{""node"":""topic::foreign_policy_diplomacy"",""label"":""Foreign Policy Diplomacy"",""count"":5},{""node"":""per::donald"",""label"":""Donald"",""count"":4},{""node"":""loc::united states"",""label"":""United States"",""count"":4}]"
2014-W49,2014-12-01,2014-12-07,150,150,0,0,150,113,429,30,35,85,Media Communications,topic::media_communications,100,Obama,per::obama,11,"[{""node"":""topic::media_communications"",""label"":""Media Communications"",""count"":100},{""node"":""mention::realdonaldtrump"",""label"":""@realdonaldtrump"",""count"":83},{""node"":""topic::endorsements_appointments"",""label"":""Endorsements Appointments"",""count"":32},{""node"":""topic::elections_campaigns"",""label"":""Elections Campaigns"",""count"":29},{""node"":""topic::health_public_health"",""label"":""Health Public Health"",""count"":20},{""node"":""per::obama"",""label"":""Obama"",""count"":11},{""node"":""per::rosie"",""label"":""Rosie"",""count"":11},{""node"":""mention::rosie"",""label"":""@rosie"",""count"":11},{""node"":""per::trump"",""label"":""Trump"",""count"":10},{""node"":""per::donald trump"",""label"":""Donald Trump"",""count"":8},{""node"":""mention::apprenticenbc"",""label"":""@apprenticenbc"",""count"":7},{""node"":""topic::law_justice_crime"",""label"":""Law Justice Crime"",""count"":6}]"
2014-W50,2014-12-08,2014-12-14,183,183,0,0,183,145,513,37,49,97,Media Communications,topic::media_communications,116,Trump,per::trump,11,"[{""node"":""topic::media_communications"",""label"":""Media Communications"",""count"":116},{""node"":""mention::realdonaldtrump"",""label"":""@realdonaldtrump"",""count"":107},{""node"":""topic::endorsements_appointments"",""label"":""Endorsements Appointments"",""count"":41},{""node"":""topic::elections_campaigns"",""label"":""Elections Campaigns"",""count"":39},{""node"":""topic::health_public_health"",""label"":""Health Public Health"",""count"":19},{""node"":""topic::law_justice_crime"",""label"":""Law Justice Crime"",""count"":11},{""node"":""per::trump"",""label"":""Trump"",""count"":11},{""node"":""loc::america"",""label"":""America"",""count"":11},{""node"":""per::donald trump"",""label"":""Donald Trump"",""count"":11},{""node"":""org::pianobecca"",""label"":""Pianobecca"",""count"":10},{""node"":""mention::pianobecca"",""label"":""@pianobecca"",""count"":10},{""node"":""topic::energy_environment"",""label"":""Energy Environment"",""count"":9}]"
2014-W51,2014-12-15,2014-12-21,137,137,0,0,137,137,445,33,43,61,Media Communications,topic::media_communications,86,Trump,per::trump,18,"[{""node"":""topic::media_communications"",""label"":""Media Communications"",""count"":86},{""node"":""mention::realdonaldtrump"",""label"":""@realdonaldtrump"",""count"":59},{""node"":""topic::elections_campaigns"",""label"":""Elections Campaigns"",""count"":31},{""node"":""topic::endorsements_appointments"",""label"":""Endorsements Appointments"",""count"":26},{""node"":""per::trump"",""label"":""Trump"",""count"":18},{""node"":""topic::health_public_health"",""label"":""Health Public Health"",""count"":17},{""node"":""per::donald trump"",""label"":""Donald Trump"",""count"":14},{""node"":""topic::foreign_policy_diplomacy"",""label"":""Foreign Policy Diplomacy"",""count"":9},{""node"":""per::obama"",""label"":""Obama"",""count"":8},{""node"":""loc::america"",""label"":""America"",""count"":7},{""node"":""topic::law_justice_crime"",""label"":""Law Justice Crime"",""count"":7},{""node"":""per::bush"",""label"":""Bush"",""count"":6}]"
2014-W52,2014-12-22,2014-12-28,114,114,0,0,114,80,248,9,33,72,Media Communications,topic::media_communications,71,Trump,per::trump,9,"[{""node"":""mention::realdonaldtrump"",""label"":""@realdonaldtrump"",""count"":79},{""node"":""topic::media_communications"",""label"":""Media Communications"",""count"":71},{""node"":""topic::endorsements_appointments"",""label"":""Endorsements Appointments"",""count"":32},{""node"":""topic::elections_campaigns"",""label"":""Elections Campaigns"",""count"":26},{""node"":""topic::health_public_health"",""label"":""Health Public Health"",""count"":9},{""node"":""per::trump"",""label"":""Trump"",""count"":9},{""node"":""hashtag::trump2016"",""label"":""#trump2016"",""count"":6},{""node"":""mention::foxandfriends"",""label"":""@foxandfriends"",""count"":5},{""node"":""topic::foreign_policy_diplomacy"",""label"":""Foreign Policy Diplomacy"",""count"":5},{""node"":""loc::america"",""label"":""America"",""count"":5},{""node"":""topic::energy_environment"",""label"":""Energy Environment"",""count"":4},{""node"":""topic::social_culture_education"",""label"":""Social Culture Education"",""count"":4}]"
2015-W01,2014-12-29,2015-01-04,204,204,0,0,204,126,526,22,57,125,Media Communications,topic::media_communications,150,Nbc,org::nbc,14,"[{""node"":""topic::media_communications"",""label"":""Media Communications"",""count"":150},{""node"":""mention::realdonaldtrump"",""label"":""@realdonaldtrump"",""count"":144},{""node"":""topic::endorsements_appointments"",""label"":""Endorsements Appointments"",""count"":48},{""node"":""mention::apprenticenbc"",""label"":""@apprenticenbc"",""count"":42},{""node"":""topic::elections_campaigns"",""label"":""Elections Campaigns"",""count"":40},{""node"":""topic::health_public_health"",""label"":""Health Public Health"",""count"":15},{""node"":""org::nbc"",""label"":""Nbc"",""count"":14},{""node"":""per::trump"",""label"":""Trump"",""count"":13},{""node"":""mention::foxandfriends"",""label"":""@foxandfriends"",""count"":12},{""node"":""mention::nbc"",""label"":""@nbc"",""count"":8},{""node"":""hashtag::celebapprentice"",""label"":""#celebapprentice"",""count"":8},{""node"":""org::icenbc"",""label"":""Icenbc"",""count"":7}]"
2015-W02,2015-01-05,2015-01-11,441,441,0,0,441,197,1040,69,113,259,Media Communications,topic::media_communications,343,Ce,org::ce,22,"[{""node"":""topic::media_communications"",""label"":""Media Communications"",""count"":343},{""node"":""mention::realdonaldtrump"",""label"":""@realdonaldtrump"",""count"":313},{""node"":""topic::endorsements_appointments"",""label"":""Endorsements Appointments"",""count"":114},{""node"":""mention::apprenticenbc"",""label"":""@apprenticenbc"",""count"":73},{""node"":""hashtag::celebapprentice"",""label"":""#celebapprentice"",""count"":70},{""node"":""topic::elections_campaigns"",""label"":""Elections Campaigns"",""count"":54},{""node"":""hashtag::celebrityapprentice"",""label"":""#celebrityapprentice"",""count"":35},{""node"":""topic::health_public_health"",""label"":""Health Public Health"",""count"":30},{""node"":""mention::ivankatrump"",""label"":""@ivankatrump"",""count"":25},{""node"":""org::ce"",""label"":""Ce"",""count"":22},{""node"":""topic::law_justice_crime"",""label"":""Law Justice Crime"",""count"":21},{""node"":""org::nbc"",""label"":""Nbc"",""count"":20}]"
2015-W03,2015-01-12,2015-01-18,152,152,0,0,152,138,611,16,62,74,Media Communications,topic::media_communications,121,Donald Trump,per::donald trump,14,"[{""node"":""topic::media_communications"",""label"":""Media Communications"",""count"":121},{""node"":""mention::realdonaldtrump"",""label"":""@realdonaldtrump"",""count"":77},{""node"":""topic::endorsements_appointments"",""label"":""Endorsements Appointments"",""count"":38},{""node"":""topic::elections_campaigns"",""label"":""Elections Campaigns"",""count"":25},{""node"":""hashtag::celebapprentice"",""label"":""#celebapprentice"",""count"":21},{""node"":""mention::apprenticenbc"",""label"":""@apprenticenbc"",""count"":17},{""node"":""per::donald trump"",""label"":""Donald Trump"",""count"":14},{""node"":""mention::missuniverse"",""label"":""@missuniverse"",""count"":11},{""node"":""topic::health_public_health"",""label"":""Health Public Health"",""count"":10},{""node"":""per::trump"",""label"":""Trump"",""count"":9},{""node"":""mention::trumpdoral"",""label"":""@trumpdoral"",""count"":8},{""node"":""topic::social_culture_education"",""label"":""Social Culture Education"",""count"":7}]"
2015-W04,2015-01-19,2015-01-25,205,205,0,0,205,186,850,17,72,116,Media Communications,topic::media_communications,163,Trump,per::trump,22,"[{""node"":""topic::media_communications"",""label"":""Media Communications"",""count"":163},{""node"":""mention::realdonaldtrump"",""label"":""@realdonaldtrump"",""count"":104},{""node"":""topic::endorsements_appointments"",""label"":""Endorsements Appointments"",""count"":44},{""node"":""topic::elections_campaigns"",""label"":""Elections Campaigns"",""count"":33},{""node"":""per::trump"",""label"":""Trump"",""count"":22},{""node"":""topic::health_public_health"",""label"":""Health Public Health"",""count"":17},{""node"":""mention::apprenticenbc"",""label"":""@apprenticenbc"",""count"":16},{""node"":""per::donald trump"",""label"":""Donald Trump"",""count"":14},{""node"":""hashtag::celebapprentice"",""label"":""#celebapprentice"",""count"":12},{""node"":""hashtag::celebrityapprentice"",""label"":""#celebrityapprentice"",""count"":11},{""node"":""per::joan rivers"",""label"":""Joan Rivers"",""count"":10},{""node"":""mention::ivankatrump"",""label"":""@ivankatrump"",""count"":10}]"
2015-W05,2015-01-26,2015-02-01,199,199,0,0,199,171,750,38,59,102,Media Communications,topic::media_communications,154,Trump,per::trump,17,"[{""node"":""topic::media_communications"",""label"":""Media Communications"",""count"":154},{""node"":""mention::realdonaldtrump"",""label"":""@realdonaldtrump"",""count"":103},{""node"":""topic::endorsements_appointments"",""label"":""Endorsements Appointments"",""count"":36},{""node"":""topic::elections_campaigns"",""label"":""Elections Campaigns"",""count"":36},{""node"":""mention::apprenticenbc"",""label"":""@apprenticenbc"",""count"":30},{""node"":""topic::health_public_health"",""label"":""Health Public Health"",""count"":21},{""node"":""per::trump"",""label"":""Trump"",""count"":17},{""node"":""per::donald trump"",""label"":""Donald Trump"",""count"":16},{""node"":""hashtag::celebrityapprentice"",""label"":""#celebrityapprentice"",""count"":14},{""node"":""topic::energy_environment"",""label"":""Energy Environment"",""count"":12},{""node"":""mention::oreillyfactor"",""label"":""@oreillyfactor"",""count"":11},{""node"":""hashtag::celebapprentice"",""label"":""#celebapprentice"",""count"":9}]"
2015-W06,2015-02-02,2015-02-08,127,127,0,0,127,114,427,18,27,82,Media Communications,topic::media_communications,94,Trump,per::trump,11,"[{""node"":""topic::media_communications"",""label"":""Media Communications"",""count"":94},{""node"":""mention::realdonaldtrump"",""label"":""@realdonaldtrump"",""count"":68},{""node"":""topic::endorsements_appointments"",""label"":""Endorsements Appointments"",""count"":29},{""node"":""mention::apprenticenbc"",""label"":""@apprenticenbc"",""count"":23},{""node"":""per::trump"",""label"":""Trump"",""count"":11},{""node"":""topic::energy_environment"",""label"":""Energy Environment"",""count"":10},{""node"":""topic::health_public_health"",""label"":""Health Public Health"",""count"":10},{""node"":""per::joan"",""label"":""Joan"",""count"":10},{""node"":""hashtag::celebapprentice"",""label"":""#celebapprentice"",""count"":9},{""node"":""hashtag::celebrityapprentice"",""label"":""#celebrityapprentice"",""count"":8},{""node"":""mention::joan_rivers"",""label"":""@joan_rivers"",""count"":8},{""node"":""per::rivers"",""label"":""Rivers"",""count"":7}]"
2015-W07,2015-02-09,2015-02-15,197,197,0,0,197,150,693,37,56,104,Media Communications,topic::media_communications,152,Donald Trump,per::donald trump,20,"[{""node"":""topic::media_communications"",""label"":""Media Communications"",""count"":152},{""node"":""mention::realdonaldtrump"",""label"":""@realdonaldtrump"",""count"":103},{""node"":""topic::endorsements_appointments"",""label"":""Endorsements Appointments"",""count"":48},{""node"":""hashtag::celebrityapprentice"",""label"":""#celebrityapprentice"",""count"":25},{""node"":""per::donald trump"",""label"":""Donald Trump"",""count"":20},{""node"":""topic::elections_campaigns"",""label"":""Elections Campaigns"",""count"":17},{""node"":""topic::health_public_health"",""label"":""Health Public Health"",""count"":17},{""node"":""per::lee"",""label"":""Lee"",""count"":17},{""node"":""mention::leezagibbons"",""label"":""@leezagibbons"",""count"":17},{""node"":""per::zag"",""label"":""Zag"",""count"":14},{""node"":""per::trump"",""label"":""Trump"",""count"":14},{""node"":""mention::apprenticenbc"",""label"":""@apprenticenbc"",""count"":14}]"
2015-W08,2015-02-16,2015-02-22,82,82,0,0,82,100,397,5,23,54,Media Communications,topic::media_communications,59,Donald Trump,per::donald trump,7,"[{""node"":""topic::media_communications"",""label"":""Media Communications"",""count"":59},{""node"":""mention::realdonaldtrump"",""label"":""@realdonaldtrump"",""count"":42},{""node"":""topic::endorsements_appointments"",""label"":""Endorsements Appointments"",""count"":18},{""node"":""topic::elections_campaigns"",""label"":""Elections Campaigns"",""count"":14},{""node"":""per::donald trump"",""label"":""Donald Trump"",""count"":7},{""node"":""topic::health_public_health"",""label"":""Health Public Health"",""count"":7},{""node"":""per::lee"",""label"":""Lee"",""count"":6},{""node"":""mention::apprenticenbc"",""label"":""@apprenticenbc"",""count"":6},{""node"":""topic::energy_environment"",""label"":""Energy Environment"",""count"":6},{""node"":""mention::geraldorivera"",""label"":""@geraldorivera"",""count"":5},{""node"":""per::zag"",""label"":""Zag"",""count"":4},{""node"":""hashtag::celebrityapprentice"",""label"":""#celebrityapprentice"",""count"":4}]"
2015-W09,2015-02-23,2015-03-01,58,58,0,0,58,76,256,16,22,20,Media Communications,topic::media_communications,49,Trump,per::trump,7,"[{""node"":""topic::media_communications"",""label"":""Media Communications"",""count"":49},{""node"":""mention::realdonaldtrump"",""label"":""@realdonaldtrump"",""count"":15},{""node"":""topic::elections_campaigns"",""label"":""Elections Campaigns"",""count"":11},{""node"":""topic::endorsements_appointments"",""label"":""Endorsements Appointments"",""count"":7},{""node"":""per::trump"",""label"":""Trump"",""count"":7},{""node"":""topic::law_justice_crime"",""label"":""Law Justice Crime"",""count"":6},{""node"":""per::donald trump"",""label"":""Donald Trump"",""count"":6},{""node"":""mention::foxandfriends"",""label"":""@foxandfriends"",""count"":5},{""node"":""topic::energy_environment"",""label"":""Energy Environment"",""count"":5},{""node"":""topic::immigration_border"",""label"":""Immigration Border"",""count"":4},{""node"":""loc::mexico"",""label"":""Mexico"",""count"":4},{""node"":""hashtag::foxandfriends"",""label"":""#foxandfriends"",""count"":3}]"
2015-W10,2015-03-02,2015-03-08,66,66,0,0,66,57,169,7,19,40,Media Communications,topic::media_communications,32,Donald Trump,per::donald trump,4,"[{""node"":""topic::media_communications"",""label"":""Media Communications"",""count"":32},{""node"":""mention::realdonaldtrump"",""label"":""@realdonaldtrump"",""count"":29},{""node"":""topic::elections_campaigns"",""label"":""Elections Campaigns"",""count"":17},{""node"":""topic::health_public_health"",""label"":""Health Public Health"",""count"":10},{""node"":""topic::endorsements_appointments"",""label"":""Endorsements Appointments"",""count"":7},{""node"":""topic::energy_environment"",""label"":""Energy Environment"",""count"":5},{""node"":""mention::trumpdoral"",""label"":""@trumpdoral"",""count"":5},{""node"":""per::donald trump"",""label"":""Donald Trump"",""count"":4},{""node"":""topic::social_culture_education"",""label"":""Social Culture Education"",""count"":4},{""node"":""per::donald"",""label"":""Donald"",""count"":4},{""node"":""topic::foreign_policy_diplomacy"",""label"":""Foreign Policy Diplomacy"",""count"":4},{""node"":""per::trump"",""label"":""Trump"",""count"":4}]"
2015-W11,2015-03-09,2015-03-15,78,78,0,0,78,65,225,5,14,59,Media Communications,topic::media_communications,50,Trump,per::trump,9,"[{""node"":""topic::media_communications"",""label"":""Media Communications"",""count"":50},{""node"":""mention::realdonaldtrump"",""label"":""@realdonaldtrump"",""count"":36},{""node"":""topic::elections_campaigns"",""label"":""Elections Campaigns"",""count"":14},{""node"":""topic::health_public_health"",""label"":""Health Public Health"",""count"":9},{""node"":""per::trump"",""label"":""Trump"",""count"":9},{""node"":""per::donald trump"",""label"":""Donald Trump"",""count"":7},{""node"":""mention::foxnews"",""label"":""@foxnews"",""count"":7},{""node"":""topic::energy_environment"",""label"":""Energy Environment"",""count"":6},{""node"":""mention::foxandfriends"",""label"":""@foxandfriends"",""count"":6},{""node"":""mention::trumpgolfla"",""label"":""@trumpgolfla"",""count"":6},{""node"":""mention::dnorrell"",""label"":""@dnorrell"",""count"":6},{""node"":""mention::greta"",""label"":""@greta"",""count"":6}]"
2015-W12,2015-03-16,2015-03-22,69,69,0,0,69,74,228,0,16,53,Media Communications,topic::media_communications,34,Trump,per::trump,6,"[{""node"":""mention::realdonaldtrump"",""label"":""@realdonaldtrump"",""count"":41},{""node"":""topic::media_communications"",""label"":""Media Communications"",""count"":34},{""node"":""topic::elections_campaigns"",""label"":""Elections Campaigns"",""count"":20},{""node"":""topic::endorsements_appointments"",""label"":""Endorsements Appointments"",""count"":13},{""node"":""topic::health_public_health"",""label"":""Health Public Health"",""count"":8},{""node"":""per::trump"",""label"":""Trump"",""count"":6},{""node"":""mention::foxandfriends"",""label"":""@foxandfriends"",""count"":5},{""node"":""loc::america"",""label"":""America"",""count"":5},{""node"":""hashtag::trump2016"",""label"":""#trump2016"",""count"":5},{""node"":""topic::social_culture_education"",""label"":""Social Culture Education"",""count"":3},{""node"":""topic::foreign_policy_diplomacy"",""label"":""Foreign Policy Diplomacy"",""count"":3},{""node"":""per::donald trump"",""label"":""Donald Trump"",""count"":3}]"
2015-W13,2015-03-23,2015-03-29,151,151,0,0,151,124,421,13,45,93,Media Communications,topic::media_communications,83,Trump,per::trump,15,"[{""node"":""mention::realdonaldtrump"",""label"":""@realdonaldtrump"",""count"":86},{""node"":""topic::media_communications"",""label"":""Media Communications"",""count"":83},{""node"":""topic::elections_campaigns"",""label"":""Elections Campaigns"",""count"":52},{""node"":""topic::endorsements_appointments"",""label"":""Endorsements Appointments"",""count"":35},{""node"":""per::trump"",""label"":""Trump"",""count"":15},{""node"":""topic::health_public_health"",""label"":""Health Public Health"",""count"":12},{""node"":""loc::america"",""label"":""America"",""count"":11},{""node"":""mention::greta"",""label"":""@greta"",""count"":9},{""node"":""per::donald trump"",""label"":""Donald Trump"",""count"":8},{""node"":""hashtag::trump2016"",""label"":""#trump2016"",""count"":8},{""node"":""per::donald"",""label"":""Donald"",""count"":7},{""node"":""topic::foreign_policy_diplomacy"",""label"":""Foreign Policy Diplomacy"",""count"":7}]"
2015-W14,2015-03-30,2015-04-05,133,133,0,0,133,96,393,20,42,71,Media Communications,topic::media_communications,74,Iran,loc::iran,16,"[{""node"":""topic::media_communications"",""label"":""Media Communications"",""count"":74},{""node"":""mention::realdonaldtrump"",""label"":""@realdonaldtrump"",""count"":67},{""node"":""topic::elections_campaigns"",""label"":""Elections Campaigns"",""count"":35},{""node"":""mention::oreillyfactor"",""label"":""@oreillyfactor"",""count"":22},{""node"":""topic::foreign_policy_diplomacy"",""label"":""Foreign Policy Diplomacy"",""count"":20},{""node"":""topic::health_public_health"",""label"":""Health Public Health"",""count"":19},{""node"":""loc::iran"",""label"":""Iran"",""count"":16},{""node"":""topic::endorsements_appointments"",""label"":""Endorsements Appointments"",""count"":16},{""node"":""per::trump"",""label"":""Trump"",""count"":12},{""node"":""per::donald trump"",""label"":""Donald Trump"",""count"":9},{""node"":""loc::america"",""label"":""America"",""count"":8},{""node"":""topic::energy_environment"",""label"":""Energy Environment"",""count"":5}]"
2015-W15,2015-04-06,2015-04-12,236,236,0,0,236,149,618,53,54,129,Media Communications,topic::media_communications,151,Trump,per::trump,35,"[{""node"":""topic::media_communications"",""label"":""Media Communications"",""count"":151},{""node"":""mention::realdonaldtrump"",""label"":""@realdonaldtrump"",""count"":148},{""node"":""topic::elections_campaigns"",""label"":""Elections Campaigns"",""count"":81},{""node"":""topic::endorsements_appointments"",""label"":""Endorsements Appointments"",""count"":48},{""node"":""per::trump"",""label"":""Trump"",""count"":35},{""node"":""topic::health_public_health"",""label"":""Health Public Health"",""count"":26},{""node"":""hashtag::trump2016"",""label"":""#trump2016"",""count"":17},{""node"":""mention::johnlegere"",""label"":""@johnlegere"",""count"":17},{""node"":""per::donald trump"",""label"":""Donald Trump"",""count"":16},{""node"":""loc::america"",""label"":""America"",""count"":15},{""node"":""mention::tmobile"",""label"":""@tmobile"",""count"":15},{""node"":""per::obama"",""label"":""Obama"",""count"":11}]"
2015-W16,2015-04-13,2015-04-19,212,212,0,0,212,154,620,34,67,111,Media Communications,topic::media_communications,120,Trump,per::trump,30,"[{""node"":""mention::realdonaldtrump"",""label"":""@realdonaldtrump"",""count"":127},{""node"":""topic::media_communications"",""label"":""Media Communications"",""count"":120},{""node"":""topic::elections_campaigns"",""label"":""Elections Campaigns"",""count"":81},{""node"":""per::trump"",""label"":""Trump"",""count"":30},{""node"":""topic::endorsements_appointments"",""label"":""Endorsements Appointments"",""count"":27},{""node"":""hashtag::trump2016"",""label"":""#trump2016"",""count"":25},{""node"":""loc::america"",""label"":""America"",""count"":18},{""node"":""topic::health_public_health"",""label"":""Health Public Health"",""count"":18},{""node"":""per::donald trump"",""label"":""Donald Trump"",""count"":13},{""node"":""topic::law_justice_crime"",""label"":""Law Justice Crime"",""count"":12},{""node"":""topic::foreign_policy_diplomacy"",""label"":""Foreign Policy Diplomacy"",""count"":9},{""node"":""per::donald"",""label"":""Donald"",""count"":8}]"
2015-W17,2015-04-20,2015-04-26,187,187,0,0,187,153,543,39,43,105,Media Communications,topic::media_communications,115,Trump,per::trump,24,"[{""node"":""topic::media_communications"",""label"":""Media Communications"",""count"":115},{""node"":""mention::realdonaldtrump"",""label"":""@realdonaldtrump"",""count"":84},{""node"":""topic::elections_campaigns"",""label"":""Elections Campaigns"",""count"":43},{""node"":""topic::health_public_health"",""label"":""Health Public Health"",""count"":25},{""node"":""per::trump"",""label"":""Trump"",""count"":24},{""node"":""topic::endorsements_appointments"",""label"":""Endorsements Appointments"",""count"":21},{""node"":""mention::jonahnro"",""label"":""@jonahnro"",""count"":16},{""node"":""hashtag::trump2016"",""label"":""#trump2016"",""count"":14},{""node"":""topic::foreign_policy_diplomacy"",""label"":""Foreign Policy Diplomacy"",""count"":13},{""node"":""mention::nro"",""label"":""@nro"",""count"":12},{""node"":""loc::america"",""label"":""America"",""count"":10},{""node"":""topic::congress_governance"",""label"":""Congress Governance"",""count"":8}]"
2015-W18,2015-04-27,2015-05-03,143,143,0,0,143,125,423,35,31,77,Media Communications,topic::media_communications,86,Trump,per::trump,21,"[{""node"":""topic::media_communications"",""label"":""Media Communications"",""count"":86},{""node"":""mention::realdonaldtrump"",""label"":""@realdonaldtrump"",""count"":65},{""node"":""topic::elections_campaigns"",""label"":""Elections Campaigns"",""count"":32},{""node"":""topic::health_public_health"",""label"":""Health Public Health"",""count"":28},{""node"":""per::trump"",""label"":""Trump"",""count"":21},{""node"":""topic::endorsements_appointments"",""label"":""Endorsements Appointments"",""count"":21},{""node"":""topic::law_justice_crime"",""label"":""Law Justice Crime"",""count"":14},{""node"":""loc::baltimore"",""label"":""Baltimore"",""count"":11},{""node"":""mention::foxandfriends"",""label"":""@foxandfriends"",""count"":9},{""node"":""per::donald trump"",""label"":""Donald Trump"",""count"":9},{""node"":""topic::energy_environment"",""label"":""Energy Environment"",""count"":9},{""node"":""per::donald"",""label"":""Donald"",""count"":6}]"
2015-W19,2015-05-04,2015-05-10,144,144,0,0,144,122,388,20,42,82,Media Communications,topic::media_communications,90,Trump,per::trump,15,"[{""node"":""topic::media_communications"",""label"":""Media Communications"",""count"":90},{""node"":""mention::realdonaldtrump"",""label"":""@realdonaldtrump"",""count"":60},{""node"":""topic::elections_campaigns"",""label"":""Elections Campaigns"",""count"":41},{""node"":""topic::health_public_health"",""label"":""Health Public Health"",""count"":20},{""node"":""per::trump"",""label"":""Trump"",""count"":15},{""node"":""topic::endorsements_appointments"",""label"":""Endorsements Appointments"",""count"":15},{""node"":""mention::foxandfriends"",""label"":""@foxandfriends"",""count"":14},{""node"":""hashtag::trump2016"",""label"":""#trump2016"",""count"":11},{""node"":""mention::kilmeade"",""label"":""@kilmeade"",""count"":8},{""node"":""per::donald trump"",""label"":""Donald Trump"",""count"":7},{""node"":""topic::energy_environment"",""label"":""Energy Environment"",""count"":6},{""node"":""topic::defense_military_veterans"",""label"":""Defense Military Veterans"",""count"":5}]"
2015-W20,2015-05-11,2015-05-17,117,117,0,0,117,115,384,30,25,62,Media Communications,topic::media_communications,62,Tom Brady,per::tom brady,8,"[{""node"":""topic::media_communications"",""label"":""Media Communications"",""count"":62},{""node"":""mention::realdonaldtrump"",""label"":""@realdonaldtrump"",""count"":42},{""node"":""topic::elections_campaigns"",""label"":""Elections Campaigns"",""count"":25},{""node"":""topic::endorsements_appointments"",""label"":""Endorsements Appointments"",""count"":17},{""node"":""topic::health_public_health"",""label"":""Health Public Health"",""count"":14},{""node"":""topic::law_justice_crime"",""label"":""Law Justice Crime"",""count"":9},{""node"":""per::tom brady"",""label"":""Tom Brady"",""count"":8},{""node"":""per::donald trump"",""label"":""Donald Trump"",""count"":8},{""node"":""per::trump"",""label"":""Trump"",""count"":6},{""node"":""per::b bush"",""label"":""B Bush"",""count"":6},{""node"":""per::je"",""label"":""Je"",""count"":6},{""node"":""loc::america"",""label"":""America"",""count"":6}]"
2015-W21,2015-05-18,2015-05-24,208,208,0,0,208,155,588,34,64,110,Media Communications,topic::media_communications,126,Trump,per::trump,27,"[{""node"":""topic::media_communications"",""label"":""Media Communications"",""count"":126},{""node"":""mention::realdonaldtrump"",""label"":""@realdonaldtrump"",""count"":96},{""node"":""topic::elections_campaigns"",""label"":""Elections Campaigns"",""count"":64},{""node"":""per::trump"",""label"":""Trump"",""count"":27},{""node"":""mention::megynkelly"",""label"":""@megynkelly"",""count"":26},{""node"":""topic::endorsements_appointments"",""label"":""Endorsements Appointments"",""count"":24},{""node"":""topic::health_public_health"",""label"":""Health Public Health"",""count"":21},{""node"":""per::donald trump"",""label"":""Donald Trump"",""count"":17},{""node"":""hashtag::trump2016"",""label"":""#trump2016"",""count"":14},{""node"":""loc::america"",""label"":""America"",""count"":14},{""node"":""mention::srqrepublicans"",""label"":""@srqrepublicans"",""count"":13},{""node"":""topic::foreign_policy_diplomacy"",""label"":""Foreign Policy Diplomacy"",""count"":11}]"
2015-W22,2015-05-25,2015-05-31,162,162,0,0,162,138,542,29,52,81,Media Communications,topic::media_communications,97,Donald Trump,per::donald trump,17,"[{""node"":""topic::media_communications"",""label"":""Media Communications"",""count"":97},{""node"":""mention::realdonaldtrump"",""label"":""@realdonaldtrump"",""count"":83},{""node"":""topic::elections_campaigns"",""label"":""Elections Campaigns"",""count"":38},{""node"":""topic::health_public_health"",""label"":""Health Public Health"",""count"":33},{""node"":""topic::endorsements_appointments"",""label"":""Endorsements Appointments"",""count"":19},{""node"":""per::donald trump"",""label"":""Donald Trump"",""count"":17},{""node"":""per::trump"",""label"":""Trump"",""count"":13},{""node"":""topic::foreign_policy_diplomacy"",""label"":""Foreign Policy Diplomacy"",""count"":12},{""node"":""hashtag::trump2016"",""label"":""#trump2016"",""count"":11},{""node"":""mention::trumpferrypoint"",""label"":""@trumpferrypoint"",""count"":11},{""node"":""loc::america"",""label"":""America"",""count"":10},{""node"":""mention::greta"",""label"":""@greta"",""count"":7}]"
2015-W23,2015-06-01,2015-06-07,131,131,0,0,131,92,275,18,36,77,Media Communications,topic::media_communications,68,Donald Trump,per::donald trump,16,"[{""node"":""topic::media_communications"",""label"":""Media Communications"",""count"":68},{""node"":""mention::realdonaldtrump"",""label"":""@realdonaldtrump"",""count"":49},{""node"":""topic::elections_campaigns"",""label"":""Elections Campaigns"",""count"":36},{""node"":""topic::endorsements_appointments"",""label"":""Endorsements Appointments"",""count"":22},{""node"":""topic::health_public_health"",""label"":""Health Public Health"",""count"":19},{""node"":""per::donald trump"",""label"":""Donald Trump"",""count"":16},{""node"":""per::trump"",""label"":""Trump"",""count"":15},{""node"":""hashtag::trump2016"",""label"":""#trump2016"",""count"":9},{""node"":""hashtag::ncgopcon"",""label"":""#ncgopcon"",""count"":8},{""node"":""topic::energy_environment"",""label"":""Energy Environment"",""count"":6},{""node"":""mention::krauthammer"",""label"":""@krauthammer"",""count"":6},{""node"":""loc::mason city"",""label"":""Mason City"",""count"":5}]"
2015-W24,2015-06-08,2015-06-14,82,82,0,0,82,69,198,10,14,58,Media Communications,topic::media_communications,49,Trump,per::trump,8,"[{""node"":""topic::media_communications"",""label"":""Media Communications"",""count"":49},{""node"":""mention::realdonaldtrump"",""label"":""@realdonaldtrump"",""count"":28},{""node"":""topic::health_public_health"",""label"":""Health Public Health"",""count"":25},{""node"":""topic::elections_campaigns"",""label"":""Elections Campaigns"",""count"":18},{""node"":""topic::energy_environment"",""label"":""Energy Environment"",""count"":16},{""node"":""topic::endorsements_appointments"",""label"":""Endorsements Appointments"",""count"":9},{""node"":""per::trump"",""label"":""Trump"",""count"":8},{""node"":""loc::america"",""label"":""America"",""count"":6},{""node"":""hashtag::trump2016"",""label"":""#trump2016"",""count"":6},{""node"":""per::donald trump"",""label"":""Donald Trump"",""count"":4},{""node"":""topic::foreign_policy_diplomacy"",""label"":""Foreign Policy Diplomacy"",""count"":4},{""node"":""org::c"",""label"":""C"",""count"":3}]"
2015-W25,2015-06-15,2015-06-21,116,116,0,0,116,123,410,19,26,71,Media Communications,topic::media_communications,77,Trump,per::trump,14,"[{""node"":""topic::media_communications"",""label"":""Media Communications"",""count"":77},{""node"":""mention::realdonaldtrump"",""label"":""@realdonaldtrump"",""count"":39},{""node"":""topic::elections_campaigns"",""label"":""Elections Campaigns"",""count"":25},{""node"":""topic::health_public_health"",""label"":""Health Public Health"",""count"":22},{""node"":""per::trump"",""label"":""Trump"",""count"":14},{""node"":""topic::endorsements_appointments"",""label"":""Endorsements Appointments"",""count"":14},{""node"":""loc::america"",""label"":""America"",""count"":12},{""node"":""hashtag::makeamericagreatagain"",""label"":""#makeamericagreatagain"",""count"":11},{""node"":""per::donald trump"",""label"":""Donald Trump"",""count"":9},{""node"":""hashtag::trump2016"",""label"":""#trump2016"",""count"":8},{""node"":""org::makea"",""label"":""Makea"",""count"":7},{""node"":""topic::foreign_policy_diplomacy"",""label"":""Foreign Policy Diplomacy"",""count"":7}]"
2015-W26,2015-06-22,2015-06-28,147,147,0,0,147,130,536,41,35,71,Media Communications,topic::media_communications,85,Trump,per::trump,25,"[{""node"":""topic::media_communications"",""label"":""Media Communications"",""count"":85},{""node"":""mention::realdonaldtrump"",""label"":""@realdonaldtrump"",""count"":63},{""node"":""topic::elections_campaigns"",""label"":""Elections Campaigns"",""count"":46},{""node"":""per::trump"",""label"":""Trump"",""count"":25},{""node"":""topic::health_public_health"",""label"":""Health Public Health"",""count"":21},{""node"":""topic::endorsements_appointments"",""label"":""Endorsements Appointments"",""count"":18},{""node"":""hashtag::trump2016"",""label"":""#trump2016"",""count"":15},{""node"":""mention::foxnews"",""label"":""@foxnews"",""count"":14},{""node"":""topic::foreign_policy_diplomacy"",""label"":""Foreign Policy Diplomacy"",""count"":12},{""node"":""hashtag::makeamericagreatagain"",""label"":""#makeamericagreatagain"",""count"":11},{""node"":""org::foxnews"",""label"":""Foxnews"",""count"":11},{""node"":""topic::immigration_border"",""label"":""Immigration Border"",""count"":11}]"
2015-W27,2015-06-29,2015-07-05,228,228,0,0,228,156,720,80,53,95,Media Communications,topic::media_communications,145,Trump,per::trump,42,"[{""node"":""topic::media_communications"",""label"":""Media Communications"",""count"":145},{""node"":""mention::realdonaldtrump"",""label"":""@realdonaldtrump"",""count"":113},{""node"":""topic::elections_campaigns"",""label"":""Elections Campaigns"",""count"":46},{""node"":""per::trump"",""label"":""Trump"",""count"":42},{""node"":""topic::immigration_border"",""label"":""Immigration Border"",""count"":40},{""node"":""topic::law_justice_crime"",""label"":""Law Justice Crime"",""count"":35},{""node"":""mention::macys"",""label"":""@macys"",""count"":34},{""node"":""topic::health_public_health"",""label"":""Health Public Health"",""count"":24},{""node"":""topic::endorsements_appointments"",""label"":""Endorsements Appointments"",""count"":23},{""node"":""loc::america"",""label"":""America"",""count"":22},{""node"":""per::donald trump"",""label"":""Donald Trump"",""count"":15},{""node"":""org::macys"",""label"":""Macys"",""count"":15}]"
2015-W28,2015-07-06,2015-07-12,127,127,0,0,127,132,539,40,40,47,Media Communications,topic::media_communications,81,Trump,per::trump,20,"[{""node"":""topic::media_communications"",""label"":""Media Communications"",""count"":81},{""node"":""mention::realdonaldtrump"",""label"":""@realdonaldtrump"",""count"":35},{""node"":""topic::immigration_border"",""label"":""Immigration Border"",""count"":23},{""node"":""per::trump"",""label"":""Trump"",""count"":20},{""node"":""topic::elections_campaigns"",""label"":""Elections Campaigns"",""count"":19},{""node"":""topic::health_public_health"",""label"":""Health Public Health"",""count"":18},{""node"":""topic::law_justice_crime"",""label"":""Law Justice Crime"",""count"":15},{""node"":""loc::america"",""label"":""America"",""count"":10},{""node"":""hashtag::makeamericagreatagain"",""label"":""#makeamericagreatagain"",""count"":10},{""node"":""mention::krauthammer"",""label"":""@krauthammer"",""count"":10},{""node"":""mention::macys"",""label"":""@macys"",""count"":9},{""node"":""topic::endorsements_appointments"",""label"":""Endorsements Appointments"",""count"":9}]"
2015-W29,2015-07-13,2015-07-19,146,146,0,0,146,123,424,54,34,58,Media Communications,topic::media_communications,95,Trump,per::trump,11,"[{""node"":""topic::media_communications"",""label"":""Media Communications"",""count"":95},{""node"":""topic::health_public_health"",""label"":""Health Public Health"",""count"":31},{""node"":""mention::realdonaldtrump"",""label"":""@realdonaldtrump"",""count"":28},{""node"":""topic::elections_campaigns"",""label"":""Elections Campaigns"",""count"":21},{""node"":""topic::law_justice_crime"",""label"":""Law Justice Crime"",""count"":19},{""node"":""topic::immigration_border"",""label"":""Immigration Border"",""count"":16},{""node"":""topic::defense_military_veterans"",""label"":""Defense Military Veterans"",""count"":14},{""node"":""per::trump"",""label"":""Trump"",""count"":11},{""node"":""topic::foreign_policy_diplomacy"",""label"":""Foreign Policy Diplomacy"",""count"":9},{""node"":""per::john mccain"",""label"":""John Mccain"",""count"":9},{""node"":""topic::endorsements_appointments"",""label"":""Endorsements Appointments"",""count"":7},{""node"":""loc::u. s"",""label"":""U. S"",""count"":6}]"
2015-W30,2015-07-20,2015-07-26,237,237,0,0,237,174,720,76,57,104,Media Communications,topic::media_communications,165,Trump,per::trump,34,"[{""node"":""topic::media_communications"",""label"":""Media Communications"",""count"":165},{""node"":""mention::realdonaldtrump"",""label"":""@realdonaldtrump"",""count"":103},{""node"":""topic::health_public_health"",""label"":""Health Public Health"",""count"":44},{""node"":""topic::elections_campaigns"",""label"":""Elections Campaigns"",""count"":40},{""node"":""per::trump"",""label"":""Trump"",""count"":34},{""node"":""topic::defense_military_veterans"",""label"":""Defense Military Veterans"",""count"":29},{""node"":""topic::immigration_border"",""label"":""Immigration Border"",""count"":20},{""node"":""loc::america"",""label"":""America"",""count"":17},{""node"":""hashtag::makeamericagreatagain"",""label"":""#makeamericagreatagain"",""count"":17},{""node"":""topic::endorsements_appointments"",""label"":""Endorsements Appointments"",""count"":17},{""node"":""per::donald"",""label"":""Donald"",""count"":13},{""node"":""topic::law_justice_crime"",""label"":""Law Justice Crime"",""count"":13}]"
2015-W31,2015-07-27,2015-08-02,108,108,0,0,108,121,416,32,30,46,Media Communications,topic::media_communications,72,Trump,per::trump,20,"[{""node"":""topic::media_communications"",""label"":""Media Communications"",""count"":72},{""node"":""mention::realdonaldtrump"",""label"":""@realdonaldtrump"",""count"":29},{""node"":""topic::elections_campaigns"",""label"":""Elections Campaigns"",""count"":22},{""node"":""topic::health_public_health"",""label"":""Health Public Health"",""count"":22},{""node"":""per::trump"",""label"":""Trump"",""count"":20},{""node"":""topic::endorsements_appointments"",""label"":""Endorsements Appointments"",""count"":9},{""node"":""topic::energy_environment"",""label"":""Energy Environment"",""count"":7},{""node"":""hashtag::makeamericagreatagain"",""label"":""#makeamericagreatagain"",""count"":6},{""node"":""org::cnn"",""label"":""Cnn"",""count"":6},{""node"":""loc::america"",""label"":""America"",""count"":5},{""node"":""topic::defense_military_veterans"",""label"":""Defense Military Veterans"",""count"":5},{""node"":""topic::foreign_policy_diplomacy"",""label"":""Foreign Policy Diplomacy"",""count"":5}]"
2015-W32,2015-08-03,2015-08-09,160,160,0,0,160,122,592,37,49,74,Media Communications,topic::media_communications,115,Trump,per::trump,37,"[{""node"":""topic::media_communications"",""label"":""Media Communications"",""count"":115},{""node"":""mention::realdonaldtrump"",""label"":""@realdonaldtrump"",""count"":80},{""node"":""topic::elections_campaigns"",""label"":""Elections Campaigns"",""count"":47},{""node"":""per::trump"",""label"":""Trump"",""count"":37},{""node"":""mention::foxnews"",""label"":""@foxnews"",""count"":23},{""node"":""topic::health_public_health"",""label"":""Health Public Health"",""count"":18},{""node"":""mention::megynkelly"",""label"":""@megynkelly"",""count"":18},{""node"":""hashtag::makeamericagreatagain"",""label"":""#makeamericagreatagain"",""count"":17},{""node"":""org::foxnews"",""label"":""Foxnews"",""count"":16},{""node"":""mention::foxandfriends"",""label"":""@foxandfriends"",""count"":15},{""node"":""topic::endorsements_appointments"",""label"":""Endorsements Appointments"",""count"":12},{""node"":""hashtag::trump2016"",""label"":""#trump2016"",""count"":10}]"
2015-W33,2015-08-10,2015-08-16,37,37,0,0,37,52,150,8,5,24,Media Communications,topic::media_communications,26,Trump,per::trump,3,"[{""node"":""topic::media_communications"",""label"":""Media Communications"",""count"":26},{""node"":""topic::health_public_health"",""label"":""Health Public Health"",""count"":11},{""node"":""mention::realdonaldtrump"",""label"":""@realdonaldtrump"",""count"":7},{""node"":""hashtag::makeamericagreatagain"",""label"":""#makeamericagreatagain"",""count"":5},{""node"":""topic::endorsements_appointments"",""label"":""Endorsements Appointments"",""count"":4},{""node"":""topic::elections_campaigns"",""label"":""Elections Campaigns"",""count"":4},{""node"":""per::trump"",""label"":""Trump"",""count"":3},{""node"":""topic::law_justice_crime"",""label"":""Law Justice Crime"",""count"":3},{""node"":""topic::foreign_policy_diplomacy"",""label"":""Foreign Policy Diplomacy"",""count"":3},{""node"":""hashtag::trump2016"",""label"":""#trump2016"",""count"":3},{""node"":""mention::ericbolling"",""label"":""@ericbolling"",""count"":3},{""node"":""mention::oreillyfactor"",""label"":""@oreillyfactor"",""count"":3}]"
2015-W34,2015-08-17,2015-08-23,67,67,0,0,67,72,210,16,10,41,Media Communications,topic::media_communications,44,Alabama,loc::alabama,6,"[{""node"":""topic::media_communications"",""label"":""Media Communications"",""count"":44},{""node"":""mention::realdonaldtrump"",""label"":""@realdonaldtrump"",""count"":15},{""node"":""topic::health_public_health"",""label"":""Health Public Health"",""count"":11},{""node"":""topic::immigration_border"",""label"":""Immigration Border"",""count"":7},{""node"":""topic::elections_campaigns"",""label"":""Elections Campaigns"",""count"":6},{""node"":""loc::alabama"",""label"":""Alabama"",""count"":6},{""node"":""hashtag::makeamericagreatagain"",""label"":""#makeamericagreatagain"",""count"":5},{""node"":""per::trump"",""label"":""Trump"",""count"":5},{""node"":""topic::endorsements_appointments"",""label"":""Endorsements Appointments"",""count"":4},{""node"":""loc::america"",""label"":""America"",""count"":4},{""node"":""topic::social_culture_education"",""label"":""Social Culture Education"",""count"":4},{""node"":""topic::law_justice_crime"",""label"":""Law Justice Crime"",""count"":4}]"
2015-W35,2015-08-24,2015-08-30,80,80,0,0,80,104,381,28,14,38,Media Communications,topic::media_communications,57,Trump,per::trump,12,"[{""node"":""topic::media_communications"",""label"":""Media Communications"",""count"":57},{""node"":""mention::realdonaldtrump"",""label"":""@realdonaldtrump"",""count"":24},{""node"":""topic::health_public_health"",""label"":""Health Public Health"",""count"":19},{""node"":""topic::elections_campaigns"",""label"":""Elections Campaigns"",""count"":15},{""node"":""per::trump"",""label"":""Trump"",""count"":12},{""node"":""mention::megynkelly"",""label"":""@megynkelly"",""count"":10},{""node"":""per::je"",""label"":""Je"",""count"":7},{""node"":""per::b bush"",""label"":""B Bush"",""count"":6},{""node"":""mention::foxnews"",""label"":""@foxnews"",""count"":6},{""node"":""topic::endorsements_appointments"",""label"":""Endorsements Appointments"",""count"":5},{""node"":""hashtag::makeamericagreatagain"",""label"":""#makeamericagreatagain"",""count"":4},{""node"":""topic::foreign_policy_diplomacy"",""label"":""Foreign Policy Diplomacy"",""count"":4}]"
2015-W36,2015-08-31,2015-09-06,73,73,0,0,73,81,287,31,13,29,Media Communications,topic::media_communications,46,Trump,per::trump,7,"[{""node"":""topic::media_communications"",""label"":""Media Communications"",""count"":46},{""node"":""topic::elections_campaigns"",""label"":""Elections Campaigns"",""count"":21},{""node"":""topic::health_public_health"",""label"":""Health Public Health"",""count"":17},{""node"":""mention::realdonaldtrump"",""label"":""@realdonaldtrump"",""count"":13},{""node"":""mention::foxnews"",""label"":""@foxnews"",""count"":8},{""node"":""per::trump"",""label"":""Trump"",""count"":7},{""node"":""topic::foreign_policy_diplomacy"",""label"":""Foreign Policy Diplomacy"",""count"":7},{""node"":""topic::endorsements_appointments"",""label"":""Endorsements Appointments"",""count"":7},{""node"":""org::foxnews"",""label"":""Foxnews"",""count"":7},{""node"":""hashtag::trump2016"",""label"":""#trump2016"",""count"":7},{""node"":""hashtag::makeamericagreatagain"",""label"":""#makeamericagreatagain"",""count"":6},{""node"":""loc::iran"",""label"":""Iran"",""count"":6}]"
2015-W37,2015-09-07,2015-09-13,108,108,0,0,108,97,364,29,19,60,Media Communications,topic::media_communications,76,Trump,per::trump,17,"[{""node"":""topic::media_communications"",""label"":""Media Communications"",""count"":76},{""node"":""mention::realdonaldtrump"",""label"":""@realdonaldtrump"",""count"":42},{""node"":""topic::elections_campaigns"",""label"":""Elections Campaigns"",""count"":21},{""node"":""per::trump"",""label"":""Trump"",""count"":17},{""node"":""topic::health_public_health"",""label"":""Health Public Health"",""count"":13},{""node"":""mention::jimmyfallon"",""label"":""@jimmyfallon"",""count"":10},{""node"":""loc::america"",""label"":""America"",""count"":9},{""node"":""topic::foreign_policy_diplomacy"",""label"":""Foreign Policy Diplomacy"",""count"":8},{""node"":""mention::fallontonight"",""label"":""@fallontonight"",""count"":8},{""node"":""hashtag::makeamericagreatagain"",""label"":""#makeamericagreatagain"",""count"":7},{""node"":""mention::club4growth"",""label"":""@club4growth"",""count"":7},{""node"":""hashtag::trump2016"",""label"":""#trump2016"",""count"":6}]"
2015-W38,2015-09-14,2015-09-20,58,58,0,0,58,57,142,14,9,35,Media Communications,topic::media_communications,40,Trump,per::trump,6,"[{""node"":""topic::media_communications"",""label"":""Media Communications"",""count"":40},{""node"":""topic::health_public_health"",""label"":""Health Public Health"",""count"":13},{""node"":""topic::defense_military_veterans"",""label"":""Defense Military Veterans"",""count"":11},{""node"":""per::trump"",""label"":""Trump"",""count"":6},{""node"":""topic::elections_campaigns"",""label"":""Elections Campaigns"",""count"":6},{""node"":""org::cnn"",""label"":""Cnn"",""count"":5},{""node"":""mention::cnn"",""label"":""@cnn"",""count"":4},{""node"":""topic::endorsements_appointments"",""label"":""Endorsements Appointments"",""count"":4},{""node"":""loc::dallas"",""label"":""Dallas"",""count"":4},{""node"":""hashtag::cnndebate"",""label"":""#cnndebate"",""count"":4},{""node"":""loc::a"",""label"":""A"",""count"":3},{""node"":""loc::l"",""label"":""L"",""count"":3}]"
2015-W39,2015-09-21,2015-09-27,137,137,0,0,137,112,406,51,43,43,Media Communications,topic::media_communications,113,Foxnews,org::foxnews,18,"[{""node"":""topic::media_communications"",""label"":""Media Communications"",""count"":113},{""node"":""mention::realdonaldtrump"",""label"":""@realdonaldtrump"",""count"":37},{""node"":""topic::health_public_health"",""label"":""Health Public Health"",""count"":31},{""node"":""mention::foxnews"",""label"":""@foxnews"",""count"":20},{""node"":""org::foxnews"",""label"":""Foxnews"",""count"":18},{""node"":""per::trump"",""label"":""Trump"",""count"":17},{""node"":""topic::elections_campaigns"",""label"":""Elections Campaigns"",""count"":15},{""node"":""hashtag::asktrump"",""label"":""#asktrump"",""count"":15},{""node"":""mention::oreillyfactor"",""label"":""@oreillyfactor"",""count"":9},{""node"":""org::cnn"",""label"":""Cnn"",""count"":8},{""node"":""mention::megynkelly"",""label"":""@megynkelly"",""count"":8},{""node"":""topic::energy_environment"",""label"":""Energy Environment"",""count"":6}]"
2015-W40,2015-09-28,2015-10-04,129,129,0,0,129,147,618,35,37,57,Media Communications,topic::media_communications,100,Trump,per::trump,22,"[{""node"":""topic::media_communications"",""label"":""Media Communications"",""count"":100},{""node"":""mention::realdonaldtrump"",""label"":""@realdonaldtrump"",""count"":55},{""node"":""topic::elections_campaigns"",""label"":""Elections Campaigns"",""count"":32},{""node"":""per::trump"",""label"":""Trump"",""count"":22},{""node"":""topic::health_public_health"",""label"":""Health Public Health"",""count"":20},{""node"":""org::cnn"",""label"":""Cnn"",""count"":14},{""node"":""topic::endorsements_appointments"",""label"":""Endorsements Appointments"",""count"":11},{""node"":""hashtag::trump2016"",""label"":""#trump2016"",""count"":10},{""node"":""mention::cnn"",""label"":""@cnn"",""count"":10},{""node"":""mention::60minutes"",""label"":""@60minutes"",""count"":8},{""node"":""hashtag::makeamericagreatagain"",""label"":""#makeamericagreatagain"",""count"":8},{""node"":""mention::donlemon"",""label"":""@donlemon"",""count"":8}]"
2015-W41,2015-10-05,2015-10-11,143,143,0,0,143,144,611,32,26,85,Media Communications,topic::media_communications,110,Trump,per::trump,26,"[{""node"":""topic::media_communications"",""label"":""Media Communications"",""count"":110},{""node"":""mention::realdonaldtrump"",""label"":""@realdonaldtrump"",""count"":54},{""node"":""topic::health_public_health"",""label"":""Health Public Health"",""count"":30},{""node"":""topic::elections_campaigns"",""label"":""Elections Campaigns"",""count"":26},{""node"":""per::trump"",""label"":""Trump"",""count"":26},{""node"":""topic::endorsements_appointments"",""label"":""Endorsements Appointments"",""count"":16},{""node"":""mention::cnn"",""label"":""@cnn"",""count"":13},{""node"":""org::cnn"",""label"":""Cnn"",""count"":11},{""node"":""per::donald trump"",""label"":""Donald Trump"",""count"":9},{""node"":""hashtag::trump2016"",""label"":""#trump2016"",""count"":8},{""node"":""hashtag::makeamericagreatagain"",""label"":""#makeamericagreatagain"",""count"":8},{""node"":""loc::america"",""label"":""America"",""count"":8}]"
2015-W42,2015-10-12,2015-10-18,239,239,0,0,239,199,968,84,50,105,Media Communications,topic::media_communications,199,Trump,per::trump,25,"[{""node"":""topic::media_communications"",""label"":""Media Communications"",""count"":199},{""node"":""mention::realdonaldtrump"",""label"":""@realdonaldtrump"",""count"":110},{""node"":""topic::elections_campaigns"",""label"":""Elections Campaigns"",""count"":62},{""node"":""topic::health_public_health"",""label"":""Health Public Health"",""count"":32},{""node"":""mention::foxnews"",""label"":""@foxnews"",""count"":28},{""node"":""hashtag::demdebate"",""label"":""#demdebate"",""count"":27},{""node"":""per::trump"",""label"":""Trump"",""count"":25},{""node"":""org::foxnews"",""label"":""Foxnews"",""count"":24},{""node"":""topic::endorsements_appointments"",""label"":""Endorsements Appointments"",""count"":20},{""node"":""org::cnn"",""label"":""Cnn"",""count"":17},{""node"":""per::je"",""label"":""Je"",""count"":13},{""node"":""per::donald trump"",""label"":""Donald Trump"",""count"":12}]"
2015-W43,2015-10-19,2015-10-25,140,140,0,0,140,150,690,31,41,68,Media Communications,topic::media_communications,102,Donald Trump,per::donald trump,21,"[{""node"":""topic::media_communications"",""label"":""Media Communications"",""count"":102},{""node"":""mention::realdonaldtrump"",""label"":""@realdonaldtrump"",""count"":44},{""node"":""topic::elections_campaigns"",""label"":""Elections Campaigns"",""count"":42},{""node"":""topic::health_public_health"",""label"":""Health Public Health"",""count"":21},{""node"":""per::donald trump"",""label"":""Donald Trump"",""count"":21},{""node"":""per::je"",""label"":""Je"",""count"":14},{""node"":""per::trump"",""label"":""Trump"",""count"":13},{""node"":""org::cnn"",""label"":""Cnn"",""count"":11},{""node"":""mention::cnn"",""label"":""@cnn"",""count"":11},{""node"":""mention::cbsnews"",""label"":""@cbsnews"",""count"":11},{""node"":""topic::energy_environment"",""label"":""Energy Environment"",""count"":10},{""node"":""topic::endorsements_appointments"",""label"":""Endorsements Appointments"",""count"":10}]"
2015-W44,2015-10-26,2015-11-01,193,193,0,0,193,170,717,44,47,102,Media Communications,topic::media_communications,133,Trump,per::trump,36,"[{""node"":""topic::media_communications"",""label"":""Media Communications"",""count"":133},{""node"":""mention::realdonaldtrump"",""label"":""@realdonaldtrump"",""count"":72},{""node"":""topic::elections_campaigns"",""label"":""Elections Campaigns"",""count"":69},{""node"":""per::trump"",""label"":""Trump"",""count"":36},{""node"":""topic::health_public_health"",""label"":""Health Public Health"",""count"":19},{""node"":""topic::endorsements_appointments"",""label"":""Endorsements Appointments"",""count"":16},{""node"":""per::donald trump"",""label"":""Donald Trump"",""count"":16},{""node"":""hashtag::makeamericagreatagain"",""label"":""#makeamericagreatagain"",""count"":13},{""node"":""hashtag::trump2016"",""label"":""#trump2016"",""count"":12},{""node"":""mention::cnbc"",""label"":""@cnbc"",""count"":11},{""node"":""org::cnbc"",""label"":""Cnbc"",""count"":10},{""node"":""topic::defense_military_veterans"",""label"":""Defense Military Veterans"",""count"":10}]"
2015-W45,2015-11-02,2015-11-08,178,178,0,0,178,151,661,36,53,89,Media Communications,topic::media_communications,141,Trump,per::trump,21,"[{""node"":""topic::media_communications"",""label"":""Media Communications"",""count"":141},{""node"":""mention::realdonaldtrump"",""label"":""@realdonaldtrump"",""count"":83},{""node"":""topic::elections_campaigns"",""label"":""Elections Campaigns"",""count"":30},{""node"":""topic::health_public_health"",""label"":""Health Public Health"",""count"":23},{""node"":""per::trump"",""label"":""Trump"",""count"":21},{""node"":""mention::nbcsnl"",""label"":""@nbcsnl"",""count"":17},{""node"":""hashtag::makeamericagreatagain"",""label"":""#makeamericagreatagain"",""count"":15},{""node"":""hashtag::snl"",""label"":""#snl"",""count"":12},{""node"":""topic::endorsements_appointments"",""label"":""Endorsements Appointments"",""count"":11},{""node"":""hashtag::trump2016"",""label"":""#trump2016"",""count"":10},{""node"":""mention::foxnews"",""label"":""@foxnews"",""count"":8},{""node"":""per::donald trump"",""label"":""Donald Trump"",""count"":8}]"
2015-W46,2015-11-09,2015-11-15,113,113,0,0,113,141,507,38,20,55,Media Communications,topic::media_communications,80,Trump,per::trump,9,"[{""node"":""topic::media_communications"",""label"":""Media Communications"",""count"":80},{""node"":""mention::realdonaldtrump"",""label"":""@realdonaldtrump"",""count"":26},{""node"":""topic::elections_campaigns"",""label"":""Elections Campaigns"",""count"":23},{""node"":""topic::health_public_health"",""label"":""Health Public Health"",""count"":20},{""node"":""hashtag::trump2016"",""label"":""#trump2016"",""count"":19},{""node"":""per::trump"",""label"":""Trump"",""count"":9},{""node"":""topic::energy_environment"",""label"":""Energy Environment"",""count"":9},{""node"":""topic::endorsements_appointments"",""label"":""Endorsements Appointments"",""count"":8},{""node"":""mention::wsj"",""label"":""@wsj"",""count"":8},{""node"":""per::donald trump"",""label"":""Donald Trump"",""count"":6},{""node"":""topic::immigration_border"",""label"":""Immigration Border"",""count"":6},{""node"":""org::cnn"",""label"":""Cnn"",""count"":5}]"
2015-W47,2015-11-16,2015-11-22,153,153,0,0,153,145,598,52,28,73,Media Communications,topic::media_communications,107,Trump,per::trump,12,"[{""node"":""topic::media_communications"",""label"":""Media Communications"",""count"":107},{""node"":""topic::elections_campaigns"",""label"":""Elections Campaigns"",""count"":37},{""node"":""mention::realdonaldtrump"",""label"":""@realdonaldtrump"",""count"":28},{""node"":""topic::health_public_health"",""label"":""Health Public Health"",""count"":27},{""node"":""hashtag::trump2016"",""label"":""#trump2016"",""count"":21},{""node"":""hashtag::makeamericagreatagain"",""label"":""#makeamericagreatagain"",""count"":16},{""node"":""topic::endorsements_appointments"",""label"":""Endorsements Appointments"",""count"":14},{""node"":""per::trump"",""label"":""Trump"",""count"":12},{""node"":""topic::law_justice_crime"",""label"":""Law Justice Crime"",""count"":11},{""node"":""mention::foxnews"",""label"":""@foxnews"",""count"":10},{""node"":""topic::energy_environment"",""label"":""Energy Environment"",""count"":9},{""node"":""org::foxnews"",""label"":""Foxnews"",""count"":9}]"
2015-W48,2015-11-23,2015-11-29,98,98,0,0,98,123,511,45,13,40,Media Communications,topic::media_communications,81,Trump,per::trump,11,"[{""node"":""topic::media_communications"",""label"":""Media Communications"",""count"":81},{""node"":""mention::realdonaldtrump"",""label"":""@realdonaldtrump"",""count"":33},{""node"":""topic::elections_campaigns"",""label"":""Elections Campaigns"",""count"":21},{""node"":""topic::health_public_health"",""label"":""Health Public Health"",""count"":18},{""node"":""hashtag::trump2016"",""label"":""#trump2016"",""count"":12},{""node"":""per::trump"",""label"":""Trump"",""count"":11},{""node"":""mention::nytimes"",""label"":""@nytimes"",""count"":8},{""node"":""mention::foxnews"",""label"":""@foxnews"",""count"":7},{""node"":""hashtag::makeamericagreatagain"",""label"":""#makeamericagreatagain"",""count"":6},{""node"":""mention::morning_joe"",""label"":""@morning_joe"",""count"":6},{""node"":""loc::sarasota"",""label"":""Sarasota"",""count"":6},{""node"":""org::cnn"",""label"":""Cnn"",""count"":6}]"
2015-W49,2015-11-30,2015-12-06,152,152,0,0,152,140,544,46,29,77,Media Communications,topic::media_communications,112,Trump,per::trump,23,"[{""node"":""topic::media_communications"",""label"":""Media Communications"",""count"":112},{""node"":""mention::realdonaldtrump"",""label"":""@realdonaldtrump"",""count"":39},{""node"":""topic::elections_campaigns"",""label"":""Elections Campaigns"",""count"":33},{""node"":""per::trump"",""label"":""Trump"",""count"":23},{""node"":""topic::health_public_health"",""label"":""Health Public Health"",""count"":21},{""node"":""hashtag::trump2016"",""label"":""#trump2016"",""count"":15},{""node"":""org::cnn"",""label"":""Cnn"",""count"":11},{""node"":""topic::law_justice_crime"",""label"":""Law Justice Crime"",""count"":11},{""node"":""hashtag::makeamericagreatagain"",""label"":""#makeamericagreatagain"",""count"":10},{""node"":""topic::endorsements_appointments"",""label"":""Endorsements Appointments"",""count"":10},{""node"":""mention::cnn"",""label"":""@cnn"",""count"":10},{""node"":""loc::america"",""label"":""America"",""count"":7}]"
2015-W50,2015-12-07,2015-12-13,183,183,0,0,183,169,749,64,36,83,Media Communications,topic::media_communications,126,Trump,per::trump,27,"[{""node"":""topic::media_communications"",""label"":""Media Communications"",""count"":126},{""node"":""topic::elections_campaigns"",""label"":""Elections Campaigns"",""count"":48},{""node"":""topic::health_public_health"",""label"":""Health Public Health"",""count"":34},{""node"":""mention::realdonaldtrump"",""label"":""@realdonaldtrump"",""count"":33},{""node"":""per::trump"",""label"":""Trump"",""count"":27},{""node"":""org::cnn"",""label"":""Cnn"",""count"":27},{""node"":""mention::cnn"",""label"":""@cnn"",""count"":24},{""node"":""topic::endorsements_appointments"",""label"":""Endorsements Appointments"",""count"":15},{""node"":""hashtag::makeamericagreatagain"",""label"":""#makeamericagreatagain"",""count"":12},{""node"":""hashtag::trump2016"",""label"":""#trump2016"",""count"":12},{""node"":""per::hillary"",""label"":""Hillary"",""count"":11},{""node"":""mention::foxnews"",""label"":""@foxnews"",""count"":11}]"
2015-W51,2015-12-14,2015-12-20,104,104,0,0,104,118,495,40,18,46,Media Communications,topic::media_communications,58,Trump,per::trump,16,"[{""node"":""topic::media_communications"",""label"":""Media Communications"",""count"":58},{""node"":""topic::elections_campaigns"",""label"":""Elections Campaigns"",""count"":38},{""node"":""hashtag::makeamericagreatagain"",""label"":""#makeamericagreatagain"",""count"":18},{""node"":""topic::health_public_health"",""label"":""Health Public Health"",""count"":16},{""node"":""per::trump"",""label"":""Trump"",""count"":16},{""node"":""hashtag::trump2016"",""label"":""#trump2016"",""count"":16},{""node"":""mention::realdonaldtrump"",""label"":""@realdonaldtrump"",""count"":15},{""node"":""topic::endorsements_appointments"",""label"":""Endorsements Appointments"",""count"":10},{""node"":""org::cnn"",""label"":""Cnn"",""count"":10},{""node"":""mention::cnn"",""label"":""@cnn"",""count"":10},{""node"":""org::makea"",""label"":""Makea"",""count"":9},{""node"":""per::hillary"",""label"":""Hillary"",""count"":8}]"
2015-W52,2015-12-21,2015-12-27,109,109,0,0,109,94,357,58,10,41,Media Communications,topic::media_communications,70,Hillary,per::hillary,17,"[{""node"":""topic::media_communications"",""label"":""Media Communications"",""count"":70},{""node"":""topic::elections_campaigns"",""label"":""Elections Campaigns"",""count"":38},{""node"":""per::hillary"",""label"":""Hillary"",""count"":17},{""node"":""hashtag::makeamericagreatagain"",""label"":""#makeamericagreatagain"",""count"":12},{""node"":""per::trump"",""label"":""Trump"",""count"":12},{""node"":""topic::health_public_health"",""label"":""Health Public Health"",""count"":12},{""node"":""per::je"",""label"":""Je"",""count"":11},{""node"":""mention::jebbush"",""label"":""@jebbush"",""count"":11},{""node"":""mention::realdonaldtrump"",""label"":""@realdonaldtrump"",""count"":9},{""node"":""mention::cnn"",""label"":""@cnn"",""count"":9},{""node"":""hashtag::trump2016"",""label"":""#trump2016"",""count"":8},{""node"":""topic::endorsements_appointments"",""label"":""Endorsements Appointments"",""count"":7}]"
2015-W53,2015-12-28,2016-01-03,108,108,0,1,107,117,483,43,7,58,Media Communications,topic::media_communications,70,Hillary,per::hillary,13,"[{""node"":""topic::media_communications"",""label"":""Media Communications"",""count"":70},{""node"":""topic::elections_campaigns"",""label"":""Elections Campaigns"",""count"":47},{""node"":""mention::realdonaldtrump"",""label"":""@realdonaldtrump"",""count"":21},{""node"":""per::hillary"",""label"":""Hillary"",""count"":13},{""node"":""hashtag::trump2016"",""label"":""#trump2016"",""count"":12},{""node"":""per::trump"",""label"":""Trump"",""count"":11},{""node"":""mention::jebbush"",""label"":""@jebbush"",""count"":10},{""node"":""topic::health_public_health"",""label"":""Health Public Health"",""count"":9},{""node"":""hashtag::makeamericagreatagain"",""label"":""#makeamericagreatagain"",""count"":9},{""node"":""per::je"",""label"":""Je"",""count"":8},{""node"":""topic::endorsements_appointments"",""label"":""Endorsements Appointments"",""count"":7},{""node"":""per::donald trump"",""label"":""Donald Trump"",""count"":7}]"
2016-W01,2016-01-04,2016-01-10,88,88,0,1,87,102,340,28,13,47,Media Communications,topic::media_communications,68,Trump,per::trump,11,"[{""node"":""topic::media_communications"",""label"":""Media Communications"",""count"":68},{""node"":""topic::health_public_health"",""label"":""Health Public Health"",""count"":27},{""node"":""topic::elections_campaigns"",""label"":""Elections Campaigns"",""count"":20},{""node"":""mention::realdonaldtrump"",""label"":""@realdonaldtrump"",""count"":20},{""node"":""per::trump"",""label"":""Trump"",""count"":11},{""node"":""topic::endorsements_appointments"",""label"":""Endorsements Appointments"",""count"":6},{""node"":""topic::energy_environment"",""label"":""Energy Environment"",""count"":6},{""node"":""mention::jebbush"",""label"":""@jebbush"",""count"":5},{""node"":""hashtag::makeamericagreatagain"",""label"":""#makeamericagreatagain"",""count"":4},{""node"":""loc::iowa"",""label"":""Iowa"",""count"":4},{""node"":""mention::unionleader"",""label"":""@unionleader"",""count"":4},{""node"":""topic::law_justice_crime"",""label"":""Law Justice Crime"",""count"":4}]"
2016-W02,2016-01-11,2016-01-17,85,85,0,2,83,119,422,38,11,36,Media Communications,topic::media_communications,53,Ted Cruz,per::ted cruz,12,"[{""node"":""topic::media_communications"",""label"":""Media Communications"",""count"":53},{""node"":""topic::elections_campaigns"",""label"":""Elections Campaigns"",""count"":26},{""node"":""per::ted cruz"",""label"":""Ted Cruz"",""count"":12},{""node"":""hashtag::trump2016"",""label"":""#trump2016"",""count"":10},{""node"":""topic::health_public_health"",""label"":""Health Public Health"",""count"":10},{""node"":""topic::foreign_policy_diplomacy"",""label"":""Foreign Policy Diplomacy"",""count"":8},{""node"":""loc::iowa"",""label"":""Iowa"",""count"":7},{""node"":""topic::law_justice_crime"",""label"":""Law Justice Crime"",""count"":6},{""node"":""per::trump"",""label"":""Trump"",""count"":6},{""node"":""loc::iran"",""label"":""Iran"",""count"":6},{""node"":""loc::u. s"",""label"":""U. S"",""count"":5},{""node"":""hashtag::votetrump"",""label"":""#votetrump"",""count"":5}]"
2016-W03,2016-01-18,2016-01-24,127,127,0,4,123,136,567,41,24,62,Media Communications,topic::media_communications,82,Trump,per::trump,22,"[{""node"":""topic::media_communications"",""label"":""Media Communications"",""count"":82},{""node"":""topic::elections_campaigns"",""label"":""Elections Campaigns"",""count"":55},{""node"":""hashtag::trump2016"",""label"":""#trump2016"",""count"":24},{""node"":""per::trump"",""label"":""Trump"",""count"":22},{""node"":""topic::health_public_health"",""label"":""Health Public Health"",""count"":21},{""node"":""loc::iowa"",""label"":""Iowa"",""count"":16},{""node"":""per::cruz"",""label"":""Cruz"",""count"":13},{""node"":""mention::realdonaldtrump"",""label"":""@realdonaldtrump"",""count"":12},{""node"":""hashtag::makeamericagreatagain"",""label"":""#makeamericagreatagain"",""count"":10},{""node"":""per::ted cruz"",""label"":""Ted Cruz"",""count"":9},{""node"":""topic::endorsements_appointments"",""label"":""Endorsements Appointments"",""count"":8},{""node"":""topic::energy_environment"",""label"":""Energy Environment"",""count"":7}]"
2016-W04,2016-01-25,2016-01-31,148,148,0,5,143,133,532,51,41,56,Media Communications,topic::media_communications,95,Trump,per::trump,19,"[{""node"":""topic::media_communications"",""label"":""Media Communications"",""count"":95},{""node"":""topic::elections_campaigns"",""label"":""Elections Campaigns"",""count"":46},{""node"":""mention::realdonaldtrump"",""label"":""@realdonaldtrump"",""count"":22},{""node"":""per::trump"",""label"":""Trump"",""count"":19},{""node"":""hashtag::trump2016"",""label"":""#trump2016"",""count"":18},{""node"":""topic::health_public_health"",""label"":""Health Public Health"",""count"":18},{""node"":""loc::iowa"",""label"":""Iowa"",""count"":17},{""node"":""hashtag::iacaucus"",""label"":""#iacaucus"",""count"":13},{""node"":""per::cruz"",""label"":""Cruz"",""count"":13},{""node"":""hashtag::makeamericagreatagain"",""label"":""#makeamericagreatagain"",""count"":10},{""node"":""topic::congress_governance"",""label"":""Congress Governance"",""count"":10},{""node"":""topic::defense_military_veterans"",""label"":""Defense Military Veterans"",""count"":10}]"
2016-W05,2016-02-01,2016-02-07,101,101,0,8,93,116,513,32,21,48,Media Communications,topic::media_communications,68,New Hampshire,loc::new hampshire,19,"[{""node"":""topic::media_communications"",""label"":""Media Communications"",""count"":68},{""node"":""topic::elections_campaigns"",""label"":""Elections Campaigns"",""count"":45},{""node"":""topic::health_public_health"",""label"":""Health Public Health"",""count"":20},{""node"":""loc::new hampshire"",""label"":""New Hampshire"",""count"":19},{""node"":""mention::realdonaldtrump"",""label"":""@realdonaldtrump"",""count"":16},{""node"":""per::cruz"",""label"":""Cruz"",""count"":15},{""node"":""per::trump"",""label"":""Trump"",""count"":14},{""node"":""loc::iowa"",""label"":""Iowa"",""count"":12},{""node"":""topic::law_justice_crime"",""label"":""Law Justice Crime"",""count"":10},{""node"":""org::joenbc"",""label"":""Joenbc"",""count"":8},{""node"":""mention::joenbc"",""label"":""@joenbc"",""count"":8},{""node"":""per::ted cruz"",""label"":""Ted Cruz"",""count"":8}]"
2016-W06,2016-02-08,2016-02-14,114,114,0,3,111,100,384,54,19,41,Media Communications,topic::media_communications,68,Je,per::je,14,"[{""node"":""topic::media_communications"",""label"":""Media Communications"",""count"":68},{""node"":""topic::elections_campaigns"",""label"":""Elections Campaigns"",""count"":45},{""node"":""topic::health_public_health"",""label"":""Health Public Health"",""count"":22},{""node"":""per::je"",""label"":""Je"",""count"":14},{""node"":""loc::new hampshire"",""label"":""New Hampshire"",""count"":12},{""node"":""mention::realdonaldtrump"",""label"":""@realdonaldtrump"",""count"":11},{""node"":""topic::law_justice_crime"",""label"":""Law Justice Crime"",""count"":10},{""node"":""per::trump"",""label"":""Trump"",""count"":9},{""node"":""per::b bush"",""label"":""B Bush"",""count"":8},{""node"":""hashtag::makeamericagreatagain"",""label"":""#makeamericagreatagain"",""count"":8},{""node"":""hashtag::fitn"",""label"":""#fitn"",""count"":7},{""node"":""topic::immigration_border"",""label"":""Immigration Border"",""count"":7}]"
2016-W07,2016-02-15,2016-02-21,98,98,0,5,93,99,416,36,20,42,Media Communications,topic::media_communications,52,South Carolina,loc::south carolina,20,"[{""node"":""topic::media_communications"",""label"":""Media Communications"",""count"":52},{""node"":""topic::elections_campaigns"",""label"":""Elections Campaigns"",""count"":49},{""node"":""topic::health_public_health"",""label"":""Health Public Health"",""count"":22},{""node"":""loc::south carolina"",""label"":""South Carolina"",""count"":20},{""node"":""hashtag::makeamericagreatagain"",""label"":""#makeamericagreatagain"",""count"":13},{""node"":""hashtag::trump2016"",""label"":""#trump2016"",""count"":13},{""node"":""per::trump"",""label"":""Trump"",""count"":10},{""node"":""topic::law_justice_crime"",""label"":""Law Justice Crime"",""count"":8},{""node"":""hashtag::votetrumpsc"",""label"":""#votetrumpsc"",""count"":8},{""node"":""mention::realdonaldtrump"",""label"":""@realdonaldtrump"",""count"":8},{""node"":""per::je"",""label"":""Je"",""count"":7},{""node"":""org::makea"",""label"":""Makea"",""count"":7}]"
2016-W08,2016-02-22,2016-02-28,168,168,0,6,162,143,677,69,21,78,Media Communications,topic::media_communications,92,Trump,per::trump,23,"[{""node"":""topic::media_communications"",""label"":""Media Communications"",""count"":92},{""node"":""topic::elections_campaigns"",""label"":""Elections Campaigns"",""count"":80},{""node"":""mention::realdonaldtrump"",""label"":""@realdonaldtrump"",""count"":23},{""node"":""per::trump"",""label"":""Trump"",""count"":23},{""node"":""per::ted cruz"",""label"":""Ted Cruz"",""count"":21},{""node"":""topic::health_public_health"",""label"":""Health Public Health"",""count"":21},{""node"":""hashtag::trump2016"",""label"":""#trump2016"",""count"":18},{""node"":""topic::congress_governance"",""label"":""Congress Governance"",""count"":17},{""node"":""per::marco rubio"",""label"":""Marco Rubio"",""count"":17},{""node"":""topic::endorsements_appointments"",""label"":""Endorsements Appointments"",""count"":15},{""node"":""hashtag::makeamericagreatagain"",""label"":""#makeamericagreatagain"",""count"":14},{""node"":""per::cruz"",""label"":""Cruz"",""count"":13}]"
2016-W09,2016-02-29,2016-03-06,116,116,0,6,110,124,518,39,16,61,Elections Campaigns,topic::elections_campaigns,57,Trump,per::trump,10,"[{""node"":""topic::elections_campaigns"",""label"":""Elections Campaigns"",""count"":57},{""node"":""topic::media_communications"",""label"":""Media Communications"",""count"":53},{""node"":""hashtag::trump2016"",""label"":""#trump2016"",""count"":20},{""node"":""hashtag::makeamericagreatagain"",""label"":""#makeamericagreatagain"",""count"":18},{""node"":""topic::health_public_health"",""label"":""Health Public Health"",""count"":15},{""node"":""per::trump"",""label"":""Trump"",""count"":10},{""node"":""loc::kansas"",""label"":""Kansas"",""count"":9},{""node"":""topic::endorsements_appointments"",""label"":""Endorsements Appointments"",""count"":7},{""node"":""hashtag::trump2016https"",""label"":""#trump2016https"",""count"":7},{""node"":""per::marco rubio"",""label"":""Marco Rubio"",""count"":7},{""node"":""hashtag::votetrump"",""label"":""#votetrump"",""count"":7},{""node"":""hashtag::supertuesday"",""label"":""#supertuesday"",""count"":7}]"
2016-W10,2016-03-07,2016-03-13,91,91,0,8,83,105,407,37,17,37,Media Communications,topic::media_communications,46,Trump,per::trump,12,"[{""node"":""topic::media_communications"",""label"":""Media Communications"",""count"":46},{""node"":""topic::elections_campaigns"",""label"":""Elections Campaigns"",""count"":42},{""node"":""topic::health_public_health"",""label"":""Health Public Health"",""count"":16},{""node"":""per::trump"",""label"":""Trump"",""count"":12},{""node"":""hashtag::trump2016"",""label"":""#trump2016"",""count"":11},{""node"":""loc::ohio"",""label"":""Ohio"",""count"":10},{""node"":""topic::endorsements_appointments"",""label"":""Endorsements Appointments"",""count"":8},{""node"":""mention::realdonaldtrump"",""label"":""@realdonaldtrump"",""count"":6},{""node"":""loc::hawaii"",""label"":""Hawaii"",""count"":6},{""node"":""hashtag::trump2016https"",""label"":""#trump2016https"",""count"":6},{""node"":""per::ka"",""label"":""Ka"",""count"":6},{""node"":""per::sich"",""label"":""Sich"",""count"":6}]"
2016-W11,2016-03-14,2016-03-20,131,131,0,5,126,138,625,55,15,61,Media Communications,topic::media_communications,81,Trump,per::trump,15,"[{""node"":""topic::media_communications"",""label"":""Media Communications"",""count"":81},{""node"":""topic::elections_campaigns"",""label"":""Elections Campaigns"",""count"":47},{""node"":""topic::health_public_health"",""label"":""Health Public Health"",""count"":22},{""node"":""hashtag::makeamericagreatagain"",""label"":""#makeamericagreatagain"",""count"":18},{""node"":""mention::megynkelly"",""label"":""@megynkelly"",""count"":17},{""node"":""hashtag::trump2016"",""label"":""#trump2016"",""count"":16},{""node"":""per::trump"",""label"":""Trump"",""count"":15},{""node"":""hashtag::votetrump"",""label"":""#votetrump"",""count"":11},{""node"":""mention::realdonaldtrump"",""label"":""@realdonaldtrump"",""count"":11},{""node"":""topic::endorsements_appointments"",""label"":""Endorsements Appointments"",""count"":11},{""node"":""mention::foxnews"",""label"":""@foxnews"",""count"":10},{""node"":""loc::ohio"",""label"":""Ohio"",""count"":9}]"
2016-W12,2016-03-21,2016-03-27,76,76,0,1,75,86,315,42,8,26,Media Communications,topic::media_communications,42,L,per::l,10,"[{""node"":""topic::media_communications"",""label"":""Media Communications"",""count"":42},{""node"":""topic::elections_campaigns"",""label"":""Elections Campaigns"",""count"":22},{""node"":""per::l"",""label"":""L"",""count"":10},{""node"":""mention::realdonaldtrump"",""label"":""@realdonaldtrump"",""count"":9},{""node"":""topic::health_public_health"",""label"":""Health Public Health"",""count"":9},{""node"":""topic::endorsements_appointments"",""label"":""Endorsements Appointments"",""count"":9},{""node"":""topic::foreign_policy_diplomacy"",""label"":""Foreign Policy Diplomacy"",""count"":8},{""node"":""per::ted cruz"",""label"":""Ted Cruz"",""count"":8},{""node"":""topic::law_justice_crime"",""label"":""Law Justice Crime"",""count"":7},{""node"":""loc::brussels"",""label"":""Brussels"",""count"":6},{""node"":""per::ted"",""label"":""Ted"",""count"":6},{""node"":""topic::immigration_border"",""label"":""Immigration Border"",""count"":5}]"
2016-W13,2016-03-28,2016-04-03,72,72,0,1,71,91,328,25,12,35,Media Communications,topic::media_communications,42,Wisconsin,loc::wisconsin,9,"[{""node"":""topic::media_communications"",""label"":""Media Communications"",""count"":42},{""node"":""topic::elections_campaigns"",""label"":""Elections Campaigns"",""count"":30},{""node"":""hashtag::trump2016"",""label"":""#trump2016"",""count"":14},{""node"":""mention::realdonaldtrump"",""label"":""@realdonaldtrump"",""count"":9},{""node"":""loc::wisconsin"",""label"":""Wisconsin"",""count"":9},{""node"":""hashtag::makeamericagreatagain"",""label"":""#makeamericagreatagain"",""count"":8},{""node"":""topic::law_justice_crime"",""label"":""Law Justice Crime"",""count"":8},{""node"":""topic::health_public_health"",""label"":""Health Public Health"",""count"":8},{""node"":""topic::foreign_policy_diplomacy"",""label"":""Foreign Policy Diplomacy"",""count"":6},{""node"":""hashtag::wiprimary"",""label"":""#wiprimary"",""count"":6},{""node"":""per::trump"",""label"":""Trump"",""count"":6},{""node"":""topic::immigration_border"",""label"":""Immigration Border"",""count"":5}]"
2016-W14,2016-04-04,2016-04-10,67,67,0,2,65,79,299,14,13,40,Media Communications,topic::media_communications,38,Wisconsin,loc::wisconsin,12,"[{""node"":""topic::media_communications"",""label"":""Media Communications"",""count"":38},{""node"":""topic::elections_campaigns"",""label"":""Elections Campaigns"",""count"":26},{""node"":""mention::realdonaldtrump"",""label"":""@realdonaldtrump"",""count"":24},{""node"":""loc::wisconsin"",""label"":""Wisconsin"",""count"":12},{""node"":""topic::endorsements_appointments"",""label"":""Endorsements Appointments"",""count"":11},{""node"":""hashtag::makeamericagreatagain"",""label"":""#makeamericagreatagain"",""count"":10},{""node"":""per::trump"",""label"":""Trump"",""count"":10},{""node"":""hashtag::trump2016"",""label"":""#trump2016"",""count"":8},{""node"":""topic::health_public_health"",""label"":""Health Public Health"",""count"":8},{""node"":""mention::foxnews"",""label"":""@foxnews"",""count"":6},{""node"":""loc::new york"",""label"":""New York"",""count"":5},{""node"":""hashtag::wiprimary"",""label"":""#wiprimary"",""count"":3}]"
2016-W15,2016-04-11,2016-04-17,56,56,0,0,56,64,237,9,15,32,Elections Campaigns,topic::elections_campaigns,35,New York,loc::new york,9,"[{""node"":""topic::elections_campaigns"",""label"":""Elections Campaigns"",""count"":35},{""node"":""topic::media_communications"",""label"":""Media Communications"",""count"":20},{""node"":""hashtag::trump2016"",""label"":""#trump2016"",""count"":15},{""node"":""hashtag::makeamericagreatagain"",""label"":""#makeamericagreatagain"",""count"":10},{""node"":""loc::new york"",""label"":""New York"",""count"":9},{""node"":""mention::realdonaldtrump"",""label"":""@realdonaldtrump"",""count"":8},{""node"":""topic::health_public_health"",""label"":""Health Public Health"",""count"":8},{""node"":""loc::colorado"",""label"":""Colorado"",""count"":6},{""node"":""per::trump"",""label"":""Trump"",""count"":6},{""node"":""mention::foxnews"",""label"":""@foxnews"",""count"":4},{""node"":""loc::pennsylvania"",""label"":""Pennsylvania"",""count"":4},{""node"":""org::makea"",""label"":""Makea"",""count"":4}]"
2016-W16,2016-04-18,2016-04-24,60,60,0,1,59,72,256,11,10,39,Elections Campaigns,topic::elections_campaigns,36,New York,loc::new york,7,"[{""node"":""topic::elections_campaigns"",""label"":""Elections Campaigns"",""count"":36},{""node"":""topic::media_communications"",""label"":""Media Communications"",""count"":21},{""node"":""hashtag::makeamericagreatagain"",""label"":""#makeamericagreatagain"",""count"":12},{""node"":""hashtag::trump2016"",""label"":""#trump2016"",""count"":11},{""node"":""topic::health_public_health"",""label"":""Health Public Health"",""count"":10},{""node"":""loc::new york"",""label"":""New York"",""count"":7},{""node"":""loc::indiana"",""label"":""Indiana"",""count"":6},{""node"":""org::g"",""label"":""G"",""count"":6},{""node"":""hashtag::trump2016https"",""label"":""#trump2016https"",""count"":6},{""node"":""per::ted cruz"",""label"":""Ted Cruz"",""count"":5},{""node"":""org::makea"",""label"":""Makea"",""count"":5},{""node"":""mention::realdonaldtrump"",""label"":""@realdonaldtrump"",""count"":4}]"
2016-W17,2016-04-25,2016-05-01,78,78,0,5,73,86,336,19,8,51,Elections Campaigns,topic::elections_campaigns,40,Indiana,loc::indiana,15,"[{""node"":""topic::elections_campaigns"",""label"":""Elections Campaigns"",""count"":40},{""node"":""topic::media_communications"",""label"":""Media Communications"",""count"":33},{""node"":""topic::health_public_health"",""label"":""Health Public Health"",""count"":23},{""node"":""loc::indiana"",""label"":""Indiana"",""count"":15},{""node"":""hashtag::trump2016"",""label"":""#trump2016"",""count"":15},{""node"":""topic::energy_environment"",""label"":""Energy Environment"",""count"":8},{""node"":""hashtag::makeamericagreatagain"",""label"":""#makeamericagreatagain"",""count"":8},{""node"":""topic::endorsements_appointments"",""label"":""Endorsements Appointments"",""count"":8},{""node"":""loc::pennsylvania"",""label"":""Pennsylvania"",""count"":7},{""node"":""per::l"",""label"":""L"",""count"":6},{""node"":""hashtag::votetrump"",""label"":""#votetrump"",""count"":5},{""node"":""per::bobby knight"",""label"":""Bobby Knight"",""count"":5}]"
2016-W18,2016-05-02,2016-05-08,66,66,0,2,64,89,321,19,13,34,Media Communications,topic::media_communications,32,Hillary Clinton,per::hillary clinton,7,"[{""node"":""topic::media_communications"",""label"":""Media Communications"",""count"":32},{""node"":""topic::elections_campaigns"",""label"":""Elections Campaigns"",""count"":27},{""node"":""topic::health_public_health"",""label"":""Health Public Health"",""count"":13},{""node"":""hashtag::trump2016"",""label"":""#trump2016"",""count"":8},{""node"":""hashtag::inprimary"",""label"":""#inprimary"",""count"":8},{""node"":""per::hillary clinton"",""label"":""Hillary Clinton"",""count"":7},{""node"":""loc::indiana"",""label"":""Indiana"",""count"":7},{""node"":""per::c"",""label"":""C"",""count"":7},{""node"":""hashtag::votetrump"",""label"":""#votetrump"",""count"":6},{""node"":""per::rook"",""label"":""Rook"",""count"":5},{""node"":""topic::energy_environment"",""label"":""Energy Environment"",""count"":5},{""node"":""topic::foreign_policy_diplomacy"",""label"":""Foreign Policy Diplomacy"",""count"":4}]"
2016-W19,2016-05-09,2016-05-15,74,74,0,4,70,88,322,30,14,30,Media Communications,topic::media_communications,44,Trump,per::trump,10,"[{""node"":""topic::media_communications"",""label"":""Media Communications"",""count"":44},{""node"":""topic::elections_campaigns"",""label"":""Elections Campaigns"",""count"":31},{""node"":""topic::health_public_health"",""label"":""Health Public Health"",""count"":12},{""node"":""per::trump"",""label"":""Trump"",""count"":10},{""node"":""hashtag::trump2016"",""label"":""#trump2016"",""count"":10},{""node"":""mention::nytimes"",""label"":""@nytimes"",""count"":9},{""node"":""mention::realdonaldtrump"",""label"":""@realdonaldtrump"",""count"":8},{""node"":""per::elizabeth warren"",""label"":""Elizabeth Warren"",""count"":8},{""node"":""per::c"",""label"":""C"",""count"":6},{""node"":""per::rook"",""label"":""Rook"",""count"":5},{""node"":""org::cnn"",""label"":""Cnn"",""count"":5},{""node"":""mention::cnn"",""label"":""@cnn"",""count"":5}]"
2016-W20,2016-05-16,2016-05-22,118,118,0,1,117,93,368,54,7,57,Media Communications,topic::media_communications,76,C,per::c,18,"[{""node"":""topic::media_communications"",""label"":""Media Communications"",""count"":76},{""node"":""topic::elections_campaigns"",""label"":""Elections Campaigns"",""count"":30},{""node"":""mention::realdonaldtrump"",""label"":""@realdonaldtrump"",""count"":28},{""node"":""per::c"",""label"":""C"",""count"":18},{""node"":""mention::megynkelly"",""label"":""@megynkelly"",""count"":18},{""node"":""per::trump"",""label"":""Trump"",""count"":17},{""node"":""topic::endorsements_appointments"",""label"":""Endorsements Appointments"",""count"":14},{""node"":""mention::nytimes"",""label"":""@nytimes"",""count"":13},{""node"":""topic::health_public_health"",""label"":""Health Public Health"",""count"":13},{""node"":""per::hillary"",""label"":""Hillary"",""count"":11},{""node"":""per::hillary clinton"",""label"":""Hillary Clinton"",""count"":10},{""node"":""hashtag::trump2016"",""label"":""#trump2016"",""count"":8}]"
2016-W21,2016-05-23,2016-05-29,62,62,0,0,62,67,194,22,4,36,Media Communications,topic::media_communications,34,Hillary,per::hillary,5,"[{""node"":""topic::media_communications"",""label"":""Media Communications"",""count"":34},{""node"":""topic::elections_campaigns"",""label"":""Elections Campaigns"",""count"":13},{""node"":""hashtag::trump2016"",""label"":""#trump2016"",""count"":9},{""node"":""topic::defense_military_veterans"",""label"":""Defense Military Veterans"",""count"":7},{""node"":""topic::health_public_health"",""label"":""Health Public Health"",""count"":6},{""node"":""per::hillary"",""label"":""Hillary"",""count"":5},{""node"":""loc::california"",""label"":""California"",""count"":5},{""node"":""topic::foreign_policy_diplomacy"",""label"":""Foreign Policy Diplomacy"",""count"":5},{""node"":""topic::law_justice_crime"",""label"":""Law Justice Crime"",""count"":5},{""node"":""topic::endorsements_appointments"",""label"":""Endorsements Appointments"",""count"":5},{""node"":""mention::realdonaldtrump"",""label"":""@realdonaldtrump"",""count"":5},{""node"":""per::trump"",""label"":""Trump"",""count"":4}]"
2016-W22,2016-05-30,2016-06-05,78,78,0,2,76,85,282,31,9,38,Media Communications,topic::media_communications,43,Trump,per::trump,11,"[{""node"":""topic::media_communications"",""label"":""Media Communications"",""count"":43},{""node"":""topic::law_justice_crime"",""label"":""Law Justice Crime"",""count"":14},{""node"":""topic::elections_campaigns"",""label"":""Elections Campaigns"",""count"":11},{""node"":""per::trump"",""label"":""Trump"",""count"":11},{""node"":""mention::realdonaldtrump"",""label"":""@realdonaldtrump"",""count"":11},{""node"":""topic::health_public_health"",""label"":""Health Public Health"",""count"":10},{""node"":""topic::defense_military_veterans"",""label"":""Defense Military Veterans"",""count"":9},{""node"":""topic::immigration_border"",""label"":""Immigration Border"",""count"":8},{""node"":""topic::endorsements_appointments"",""label"":""Endorsements Appointments"",""count"":7},{""node"":""per::hillary clinton"",""label"":""Hillary Clinton"",""count"":7},{""node"":""per::c"",""label"":""C"",""count"":6},{""node"":""loc::california"",""label"":""California"",""count"":6}]"
2016-W23,2016-06-06,2016-06-12,78,78,0,2,76,76,242,31,13,34,Media Communications,topic::media_communications,45,C,per::c,8,"[{""node"":""topic::media_communications"",""label"":""Media Communications"",""count"":45},{""node"":""topic::elections_campaigns"",""label"":""Elections Campaigns"",""count"":25},{""node"":""mention::realdonaldtrump"",""label"":""@realdonaldtrump"",""count"":14},{""node"":""topic::endorsements_appointments"",""label"":""Endorsements Appointments"",""count"":10},{""node"":""topic::health_public_health"",""label"":""Health Public Health"",""count"":9},{""node"":""per::c"",""label"":""C"",""count"":8},{""node"":""topic::law_justice_crime"",""label"":""Law Justice Crime"",""count"":8},{""node"":""hashtag::trump2016"",""label"":""#trump2016"",""count"":7},{""node"":""per::hillary clinton"",""label"":""Hillary Clinton"",""count"":5},{""node"":""per::obama"",""label"":""Obama"",""count"":5},{""node"":""hashtag::americafirst"",""label"":""#americafirst"",""count"":5},{""node"":""per::ed hillary"",""label"":""Ed Hillary"",""count"":4}]"
2016-W24,2016-06-13,2016-06-19,58,58,0,5,53,69,215,14,14,30,Media Communications,topic::media_communications,31,Trump,per::trump,7,"[{""node"":""topic::media_communications"",""label"":""Media Communications"",""count"":31},{""node"":""topic::health_public_health"",""label"":""Health Public Health"",""count"":18},{""node"":""topic::elections_campaigns"",""label"":""Elections Campaigns"",""count"":13},{""node"":""hashtag::americafirst"",""label"":""#americafirst"",""count"":10},{""node"":""hashtag::trump2016"",""label"":""#trump2016"",""count"":9},{""node"":""per::trump"",""label"":""Trump"",""count"":7},{""node"":""mention::realdonaldtrump"",""label"":""@realdonaldtrump"",""count"":7},{""node"":""loc::texas"",""label"":""Texas"",""count"":6},{""node"":""topic::energy_environment"",""label"":""Energy Environment"",""count"":5},{""node"":""loc::dallas"",""label"":""Dallas"",""count"":5},{""node"":""topic::immigration_border"",""label"":""Immigration Border"",""count"":4},{""node"":""loc::arizona"",""label"":""Arizona"",""count"":4}]"
2016-W25,2016-06-20,2016-06-26,73,73,0,2,71,65,225,35,17,21,Media Communications,topic::media_communications,44,Hillary Clinton,per::hillary clinton,13,"[{""node"":""topic::media_communications"",""label"":""Media Communications"",""count"":44},{""node"":""per::hillary clinton"",""label"":""Hillary Clinton"",""count"":13},{""node"":""topic::law_justice_crime"",""label"":""Law Justice Crime"",""count"":11},{""node"":""per::hillary"",""label"":""Hillary"",""count"":11},{""node"":""topic::foreign_policy_diplomacy"",""label"":""Foreign Policy Diplomacy"",""count"":11},{""node"":""topic::immigration_border"",""label"":""Immigration Border"",""count"":11},{""node"":""topic::elections_campaigns"",""label"":""Elections Campaigns"",""count"":10},{""node"":""topic::health_public_health"",""label"":""Health Public Health"",""count"":8},{""node"":""per::obama"",""label"":""Obama"",""count"":7},{""node"":""per::c"",""label"":""C"",""count"":6},{""node"":""per::clinton"",""label"":""Clinton"",""count"":6},{""node"":""mention::realdonaldtrump"",""label"":""@realdonaldtrump"",""count"":6}]"
2016-W26,2016-06-27,2016-07-03,70,70,0,2,68,83,278,30,19,21,Media Communications,topic::media_communications,37,Hillary Clinton,per::hillary clinton,7,"[{""node"":""topic::media_communications"",""label"":""Media Communications"",""count"":37},{""node"":""topic::law_justice_crime"",""label"":""Law Justice Crime"",""count"":16},{""node"":""topic::health_public_health"",""label"":""Health Public Health"",""count"":15},{""node"":""topic::elections_campaigns"",""label"":""Elections Campaigns"",""count"":10},{""node"":""hashtag::americafirst"",""label"":""#americafirst"",""count"":8},{""node"":""per::hillary clinton"",""label"":""Hillary Clinton"",""count"":7},{""node"":""topic::foreign_policy_diplomacy"",""label"":""Foreign Policy Diplomacy"",""count"":7},{""node"":""per::hillary"",""label"":""Hillary"",""count"":6},{""node"":""mention::realdonaldtrump"",""label"":""@realdonaldtrump"",""count"":6},{""node"":""hashtag::imwithyou"",""label"":""#imwithyou"",""count"":6},{""node"":""per::trump"",""label"":""Trump"",""count"":5},{""node"":""per::c"",""label"":""C"",""count"":5}]"
2016-W27,2016-07-04,2016-07-10,52,52,0,0,52,63,183,31,3,18,Media Communications,topic::media_communications,26,C,per::c,10,"[{""node"":""topic::media_communications"",""label"":""Media Communications"",""count"":26},{""node"":""topic::law_justice_crime"",""label"":""Law Justice Crime"",""count"":17},{""node"":""per::c"",""label"":""C"",""count"":10},{""node"":""topic::health_public_health"",""label"":""Health Public Health"",""count"":9},{""node"":""per::hillary clinton"",""label"":""Hillary Clinton"",""count"":9},{""node"":""topic::elections_campaigns"",""label"":""Elections Campaigns"",""count"":8},{""node"":""per::rook"",""label"":""Rook"",""count"":7},{""node"":""per::ed hillary"",""label"":""Ed Hillary"",""count"":6},{""node"":""per::obama"",""label"":""Obama"",""count"":5},{""node"":""hashtag::trump2016"",""label"":""#trump2016"",""count"":4},{""node"":""hashtag::americafirst"",""label"":""#americafirst"",""count"":3},{""node"":""org::foxnews"",""label"":""Foxnews"",""count"":3}]"
2016-W28,2016-07-11,2016-07-17,69,69,0,0,69,79,280,40,7,22,Media Communications,topic::media_communications,27,C,per::c,11,"[{""node"":""topic::media_communications"",""label"":""Media Communications"",""count"":27},{""node"":""topic::elections_campaigns"",""label"":""Elections Campaigns"",""count"":24},{""node"":""topic::law_justice_crime"",""label"":""Law Justice Crime"",""count"":12},{""node"":""topic::health_public_health"",""label"":""Health Public Health"",""count"":12},{""node"":""topic::endorsements_appointments"",""label"":""Endorsements Appointments"",""count"":12},{""node"":""per::c"",""label"":""C"",""count"":11},{""node"":""per::hillary clinton"",""label"":""Hillary Clinton"",""count"":8},{""node"":""hashtag::imwithyou"",""label"":""#imwithyou"",""count"":6},{""node"":""hashtag::crookedhillary"",""label"":""#crookedhillary"",""count"":5},{""node"":""topic::foreign_policy_diplomacy"",""label"":""Foreign Policy Diplomacy"",""count"":5},{""node"":""per::hillary"",""label"":""Hillary"",""count"":5},{""node"":""hashtag::trump2016"",""label"":""#trump2016"",""count"":4}]"
2016-W29,2016-07-18,2016-07-24,88,88,0,1,87,89,301,30,13,45,Media Communications,topic::media_communications,41,Bernie Sanders,per::bernie sanders,8,"[{""node"":""topic::media_communications"",""label"":""Media Communications"",""count"":41},{""node"":""topic::elections_campaigns"",""label"":""Elections Campaigns"",""count"":28},{""node"":""topic::endorsements_appointments"",""label"":""Endorsements Appointments"",""count"":20},{""node"":""hashtag::rncincle"",""label"":""#rncincle"",""count"":12},{""node"":""topic::health_public_health"",""label"":""Health Public Health"",""count"":9},{""node"":""per::bernie sanders"",""label"":""Bernie Sanders"",""count"":8},{""node"":""mention::realdonaldtrump"",""label"":""@realdonaldtrump"",""count"":5},{""node"":""hashtag::americafirst"",""label"":""#americafirst"",""count"":5},{""node"":""per::c"",""label"":""C"",""count"":5},{""node"":""per::rook"",""label"":""Rook"",""count"":5},{""node"":""per::kai"",""label"":""Kai"",""count"":4},{""node"":""per::bernie"",""label"":""Bernie"",""count"":4}]"
2016-W30,2016-07-25,2016-07-31,137,137,0,3,134,120,491,79,21,37,Media Communications,topic::media_communications,69,C,per::c,16,"[{""node"":""topic::media_communications"",""label"":""Media Communications"",""count"":69},{""node"":""topic::elections_campaigns"",""label"":""Elections Campaigns"",""count"":37},{""node"":""topic::health_public_health"",""label"":""Health Public Health"",""count"":28},{""node"":""topic::law_justice_crime"",""label"":""Law Justice Crime"",""count"":18},{""node"":""per::c"",""label"":""C"",""count"":16},{""node"":""per::hillary clinton"",""label"":""Hillary Clinton"",""count"":15},{""node"":""per::hillary"",""label"":""Hillary"",""count"":13},{""node"":""per::bernie"",""label"":""Bernie"",""count"":10},{""node"":""per::ed hillary"",""label"":""Ed Hillary"",""count"":9},{""node"":""per::rook"",""label"":""Rook"",""count"":8},{""node"":""topic::energy_environment"",""label"":""Energy Environment"",""count"":8},{""node"":""hashtag::makeamericagreatagain"",""label"":""#makeamericagreatagain"",""count"":7}]"
2016-W31,2016-08-01,2016-08-07,103,103,0,6,97,88,326,37,27,39,Media Communications,topic::media_communications,52,Cnn,org::cnn,10,"[{""node"":""topic::media_communications"",""label"":""Media Communications"",""count"":52},{""node"":""topic::elections_campaigns"",""label"":""Elections Campaigns"",""count"":27},{""node"":""topic::law_justice_crime"",""label"":""Law Justice Crime"",""count"":21},{""node"":""topic::health_public_health"",""label"":""Health Public Health"",""count"":15},{""node"":""topic::endorsements_appointments"",""label"":""Endorsements Appointments"",""count"":11},{""node"":""org::cnn"",""label"":""Cnn"",""count"":10},{""node"":""per::hillary clinton"",""label"":""Hillary Clinton"",""count"":10},{""node"":""hashtag::maga"",""label"":""#maga"",""count"":9},{""node"":""topic::foreign_policy_diplomacy"",""label"":""Foreign Policy Diplomacy"",""count"":8},{""node"":""hashtag::crookedhillary"",""label"":""#crookedhillary"",""count"":8},{""node"":""per::hillary"",""label"":""Hillary"",""count"":8},{""node"":""per::c"",""label"":""C"",""count"":6}]"
2016-W32,2016-08-08,2016-08-14,82,82,0,6,76,87,270,29,14,39,Media Communications,topic::media_communications,64,Nyc,loc::nyc,6,"[{""node"":""topic::media_communications"",""label"":""Media Communications"",""count"":64},{""node"":""topic::health_public_health"",""label"":""Health Public Health"",""count"":20},{""node"":""topic::endorsements_appointments"",""label"":""Endorsements Appointments"",""count"":12},{""node"":""topic::law_justice_crime"",""label"":""Law Justice Crime"",""count"":10},{""node"":""topic::energy_environment"",""label"":""Energy Environment"",""count"":8},{""node"":""hashtag::makeamericagreatagain"",""label"":""#makeamericagreatagain"",""count"":7},{""node"":""topic::elections_campaigns"",""label"":""Elections Campaigns"",""count"":7},{""node"":""mention::realdonaldtrump"",""label"":""@realdonaldtrump"",""count"":6},{""node"":""loc::nyc"",""label"":""Nyc"",""count"":6},{""node"":""loc::trump tower"",""label"":""Trump Tower"",""count"":6},{""node"":""per::eric trump"",""label"":""Eric Trump"",""count"":6},{""node"":""per::trump"",""label"":""Trump"",""count"":5}]"
2016-W33,2016-08-15,2016-08-21,43,43,0,0,43,55,158,8,12,23,Media Communications,topic::media_communications,22,Foxnews,org::foxnews,3,"[{""node"":""topic::media_communications"",""label"":""Media Communications"",""count"":22},{""node"":""topic::health_public_health"",""label"":""Health Public Health"",""count"":13},{""node"":""topic::endorsements_appointments"",""label"":""Endorsements Appointments"",""count"":7},{""node"":""topic::elections_campaigns"",""label"":""Elections Campaigns"",""count"":5},{""node"":""topic::defense_military_veterans"",""label"":""Defense Military Veterans"",""count"":4},{""node"":""topic::law_justice_crime"",""label"":""Law Justice Crime"",""count"":4},{""node"":""hashtag::makeamericagreatagain"",""label"":""#makeamericagreatagain"",""count"":4},{""node"":""hashtag::imwithyouhttps"",""label"":""#imwithyouhttps"",""count"":4},{""node"":""mention::seanhannity"",""label"":""@seanhannity"",""count"":3},{""node"":""org::foxnews"",""label"":""Foxnews"",""count"":3},{""node"":""mention::foxnews"",""label"":""@foxnews"",""count"":3},{""node"":""loc::americ"",""label"":""Americ"",""count"":3}]"
2016-W34,2016-08-22,2016-08-28,75,75,0,1,74,95,335,28,18,29,Media Communications,topic::media_communications,42,Hillary Clinton,per::hillary clinton,8,"[{""node"":""topic::media_communications"",""label"":""Media Communications"",""count"":42},{""node"":""topic::health_public_health"",""label"":""Health Public Health"",""count"":29},{""node"":""topic::elections_campaigns"",""label"":""Elections Campaigns"",""count"":17},{""node"":""topic::law_justice_crime"",""label"":""Law Justice Crime"",""count"":12},{""node"":""per::hillary clinton"",""label"":""Hillary Clinton"",""count"":8},{""node"":""per::hillary"",""label"":""Hillary"",""count"":6},{""node"":""mention::realdonaldtrump"",""label"":""@realdonaldtrump"",""count"":6},{""node"":""topic::energy_environment"",""label"":""Energy Environment"",""count"":6},{""node"":""topic::immigration_border"",""label"":""Immigration Border"",""count"":6},{""node"":""loc::texas"",""label"":""Texas"",""count"":5},{""node"":""mention::morning_joe"",""label"":""@morning_joe"",""count"":4},{""node"":""mention::foxnews"",""label"":""@foxnews"",""count"":4}]"
2016-W35,2016-08-29,2016-09-04,56,56,0,5,51,77,265,21,7,28,Media Communications,topic::media_communications,32,C,per::c,6,"[{""node"":""topic::media_communications"",""label"":""Media Communications"",""count"":32},{""node"":""topic::elections_campaigns"",""label"":""Elections Campaigns"",""count"":10},{""node"":""topic::health_public_health"",""label"":""Health Public Health"",""count"":10},{""node"":""topic::immigration_border"",""label"":""Immigration Border"",""count"":9},{""node"":""topic::law_justice_crime"",""label"":""Law Justice Crime"",""count"":8},{""node"":""topic::endorsements_appointments"",""label"":""Endorsements Appointments"",""count"":7},{""node"":""per::c"",""label"":""C"",""count"":6},{""node"":""hashtag::imwithyou"",""label"":""#imwithyou"",""count"":6},{""node"":""loc::mexico"",""label"":""Mexico"",""count"":6},{""node"":""per::rook"",""label"":""Rook"",""count"":5},{""node"":""mention::realdonaldtrump"",""label"":""@realdonaldtrump"",""count"":5},{""node"":""loc::arizona"",""label"":""Arizona"",""count"":5}]"
2016-W36,2016-09-05,2016-09-11,65,65,0,3,62,81,270,23,9,33,Media Communications,topic::media_communications,38,Hillary,per::hillary,6,"[{""node"":""topic::media_communications"",""label"":""Media Communications"",""count"":38},{""node"":""topic::elections_campaigns"",""label"":""Elections Campaigns"",""count"":15},{""node"":""hashtag::americafirst"",""label"":""#americafirst"",""count"":10},{""node"":""topic::defense_military_veterans"",""label"":""Defense Military Veterans"",""count"":9},{""node"":""topic::health_public_health"",""label"":""Health Public Health"",""count"":9},{""node"":""mention::realdonaldtrump"",""label"":""@realdonaldtrump"",""count"":7},{""node"":""per::hillary"",""label"":""Hillary"",""count"":6},{""node"":""topic::foreign_policy_diplomacy"",""label"":""Foreign Policy Diplomacy"",""count"":5},{""node"":""topic::endorsements_appointments"",""label"":""Endorsements Appointments"",""count"":5},{""node"":""hashtag::imwithyou"",""label"":""#imwithyou"",""count"":5},{""node"":""org::cnn"",""label"":""Cnn"",""count"":5},{""node"":""per::hillary clinton"",""label"":""Hillary Clinton"",""count"":5}]"
2016-W37,2016-09-12,2016-09-18,62,62,0,5,57,76,205,15,8,39,Media Communications,topic::media_communications,46,America,loc::america,4,"[{""node"":""topic::media_communications"",""label"":""Media Communications"",""count"":46},{""node"":""topic::health_public_health"",""label"":""Health Public Health"",""count"":22},{""node"":""topic::energy_environment"",""label"":""Energy Environment"",""count"":8},{""node"":""hashtag::maga"",""label"":""#maga"",""count"":6},{""node"":""mention::realdonaldtrump"",""label"":""@realdonaldtrump"",""count"":6},{""node"":""topic::elections_campaigns"",""label"":""Elections Campaigns"",""count"":6},{""node"":""topic::law_justice_crime"",""label"":""Law Justice Crime"",""count"":6},{""node"":""topic::defense_military_veterans"",""label"":""Defense Military Veterans"",""count"":4},{""node"":""topic::endorsements_appointments"",""label"":""Endorsements Appointments"",""count"":4},{""node"":""loc::america"",""label"":""America"",""count"":4},{""node"":""mention::foxandfriends"",""label"":""@foxandfriends"",""count"":3},{""node"":""loc::iowa"",""label"":""Iowa"",""count"":3}]"
2016-W38,2016-09-19,2016-09-25,49,49,0,2,47,58,172,12,10,27,Media Communications,topic::media_communications,29,Hillary,per::hillary,5,"[{""node"":""topic::media_communications"",""label"":""Media Communications"",""count"":29},{""node"":""topic::health_public_health"",""label"":""Health Public Health"",""count"":14},{""node"":""topic::elections_campaigns"",""label"":""Elections Campaigns"",""count"":11},{""node"":""topic::foreign_policy_diplomacy"",""label"":""Foreign Policy Diplomacy"",""count"":5},{""node"":""topic::law_justice_crime"",""label"":""Law Justice Crime"",""count"":5},{""node"":""per::hillary"",""label"":""Hillary"",""count"":5},{""node"":""topic::energy_environment"",""label"":""Energy Environment"",""count"":4},{""node"":""per::hillary clinton"",""label"":""Hillary Clinton"",""count"":4},{""node"":""loc::north carolina"",""label"":""North Carolina"",""count"":4},{""node"":""loc::r"",""label"":""R"",""count"":4},{""node"":""loc::virginia"",""label"":""Virginia"",""count"":4},{""node"":""mention::foxandfriends"",""label"":""@foxandfriends"",""count"":3}]"
2016-W39,2016-09-26,2016-10-02,98,98,0,11,87,113,435,33,21,44,Media Communications,topic::media_communications,59,Hillary,per::hillary,9,"[{""node"":""topic::media_communications"",""label"":""Media Communications"",""count"":59},{""node"":""topic::elections_campaigns"",""label"":""Elections Campaigns"",""count"":31},{""node"":""topic::health_public_health"",""label"":""Health Public Health"",""count"":15},{""node"":""mention::hillaryclinton"",""label"":""@hillaryclinton"",""count"":11},{""node"":""hashtag::debates2016"",""label"":""#debates2016"",""count"":11},{""node"":""hashtag::maga"",""label"":""#maga"",""count"":11},{""node"":""mention::realdonaldtrump"",""label"":""@realdonaldtrump"",""count"":10},{""node"":""hashtag::debatenight"",""label"":""#debatenight"",""count"":10},{""node"":""per::hillary"",""label"":""Hillary"",""count"":9},{""node"":""mention::teamtrump"",""label"":""@teamtrump"",""count"":8},{""node"":""hashtag::americafirst"",""label"":""#americafirst"",""count"":8},{""node"":""org::hillaryclinton"",""label"":""Hillaryclinton"",""count"":7}]"
2016-W40,2016-10-03,2016-10-09,104,104,0,17,87,92,367,33,29,42,Media Communications,topic::media_communications,60,Kai,per::kai,7,"[{""node"":""topic::media_communications"",""label"":""Media Communications"",""count"":60},{""node"":""topic::elections_campaigns"",""label"":""Elections Campaigns"",""count"":41},{""node"":""topic::health_public_health"",""label"":""Health Public Health"",""count"":23},{""node"":""mention::realdonaldtrump"",""label"":""@realdonaldtrump"",""count"":22},{""node"":""hashtag::vpdebate"",""label"":""#vpdebate"",""count"":18},{""node"":""mention::mike_pence"",""label"":""@mike_pence"",""count"":15},{""node"":""topic::endorsements_appointments"",""label"":""Endorsements Appointments"",""count"":14},{""node"":""mention::timkaine"",""label"":""@timkaine"",""count"":11},{""node"":""topic::law_justice_crime"",""label"":""Law Justice Crime"",""count"":10},{""node"":""mention::teamtrump"",""label"":""@teamtrump"",""count"":9},{""node"":""hashtag::bigleaguetruth"",""label"":""#bigleaguetruth"",""count"":7},{""node"":""per::kai"",""label"":""Kai"",""count"":7}]"
2016-W41,2016-10-10,2016-10-16,133,133,0,21,112,117,533,67,29,37,Media Communications,topic::media_communications,80,Hillary Clinton,per::hillary clinton,10,"[{""node"":""topic::media_communications"",""label"":""Media Communications"",""count"":80},{""node"":""topic::elections_campaigns"",""label"":""Elections Campaigns"",""count"":38},{""node"":""topic::health_public_health"",""label"":""Health Public Health"",""count"":33},{""node"":""topic::law_justice_crime"",""label"":""Law Justice Crime"",""count"":20},{""node"":""hashtag::bigleaguetruth"",""label"":""#bigleaguetruth"",""count"":19},{""node"":""mention::hillaryclinton"",""label"":""@hillaryclinton"",""count"":17},{""node"":""hashtag::debate"",""label"":""#debate"",""count"":15},{""node"":""mention::teamtrump"",""label"":""@teamtrump"",""count"":14},{""node"":""hashtag::debates2016"",""label"":""#debates2016"",""count"":11},{""node"":""mention::realdonaldtrump"",""label"":""@realdonaldtrump"",""count"":11},{""node"":""per::hillary clinton"",""label"":""Hillary Clinton"",""count"":10},{""node"":""hashtag::debates"",""label"":""#debates"",""count"":9}]"
2016-W42,2016-10-17,2016-10-23,183,183,0,0,183,121,531,80,62,41,Media Communications,topic::media_communications,71,Clinton,per::clinton,17,"[{""node"":""topic::media_communications"",""label"":""Media Communications"",""count"":71},{""node"":""topic::elections_campaigns"",""label"":""Elections Campaigns"",""count"":56},{""node"":""hashtag::draintheswamp"",""label"":""#draintheswamp"",""count"":48},{""node"":""topic::law_justice_crime"",""label"":""Law Justice Crime"",""count"":37},{""node"":""topic::health_public_health"",""label"":""Health Public Health"",""count"":36},{""node"":""hashtag::debate"",""label"":""#debate"",""count"":29},{""node"":""hashtag::bigleaguetruth"",""label"":""#bigleaguetruth"",""count"":29},{""node"":""per::clinton"",""label"":""Clinton"",""count"":17},{""node"":""per::hillary"",""label"":""Hillary"",""count"":17},{""node"":""topic::energy_environment"",""label"":""Energy Environment"",""count"":14},{""node"":""topic::foreign_policy_diplomacy"",""label"":""Foreign Policy Diplomacy"",""count"":14},{""node"":""mention::hillaryclinton"",""label"":""@hillaryclinton"",""count"":13}]"
2016-W43,2016-10-24,2016-10-30,90,90,0,3,87,94,351,25,26,39,Media Communications,topic::media_communications,46,Florida,loc::florida,10,"[{""node"":""topic::media_communications"",""label"":""Media Communications"",""count"":46},{""node"":""topic::health_public_health"",""label"":""Health Public Health"",""count"":30},{""node"":""topic::elections_campaigns"",""label"":""Elections Campaigns"",""count"":25},{""node"":""hashtag::draintheswamp"",""label"":""#draintheswamp"",""count"":14},{""node"":""topic::law_justice_crime"",""label"":""Law Justice Crime"",""count"":12},{""node"":""loc::florida"",""label"":""Florida"",""count"":10},{""node"":""per::clinton"",""label"":""Clinton"",""count"":9},{""node"":""hashtag::icymi"",""label"":""#icymi"",""count"":6},{""node"":""loc::arizona"",""label"":""Arizona"",""count"":6},{""node"":""org::fbi"",""label"":""Fbi"",""count"":5},{""node"":""hashtag::maga"",""label"":""#maga"",""count"":5},{""node"":""topic::congress_governance"",""label"":""Congress Governance"",""count"":5}]"
2016-W44,2016-10-31,2016-11-06,78,78,0,6,72,99,369,16,29,33,Media Communications,topic::media_communications,42,Clinton,per::clinton,7,"[{""node"":""topic::media_communications"",""label"":""Media Communications"",""count"":42},{""node"":""topic::health_public_health"",""label"":""Health Public Health"",""count"":28},{""node"":""topic::law_justice_crime"",""label"":""Law Justice Crime"",""count"":18},{""node"":""topic::elections_campaigns"",""label"":""Elections Campaigns"",""count"":15},{""node"":""hashtag::draintheswamp"",""label"":""#draintheswamp"",""count"":9},{""node"":""topic::energy_environment"",""label"":""Energy Environment"",""count"":7},{""node"":""hashtag::icymi"",""label"":""#icymi"",""count"":7},{""node"":""per::clinton"",""label"":""Clinton"",""count"":7},{""node"":""per::hillary"",""label"":""Hillary"",""count"":6},{""node"":""topic::endorsements_appointments"",""label"":""Endorsements Appointments"",""count"":6},{""node"":""loc::pennsylvania"",""label"":""Pennsylvania"",""count"":6},{""node"":""loc::michigan"",""label"":""Michigan"",""count"":5}]"
2016-W45,2016-11-07,2016-11-13,48,48,0,5,43,61,166,7,7,34,Media Communications,topic::media_communications,27,Michigan,loc::michigan,4,"[{""node"":""topic::media_communications"",""label"":""Media Communications"",""count"":27},{""node"":""topic::elections_campaigns"",""label"":""Elections Campaigns"",""count"":19},{""node"":""topic::health_public_health"",""label"":""Health Public Health"",""count"":13},{""node"":""hashtag::maga"",""label"":""#maga"",""count"":5},{""node"":""loc::michigan"",""label"":""Michigan"",""count"":4},{""node"":""loc::new hampshire"",""label"":""New Hampshire"",""count"":4},{""node"":""topic::energy_environment"",""label"":""Energy Environment"",""count"":3},{""node"":""loc::pennsylvania"",""label"":""Pennsylvania"",""count"":3},{""node"":""per::trump"",""label"":""Trump"",""count"":3},{""node"":""topic::foreign_policy_diplomacy"",""label"":""Foreign Policy Diplomacy"",""count"":3},{""node"":""topic::defense_military_veterans"",""label"":""Defense Military Veterans"",""count"":3},{""node"":""topic::endorsements_appointments"",""label"":""Endorsements Appointments"",""count"":3}]"
2016-W46,2016-11-14,2016-11-20,21,21,0,1,20,33,69,6,6,9,Media Communications,topic::media_communications,10,Mike Pence,per::mike pence,3,"[{""node"":""topic::media_communications"",""label"":""Media Communications"",""count"":10},{""node"":""topic::endorsements_appointments"",""label"":""Endorsements Appointments"",""count"":7},{""node"":""mention::nytimes"",""label"":""@nytimes"",""count"":3},{""node"":""topic::law_justice_crime"",""label"":""Law Justice Crime"",""count"":3},{""node"":""per::mike pence"",""label"":""Mike Pence"",""count"":3},{""node"":""topic::health_public_health"",""label"":""Health Public Health"",""count"":2},{""node"":""topic::elections_campaigns"",""label"":""Elections Campaigns"",""count"":2},{""node"":""loc::kentucky"",""label"":""Kentucky"",""count"":2},{""node"":""per::trump"",""label"":""Trump"",""count"":2},{""node"":""loc::california"",""label"":""California"",""count"":1},{""node"":""loc::n"",""label"":""N"",""count"":1},{""node"":""org::electoral college"",""label"":""Electoral College"",""count"":1}]"
2016-W47,2016-11-21,2016-11-27,28,28,0,0,28,26,40,13,6,9,Media Communications,topic::media_communications,15,United States,loc::united states,1,"[{""node"":""topic::media_communications"",""label"":""Media Communications"",""count"":15},{""node"":""topic::health_public_health"",""label"":""Health Public Health"",""count"":6},{""node"":""topic::endorsements_appointments"",""label"":""Endorsements Appointments"",""count"":5},{""node"":""topic::law_justice_crime"",""label"":""Law Justice Crime"",""count"":5},{""node"":""mention::nytimes"",""label"":""@nytimes"",""count"":4},{""node"":""topic::elections_campaigns"",""label"":""Elections Campaigns"",""count"":3},{""node"":""topic::foreign_policy_diplomacy"",""label"":""Foreign Policy Diplomacy"",""count"":2},{""node"":""loc::united states"",""label"":""United States"",""count"":1},{""node"":""loc::trump tower"",""label"":""Trump Tower"",""count"":1},{""node"":""org::cia"",""label"":""Cia"",""count"":1},{""node"":""per::donald j. trump"",""label"":""Donald J. Trump"",""count"":1},{""node"":""per::jeff sessions"",""label"":""Jeff Sessions"",""count"":1}]"
2016-W48,2016-11-28,2016-12-04,48,48,0,2,46,61,196,20,12,16,Media Communications,topic::media_communications,25,U. S,loc::u. s,6,"[{""node"":""topic::media_communications"",""label"":""Media Communications"",""count"":25},{""node"":""topic::law_justice_crime"",""label"":""Law Justice Crime"",""count"":8},{""node"":""topic::energy_environment"",""label"":""Energy Environment"",""count"":8},{""node"":""topic::endorsements_appointments"",""label"":""Endorsements Appointments"",""count"":7},{""node"":""topic::health_public_health"",""label"":""Health Public Health"",""count"":7},{""node"":""topic::foreign_policy_diplomacy"",""label"":""Foreign Policy Diplomacy"",""count"":6},{""node"":""loc::u. s"",""label"":""U. S"",""count"":6},{""node"":""org::cnn"",""label"":""Cnn"",""count"":5},{""node"":""mention::cnn"",""label"":""@cnn"",""count"":5},{""node"":""topic::elections_campaigns"",""label"":""Elections Campaigns"",""count"":4},{""node"":""loc::ohio"",""label"":""Ohio"",""count"":4},{""node"":""loc::indiana"",""label"":""Indiana"",""count"":4}]"
2016-W49,2016-12-05,2016-12-11,33,33,0,2,31,61,183,6,10,17,Media Communications,topic::media_communications,19,North Carolina,loc::north carolina,4,"[{""node"":""topic::media_communications"",""label"":""Media Communications"",""count"":19},{""node"":""topic::endorsements_appointments"",""label"":""Endorsements Appointments"",""count"":8},{""node"":""topic::health_public_health"",""label"":""Health Public Health"",""count"":7},{""node"":""hashtag::thankyoutour2016"",""label"":""#thankyoutour2016"",""count"":5},{""node"":""topic::elections_campaigns"",""label"":""Elections Campaigns"",""count"":5},{""node"":""loc::north carolina"",""label"":""North Carolina"",""count"":4},{""node"":""loc::faye"",""label"":""Faye"",""count"":3},{""node"":""loc::tteville"",""label"":""Tteville"",""count"":3},{""node"":""loc::u. s"",""label"":""U. S"",""count"":3},{""node"":""mention::mike_pence"",""label"":""@mike_pence"",""count"":3},{""node"":""topic::law_justice_crime"",""label"":""Law Justice Crime"",""count"":2},{""node"":""topic::defense_military_veterans"",""label"":""Defense Military Veterans"",""count"":2}]"
2016-W50,2016-12-12,2016-12-18,36,36,0,2,34,53,148,11,8,17,Media Communications,topic::media_communications,23,Alabama,loc::alabama,7,"[{""node"":""topic::media_communications"",""label"":""Media Communications"",""count"":23},{""node"":""topic::endorsements_appointments"",""label"":""Endorsements Appointments"",""count"":9},{""node"":""loc::alabama"",""label"":""Alabama"",""count"":7},{""node"":""loc::mobile"",""label"":""Mobile"",""count"":6},{""node"":""hashtag::thankyoutour2016"",""label"":""#thankyoutour2016"",""count"":6},{""node"":""topic::elections_campaigns"",""label"":""Elections Campaigns"",""count"":4},{""node"":""loc::wisconsin"",""label"":""Wisconsin"",""count"":4},{""node"":""topic::foreign_policy_diplomacy"",""label"":""Foreign Policy Diplomacy"",""count"":4},{""node"":""topic::law_justice_crime"",""label"":""Law Justice Crime"",""count"":3},{""node"":""loc::orlando"",""label"":""Orlando"",""count"":3},{""node"":""loc::florida"",""label"":""Florida"",""count"":3},{""node"":""loc::russia"",""label"":""Russia"",""count"":2}]"
2016-W51,2016-12-19,2016-12-25,29,29,0,1,28,39,60,15,5,9,Media Communications,topic::media_communications,13,Hillary,per::hillary,4,"[{""node"":""topic::media_communications"",""label"":""Media Communications"",""count"":13},{""node"":""topic::foreign_policy_diplomacy"",""label"":""Foreign Policy Diplomacy"",""count"":5},{""node"":""per::hillary"",""label"":""Hillary"",""count"":4},{""node"":""topic::health_public_health"",""label"":""Health Public Health"",""count"":3},{""node"":""topic::elections_campaigns"",""label"":""Elections Campaigns"",""count"":3},{""node"":""loc::germany"",""label"":""Germany"",""count"":2},{""node"":""mention::realdonaldtrump"",""label"":""@realdonaldtrump"",""count"":2},{""node"":""loc::united states"",""label"":""United States"",""count"":2},{""node"":""loc::israel"",""label"":""Israel"",""count"":2},{""node"":""topic::law_justice_crime"",""label"":""Law Justice Crime"",""count"":2},{""node"":""loc::switzerland"",""label"":""Switzerland"",""count"":1},{""node"":""loc::turkey"",""label"":""Turkey"",""count"":1}]"
2016-W52,2016-12-26,2017-01-01,24,24,0,6,18,39,82,6,4,14,Media Communications,topic::media_communications,17,Obama,per::obama,2,"[{""node"":""topic::media_communications"",""label"":""Media Communications"",""count"":17},{""node"":""topic::health_public_health"",""label"":""Health Public Health"",""count"":4},{""node"":""topic::foreign_policy_diplomacy"",""label"":""Foreign Policy Diplomacy"",""count"":3},{""node"":""mention::donaldjtrumpjr"",""label"":""@donaldjtrumpjr"",""count"":3},{""node"":""per::obama"",""label"":""Obama"",""count"":2},{""node"":""loc::israel"",""label"":""Israel"",""count"":2},{""node"":""mention::realdonaldtrump"",""label"":""@realdonaldtrump"",""count"":2},{""node"":""org::united nations"",""label"":""United Nations"",""count"":1},{""node"":""topic::elections_campaigns"",""label"":""Elections Campaigns"",""count"":1},{""node"":""loc::americ"",""label"":""Americ"",""count"":1},{""node"":""per::donald"",""label"":""Donald"",""count"":1},{""node"":""per::o"",""label"":""O"",""count"":1}]"
2017-W01,2017-01-02,2017-01-08,59,59,0,1,58,74,184,35,9,15,Media Communications,topic::media_communications,32,U. S,loc::u. s,7,"[{""node"":""topic::media_communications"",""label"":""Media Communications"",""count"":32},{""node"":""topic::health_public_health"",""label"":""Health Public Health"",""count"":13},{""node"":""topic::law_justice_crime"",""label"":""Law Justice Crime"",""count"":9},{""node"":""loc::u. s"",""label"":""U. S"",""count"":7},{""node"":""topic::foreign_policy_diplomacy"",""label"":""Foreign Policy Diplomacy"",""count"":6},{""node"":""topic::congress_governance"",""label"":""Congress Governance"",""count"":4},{""node"":""loc::mexico"",""label"":""Mexico"",""count"":4},{""node"":""loc::russia"",""label"":""Russia"",""count"":4},{""node"":""per::trump"",""label"":""Trump"",""count"":3},{""node"":""topic::elections_campaigns"",""label"":""Elections Campaigns"",""count"":3},{""node"":""loc::north korea"",""label"":""North Korea"",""count"":2},{""node"":""topic::economy_trade_taxes"",""label"":""Economy Trade Taxes"",""count"":2}]"
2017-W02,2017-01-09,2017-01-15,44,44,0,1,43,52,94,28,2,14,Media Communications,topic::media_communications,28,Russia,loc::russia,4,"[{""node"":""topic::media_communications"",""label"":""Media Communications"",""count"":28},{""node"":""topic::law_justice_crime"",""label"":""Law Justice Crime"",""count"":8},{""node"":""loc::russia"",""label"":""Russia"",""count"":4},{""node"":""topic::elections_campaigns"",""label"":""Elections Campaigns"",""count"":3},{""node"":""topic::foreign_policy_diplomacy"",""label"":""Foreign Policy Diplomacy"",""count"":3},{""node"":""topic::health_public_health"",""label"":""Health Public Health"",""count"":3},{""node"":""topic::congress_governance"",""label"":""Congress Governance"",""count"":3},{""node"":""loc::mexico"",""label"":""Mexico"",""count"":2},{""node"":""topic::energy_environment"",""label"":""Energy Environment"",""count"":2},{""node"":""loc::michigan"",""label"":""Michigan"",""count"":2},{""node"":""loc::u. s"",""label"":""U. S"",""count"":2},{""node"":""per::trump"",""label"":""Trump"",""count"":2}]"
2017-W03,2017-01-16,2017-01-22,52,52,0,3,49,59,115,9,11,32,Media Communications,topic::media_communications,31,U. S,loc::u. s,4,"[{""node"":""topic::media_communications"",""label"":""Media Communications"",""count"":31},{""node"":""topic::health_public_health"",""label"":""Health Public Health"",""count"":13},{""node"":""topic::endorsements_appointments"",""label"":""Endorsements Appointments"",""count"":5},{""node"":""loc::u. s"",""label"":""U. S"",""count"":4},{""node"":""loc::washington, d. c"",""label"":""Washington, D. C"",""count"":4},{""node"":""mention::realdonaldtrump"",""label"":""@realdonaldtrump"",""count"":3},{""node"":""topic::energy_environment"",""label"":""Energy Environment"",""count"":3},{""node"":""loc::lincoln memorial"",""label"":""Lincoln Memorial"",""count"":3},{""node"":""org::cia"",""label"":""Cia"",""count"":2},{""node"":""org::foxnews"",""label"":""Foxnews"",""count"":2},{""node"":""mention::foxnews"",""label"":""@foxnews"",""count"":2},{""node"":""per::trump"",""label"":""Trump"",""count"":2}]"
2017-W04,2017-01-23,2017-01-29,43,43,0,0,43,58,174,15,9,19,Media Communications,topic::media_communications,24,Mexico,loc::mexico,3,"[{""node"":""topic::media_communications"",""label"":""Media Communications"",""count"":24},{""node"":""topic::health_public_health"",""label"":""Health Public Health"",""count"":18},{""node"":""topic::immigration_border"",""label"":""Immigration Border"",""count"":7},{""node"":""topic::law_justice_crime"",""label"":""Law Justice Crime"",""count"":6},{""node"":""topic::congress_governance"",""label"":""Congress Governance"",""count"":4},{""node"":""topic::foreign_policy_diplomacy"",""label"":""Foreign Policy Diplomacy"",""count"":4},{""node"":""topic::energy_environment"",""label"":""Energy Environment"",""count"":3},{""node"":""topic::endorsements_appointments"",""label"":""Endorsements Appointments"",""count"":3},{""node"":""mention::vp"",""label"":""@vp"",""count"":3},{""node"":""loc::mexico"",""label"":""Mexico"",""count"":3},{""node"":""mention::nytimes"",""label"":""@nytimes"",""count"":3},{""node"":""loc::america"",""label"":""America"",""count"":2}]"
2017-W05,2017-01-30,2017-02-05,44,44,0,0,44,40,92,27,5,12,Law Justice Crime,topic::law_justice_crime,17,U. S,loc::u. s,7,"[{""node"":""topic::law_justice_crime"",""label"":""Law Justice Crime"",""count"":17},{""node"":""topic::media_communications"",""label"":""Media Communications"",""count"":15},{""node"":""topic::immigration_border"",""label"":""Immigration Border"",""count"":10},{""node"":""topic::health_public_health"",""label"":""Health Public Health"",""count"":8},{""node"":""topic::endorsements_appointments"",""label"":""Endorsements Appointments"",""count"":7},{""node"":""topic::foreign_policy_diplomacy"",""label"":""Foreign Policy Diplomacy"",""count"":7},{""node"":""loc::u. s"",""label"":""U. S"",""count"":7},{""node"":""topic::energy_environment"",""label"":""Energy Environment"",""count"":4},{""node"":""loc::iran"",""label"":""Iran"",""count"":4},{""node"":""org::united states supreme court"",""label"":""United States Supreme Court"",""count"":2},{""node"":""loc::australia"",""label"":""Australia"",""count"":2},{""node"":""org::homeland security"",""label"":""Homeland Security"",""count"":2}]"
2017-W06,2017-02-06,2017-02-12,51,51,0,1,50,57,155,26,11,14,Media Communications,topic::media_communications,23,Shin,per::shin,5,"[{""node"":""topic::media_communications"",""label"":""Media Communications"",""count"":23},{""node"":""topic::foreign_policy_diplomacy"",""label"":""Foreign Policy Diplomacy"",""count"":14},{""node"":""topic::endorsements_appointments"",""label"":""Endorsements Appointments"",""count"":9},{""node"":""topic::law_justice_crime"",""label"":""Law Justice Crime"",""count"":8},{""node"":""topic::immigration_border"",""label"":""Immigration Border"",""count"":7},{""node"":""topic::health_public_health"",""label"":""Health Public Health"",""count"":6},{""node"":""per::shin"",""label"":""Shin"",""count"":5},{""node"":""per::abe"",""label"":""Abe"",""count"":5},{""node"":""loc::u. s"",""label"":""U. S"",""count"":4},{""node"":""loc::japan"",""label"":""Japan"",""count"":4},{""node"":""per::zo abe"",""label"":""Zo Abe"",""count"":4},{""node"":""mention::nytimes"",""label"":""@nytimes"",""count"":3}]"
2017-W07,2017-02-13,2017-02-19,39,39,0,0,39,60,188,14,10,15,Media Communications,topic::media_communications,29,Florida,loc::florida,4,"[{""node"":""topic::media_communications"",""label"":""Media Communications"",""count"":29},{""node"":""topic::health_public_health"",""label"":""Health Public Health"",""count"":9},{""node"":""topic::law_justice_crime"",""label"":""Law Justice Crime"",""count"":7},{""node"":""topic::foreign_policy_diplomacy"",""label"":""Foreign Policy Diplomacy"",""count"":5},{""node"":""topic::endorsements_appointments"",""label"":""Endorsements Appointments"",""count"":4},{""node"":""mention::nytimes"",""label"":""@nytimes"",""count"":4},{""node"":""topic::energy_environment"",""label"":""Energy Environment"",""count"":4},{""node"":""loc::florida"",""label"":""Florida"",""count"":4},{""node"":""org::cnn"",""label"":""Cnn"",""count"":3},{""node"":""mention::cnn"",""label"":""@cnn"",""count"":3},{""node"":""org::news"",""label"":""News"",""count"":3},{""node"":""mention::justintrudeau"",""label"":""@justintrudeau"",""count"":2}]"
2017-W08,2017-02-20,2017-02-26,27,27,0,0,27,33,53,10,6,11,Media Communications,topic::media_communications,13,Dnc,org::dnc,3,"[{""node"":""topic::media_communications"",""label"":""Media Communications"",""count"":13},{""node"":""topic::law_justice_crime"",""label"":""Law Justice Crime"",""count"":5},{""node"":""topic::health_public_health"",""label"":""Health Public Health"",""count"":4},{""node"":""topic::endorsements_appointments"",""label"":""Endorsements Appointments"",""count"":4},{""node"":""org::dnc"",""label"":""Dnc"",""count"":3},{""node"":""per::h"",""label"":""H"",""count"":2},{""node"":""topic::elections_campaigns"",""label"":""Elections Campaigns"",""count"":2},{""node"":""per::trump"",""label"":""Trump"",""count"":2},{""node"":""org::fbi"",""label"":""Fbi"",""count"":2},{""node"":""loc::u. s"",""label"":""U. S"",""count"":2},{""node"":""mention::nytimes"",""label"":""@nytimes"",""count"":2},{""node"":""loc::white house"",""label"":""White House"",""count"":2}]"
2017-W09,2017-02-27,2017-03-05,30,30,0,0,30,38,91,12,8,10,Media Communications,topic::media_communications,16,Russia,loc::russia,4,"[{""node"":""topic::media_communications"",""label"":""Media Communications"",""count"":16},{""node"":""topic::law_justice_crime"",""label"":""Law Justice Crime"",""count"":10},{""node"":""topic::health_public_health"",""label"":""Health Public Health"",""count"":4},{""node"":""loc::russia"",""label"":""Russia"",""count"":4},{""node"":""mention::foxandfriends"",""label"":""@foxandfriends"",""count"":3},{""node"":""topic::energy_environment"",""label"":""Energy Environment"",""count"":3},{""node"":""per::jeff sessions"",""label"":""Jeff Sessions"",""count"":3},{""node"":""topic::elections_campaigns"",""label"":""Elections Campaigns"",""count"":3},{""node"":""topic::congress_governance"",""label"":""Congress Governance"",""count"":3},{""node"":""per::elo"",""label"":""Elo"",""count"":3},{""node"":""per::p"",""label"":""P"",""count"":3},{""node"":""per::schum"",""label"":""Schum"",""count"":3}]"
2017-W10,2017-03-06,2017-03-12,27,27,0,4,23,33,73,4,3,20,Media Communications,topic::media_communications,14,Trump,per::trump,2,"[{""node"":""topic::media_communications"",""label"":""Media Communications"",""count"":14},{""node"":""topic::health_public_health"",""label"":""Health Public Health"",""count"":10},{""node"":""topic::energy_environment"",""label"":""Energy Environment"",""count"":5},{""node"":""mention::foxandfriends"",""label"":""@foxandfriends"",""count"":3},{""node"":""mention::whitehouse"",""label"":""@whitehouse"",""count"":3},{""node"":""per::trump"",""label"":""Trump"",""count"":2},{""node"":""loc::america"",""label"":""America"",""count"":2},{""node"":""per::obama"",""label"":""Obama"",""count"":2},{""node"":""hashtag::maga"",""label"":""#maga"",""count"":2},{""node"":""loc::usa"",""label"":""Usa"",""count"":1},{""node"":""topic::law_justice_crime"",""label"":""Law Justice Crime"",""count"":1},{""node"":""org::administration"",""label"":""Administration"",""count"":1}]"
2017-W11,2017-03-13,2017-03-19,33,33,0,6,27,57,145,6,7,20,Media Communications,topic::media_communications,23,Nashville,loc::nashville,3,"[{""node"":""topic::media_communications"",""label"":""Media Communications"",""count"":23},{""node"":""topic::health_public_health"",""label"":""Health Public Health"",""count"":13},{""node"":""topic::foreign_policy_diplomacy"",""label"":""Foreign Policy Diplomacy"",""count"":4},{""node"":""topic::congress_governance"",""label"":""Congress Governance"",""count"":3},{""node"":""loc::nashville"",""label"":""Nashville"",""count"":3},{""node"":""loc::tennessee"",""label"":""Tennessee"",""count"":3},{""node"":""mention::vp"",""label"":""@vp"",""count"":2},{""node"":""topic::endorsements_appointments"",""label"":""Endorsements Appointments"",""count"":2},{""node"":""loc::america"",""label"":""America"",""count"":2},{""node"":""topic::law_justice_crime"",""label"":""Law Justice Crime"",""count"":2},{""node"":""mention::foxnews"",""label"":""@foxnews"",""count"":2},{""node"":""mention::whitehouse"",""label"":""@whitehouse"",""count"":2}]"
2017-W12,2017-03-20,2017-03-26,28,28,0,2,26,43,90,7,6,15,Media Communications,topic::media_communications,12,Russia,loc::russia,2,"[{""node"":""topic::media_communications"",""label"":""Media Communications"",""count"":12},{""node"":""topic::health_public_health"",""label"":""Health Public Health"",""count"":10},{""node"":""topic::congress_governance"",""label"":""Congress Governance"",""count"":4},{""node"":""topic::law_justice_crime"",""label"":""Law Justice Crime"",""count"":3},{""node"":""topic::energy_environment"",""label"":""Energy Environment"",""count"":3},{""node"":""loc::russia"",""label"":""Russia"",""count"":2},{""node"":""topic::elections_campaigns"",""label"":""Elections Campaigns"",""count"":2},{""node"":""org::fbi"",""label"":""Fbi"",""count"":2},{""node"":""topic::defense_military_veterans"",""label"":""Defense Military Veterans"",""count"":2},{""node"":""loc::kentucky"",""label"":""Kentucky"",""count"":2},{""node"":""hashtag::maga"",""label"":""#maga"",""count"":2},{""node"":""mention::mitchellvii"",""label"":""@mitchellvii"",""count"":2}]"
2017-W13,2017-03-27,2017-04-02,43,43,0,1,42,65,183,16,8,19,Media Communications,topic::media_communications,22,Russia,loc::russia,7,"[{""node"":""topic::media_communications"",""label"":""Media Communications"",""count"":22},{""node"":""topic::health_public_health"",""label"":""Health Public Health"",""count"":13},{""node"":""loc::russia"",""label"":""Russia"",""count"":7},{""node"":""topic::endorsements_appointments"",""label"":""Endorsements Appointments"",""count"":5},{""node"":""topic::foreign_policy_diplomacy"",""label"":""Foreign Policy Diplomacy"",""count"":4},{""node"":""topic::congress_governance"",""label"":""Congress Governance"",""count"":4},{""node"":""mention::nytimes"",""label"":""@nytimes"",""count"":4},{""node"":""topic::law_justice_crime"",""label"":""Law Justice Crime"",""count"":3},{""node"":""mention::whitehouse"",""label"":""@whitehouse"",""count"":3},{""node"":""topic::energy_environment"",""label"":""Energy Environment"",""count"":3},{""node"":""per::jim"",""label"":""Jim"",""count"":3},{""node"":""per::jordan"",""label"":""Jordan"",""count"":3}]"
2017-W14,2017-04-03,2017-04-09,23,23,0,2,21,38,99,2,6,15,Media Communications,topic::media_communications,12,Egypt,loc::egypt,3,"[{""node"":""topic::media_communications"",""label"":""Media Communications"",""count"":12},{""node"":""topic::foreign_policy_diplomacy"",""label"":""Foreign Policy Diplomacy"",""count"":8},{""node"":""mention::whitehouse"",""label"":""@whitehouse"",""count"":5},{""node"":""topic::law_justice_crime"",""label"":""Law Justice Crime"",""count"":4},{""node"":""loc::egypt"",""label"":""Egypt"",""count"":3},{""node"":""loc::united states"",""label"":""United States"",""count"":3},{""node"":""topic::defense_military_veterans"",""label"":""Defense Military Veterans"",""count"":3},{""node"":""topic::energy_environment"",""label"":""Energy Environment"",""count"":3},{""node"":""loc::whitehouse"",""label"":""Whitehouse"",""count"":2},{""node"":""org::whitehouse"",""label"":""Whitehouse"",""count"":2},{""node"":""topic::social_culture_education"",""label"":""Social Culture Education"",""count"":2},{""node"":""topic::health_public_health"",""label"":""Health Public Health"",""count"":2}]"
2017-W15,2017-04-10,2017-04-16,26,26,0,3,23,45,86,3,3,20,Media Communications,topic::media_communications,12,China,loc::china,5,"[{""node"":""topic::media_communications"",""label"":""Media Communications"",""count"":12},{""node"":""topic::foreign_policy_diplomacy"",""label"":""Foreign Policy Diplomacy"",""count"":7},{""node"":""loc::china"",""label"":""China"",""count"":5},{""node"":""topic::health_public_health"",""label"":""Health Public Health"",""count"":4},{""node"":""loc::u. s"",""label"":""U. S"",""count"":3},{""node"":""loc::north korea"",""label"":""North Korea"",""count"":3},{""node"":""topic::defense_military_veterans"",""label"":""Defense Military Veterans"",""count"":2},{""node"":""loc::a"",""label"":""A"",""count"":2},{""node"":""topic::elections_campaigns"",""label"":""Elections Campaigns"",""count"":2},{""node"":""topic::congress_governance"",""label"":""Congress Governance"",""count"":2},{""node"":""loc::kansas"",""label"":""Kansas"",""count"":2},{""node"":""topic::immigration_border"",""label"":""Immigration Border"",""count"":2}]"
2017-W16,2017-04-17,2017-04-23,45,45,0,5,40,59,165,13,11,21,Media Communications,topic::media_communications,23,Georgia,loc::georgia,6,"[{""node"":""topic::media_communications"",""label"":""Media Communications"",""count"":23},{""node"":""topic::congress_governance"",""label"":""Congress Governance"",""count"":7},{""node"":""topic::law_justice_crime"",""label"":""Law Justice Crime"",""count"":7},{""node"":""loc::georgia"",""label"":""Georgia"",""count"":6},{""node"":""mention::foxandfriends"",""label"":""@foxandfriends"",""count"":6},{""node"":""topic::health_public_health"",""label"":""Health Public Health"",""count"":6},{""node"":""topic::elections_campaigns"",""label"":""Elections Campaigns"",""count"":6},{""node"":""topic::foreign_policy_diplomacy"",""label"":""Foreign Policy Diplomacy"",""count"":5},{""node"":""topic::immigration_border"",""label"":""Immigration Border"",""count"":5},{""node"":""topic::endorsements_appointments"",""label"":""Endorsements Appointments"",""count"":5},{""node"":""org::congress"",""label"":""Congress"",""count"":4},{""node"":""topic::defense_military_veterans"",""label"":""Defense Military Veterans"",""count"":3}]"
2017-W17,2017-04-24,2017-04-30,47,47,0,3,44,55,141,18,14,15,Media Communications,topic::media_communications,20,U. S,loc::u. s,3,"[{""node"":""topic::media_communications"",""label"":""Media Communications"",""count"":20},{""node"":""topic::health_public_health"",""label"":""Health Public Health"",""count"":16},{""node"":""topic::congress_governance"",""label"":""Congress Governance"",""count"":7},{""node"":""topic::immigration_border"",""label"":""Immigration Border"",""count"":6},{""node"":""topic::foreign_policy_diplomacy"",""label"":""Foreign Policy Diplomacy"",""count"":6},{""node"":""topic::law_justice_crime"",""label"":""Law Justice Crime"",""count"":5},{""node"":""topic::endorsements_appointments"",""label"":""Endorsements Appointments"",""count"":5},{""node"":""topic::energy_environment"",""label"":""Energy Environment"",""count"":4},{""node"":""loc::u. s"",""label"":""U. S"",""count"":3},{""node"":""topic::defense_military_veterans"",""label"":""Defense Military Veterans"",""count"":3},{""node"":""loc::canada"",""label"":""Canada"",""count"":2},{""node"":""org::ninth circuit"",""label"":""Ninth Circuit"",""count"":2}]"
2017-W18,2017-05-01,2017-05-07,37,37,0,3,34,48,114,12,9,16,Media Communications,topic::media_communications,21,Trump,per::trump,3,"[{""node"":""topic::media_communications"",""label"":""Media Communications"",""count"":21},{""node"":""topic::health_public_health"",""label"":""Health Public Health"",""count"":12},{""node"":""topic::congress_governance"",""label"":""Congress Governance"",""count"":5},{""node"":""topic::endorsements_appointments"",""label"":""Endorsements Appointments"",""count"":3},{""node"":""per::trump"",""label"":""Trump"",""count"":3},{""node"":""org::f"",""label"":""F"",""count"":3},{""node"":""topic::energy_environment"",""label"":""Energy Environment"",""count"":2},{""node"":""topic::law_justice_crime"",""label"":""Law Justice Crime"",""count"":2},{""node"":""org::fbi"",""label"":""Fbi"",""count"":2},{""node"":""topic::elections_campaigns"",""label"":""Elections Campaigns"",""count"":2},{""node"":""loc::russia"",""label"":""Russia"",""count"":2},{""node"":""topic::foreign_policy_diplomacy"",""label"":""Foreign Policy Diplomacy"",""count"":2}]"
2017-W19,2017-05-08,2017-05-14,43,43,0,3,40,62,159,18,15,10,Media Communications,topic::media_communications,32,Trump,per::trump,4,"[{""node"":""topic::media_communications"",""label"":""Media Communications"",""count"":32},{""node"":""topic::law_justice_crime"",""label"":""Law Justice Crime"",""count"":10},{""node"":""topic::foreign_policy_diplomacy"",""label"":""Foreign Policy Diplomacy"",""count"":5},{""node"":""topic::endorsements_appointments"",""label"":""Endorsements Appointments"",""count"":5},{""node"":""topic::health_public_health"",""label"":""Health Public Health"",""count"":5},{""node"":""per::trump"",""label"":""Trump"",""count"":4},{""node"":""per::sally yates"",""label"":""Sally Yates"",""count"":3},{""node"":""per::come"",""label"":""Come"",""count"":3},{""node"":""loc::u. s"",""label"":""U. S"",""count"":3},{""node"":""org::f"",""label"":""F"",""count"":2},{""node"":""loc::russia"",""label"":""Russia"",""count"":2},{""node"":""per::james come"",""label"":""James Come"",""count"":2}]"
2017-W20,2017-05-15,2017-05-21,20,20,0,1,19,25,46,4,9,7,Media Communications,topic::media_communications,10,Russia,loc::russia,2,"[{""node"":""topic::media_communications"",""label"":""Media Communications"",""count"":10},{""node"":""topic::foreign_policy_diplomacy"",""label"":""Foreign Policy Diplomacy"",""count"":9},{""node"":""topic::law_justice_crime"",""label"":""Law Justice Crime"",""count"":5},{""node"":""loc::russia"",""label"":""Russia"",""count"":2},{""node"":""per::clinton"",""label"":""Clinton"",""count"":2},{""node"":""org::h"",""label"":""H"",""count"":1},{""node"":""org::w"",""label"":""W"",""count"":1},{""node"":""per::come"",""label"":""Come"",""count"":1},{""node"":""loc::turkey"",""label"":""Turkey"",""count"":1},{""node"":""per::ce"",""label"":""Ce"",""count"":1},{""node"":""per::re"",""label"":""Re"",""count"":1},{""node"":""mention::whitehouse"",""label"":""@whitehouse"",""count"":1}]"
2017-W21,2017-05-22,2017-05-28,35,35,0,2,33,38,99,8,7,20,Media Communications,topic::media_communications,19,Nato,org::nato,4,"[{""node"":""topic::media_communications"",""label"":""Media Communications"",""count"":19},{""node"":""topic::foreign_policy_diplomacy"",""label"":""Foreign Policy Diplomacy"",""count"":12},{""node"":""topic::health_public_health"",""label"":""Health Public Health"",""count"":7},{""node"":""mention::flotus"",""label"":""@flotus"",""count"":4},{""node"":""org::nato"",""label"":""Nato"",""count"":4},{""node"":""mention::netanyahu"",""label"":""@netanyahu"",""count"":3},{""node"":""loc::brussels"",""label"":""Brussels"",""count"":3},{""node"":""hashtag::fakenews"",""label"":""#fakenews"",""count"":3},{""node"":""topic::endorsements_appointments"",""label"":""Endorsements Appointments"",""count"":2},{""node"":""per::anyahu"",""label"":""Anyahu"",""count"":2},{""node"":""per::melania"",""label"":""Melania"",""count"":2},{""node"":""per::net"",""label"":""Net"",""count"":2}]"
2017-W22,2017-05-29,2017-06-04,42,42,0,11,31,62,180,13,10,19,Media Communications,topic::media_communications,23,America,loc::america,4,"[{""node"":""topic::media_communications"",""label"":""Media Communications"",""count"":23},{""node"":""topic::health_public_health"",""label"":""Health Public Health"",""count"":9},{""node"":""topic::foreign_policy_diplomacy"",""label"":""Foreign Policy Diplomacy"",""count"":9},{""node"":""topic::energy_environment"",""label"":""Energy Environment"",""count"":8},{""node"":""loc::america"",""label"":""America"",""count"":4},{""node"":""topic::defense_military_veterans"",""label"":""Defense Military Veterans"",""count"":4},{""node"":""per::trump"",""label"":""Trump"",""count"":4},{""node"":""loc::u. s"",""label"":""U. S"",""count"":3},{""node"":""mention::foxandfriends"",""label"":""@foxandfriends"",""count"":3},{""node"":""topic::law_justice_crime"",""label"":""Law Justice Crime"",""count"":3},{""node"":""hashtag::memorialday"",""label"":""#memorialday"",""count"":2},{""node"":""loc::arlington national cemetery"",""label"":""Arlington National Cemetery"",""count"":2}]"
2017-W23,2017-06-05,2017-06-11,36,36,0,3,33,59,148,13,6,17,Media Communications,topic::media_communications,13,America,loc::america,3,"[{""node"":""topic::media_communications"",""label"":""Media Communications"",""count"":13},{""node"":""topic::health_public_health"",""label"":""Health Public Health"",""count"":10},{""node"":""topic::law_justice_crime"",""label"":""Law Justice Crime"",""count"":8},{""node"":""topic::endorsements_appointments"",""label"":""Endorsements Appointments"",""count"":5},{""node"":""topic::congress_governance"",""label"":""Congress Governance"",""count"":5},{""node"":""topic::defense_military_veterans"",""label"":""Defense Military Veterans"",""count"":4},{""node"":""topic::foreign_policy_diplomacy"",""label"":""Foreign Policy Diplomacy"",""count"":4},{""node"":""mention::foxandfriends"",""label"":""@foxandfriends"",""count"":4},{""node"":""topic::immigration_border"",""label"":""Immigration Border"",""count"":3},{""node"":""loc::america"",""label"":""America"",""count"":3},{""node"":""loc::qatar"",""label"":""Qatar"",""count"":2},{""node"":""org::house"",""label"":""House"",""count"":2}]"
2017-W24,2017-06-12,2017-06-18,46,46,0,8,38,66,181,14,10,22,Media Communications,topic::media_communications,24,Wisconsin,loc::wisconsin,3,"[{""node"":""topic::media_communications"",""label"":""Media Communications"",""count"":24},{""node"":""topic::law_justice_crime"",""label"":""Law Justice Crime"",""count"":10},{""node"":""topic::health_public_health"",""label"":""Health Public Health"",""count"":6},{""node"":""mention::foxandfriends"",""label"":""@foxandfriends"",""count"":4},{""node"":""topic::endorsements_appointments"",""label"":""Endorsements Appointments"",""count"":4},{""node"":""topic::defense_military_veterans"",""label"":""Defense Military Veterans"",""count"":4},{""node"":""topic::foreign_policy_diplomacy"",""label"":""Foreign Policy Diplomacy"",""count"":4},{""node"":""topic::congress_governance"",""label"":""Congress Governance"",""count"":3},{""node"":""loc::wisconsin"",""label"":""Wisconsin"",""count"":3},{""node"":""hashtag::maga"",""label"":""#maga"",""count"":3},{""node"":""topic::energy_environment"",""label"":""Energy Environment"",""count"":2},{""node"":""org::c"",""label"":""C"",""count"":2}]"
2017-W25,2017-06-19,2017-06-25,56,56,0,5,51,65,169,24,9,23,Media Communications,topic::media_communications,25,Georgia,loc::georgia,3,"[{""node"":""topic::media_communications"",""label"":""Media Communications"",""count"":25},{""node"":""topic::health_public_health"",""label"":""Health Public Health"",""count"":19},{""node"":""topic::congress_governance"",""label"":""Congress Governance"",""count"":15},{""node"":""topic::elections_campaigns"",""label"":""Elections Campaigns"",""count"":14},{""node"":""topic::law_justice_crime"",""label"":""Law Justice Crime"",""count"":5},{""node"":""mention::foxandfriends"",""label"":""@foxandfriends"",""count"":4},{""node"":""topic::endorsements_appointments"",""label"":""Endorsements Appointments"",""count"":4},{""node"":""topic::foreign_policy_diplomacy"",""label"":""Foreign Policy Diplomacy"",""count"":4},{""node"":""loc::georgia"",""label"":""Georgia"",""count"":3},{""node"":""per::trump"",""label"":""Trump"",""count"":3},{""node"":""loc::russia"",""label"":""Russia"",""count"":3},{""node"":""org::h"",""label"":""H"",""count"":2}]"
2017-W26,2017-06-26,2017-07-02,67,67,0,10,57,79,247,27,19,21,Media Communications,topic::media_communications,39,America,loc::america,5,"[{""node"":""topic::media_communications"",""label"":""Media Communications"",""count"":39},{""node"":""topic::law_justice_crime"",""label"":""Law Justice Crime"",""count"":13},{""node"":""topic::congress_governance"",""label"":""Congress Governance"",""count"":12},{""node"":""topic::health_public_health"",""label"":""Health Public Health"",""count"":10},{""node"":""topic::foreign_policy_diplomacy"",""label"":""Foreign Policy Diplomacy"",""count"":8},{""node"":""loc::america"",""label"":""America"",""count"":5},{""node"":""mention::foxandfriends"",""label"":""@foxandfriends"",""count"":5},{""node"":""org::house"",""label"":""House"",""count"":5},{""node"":""loc::russia"",""label"":""Russia"",""count"":4},{""node"":""mention::whitehouse"",""label"":""@whitehouse"",""count"":4},{""node"":""per::trump"",""label"":""Trump"",""count"":4},{""node"":""per::obama"",""label"":""Obama"",""count"":3}]"
2017-W27,2017-07-03,2017-07-09,47,47,0,2,45,60,155,8,8,31,Foreign Policy Diplomacy,topic::foreign_policy_diplomacy,21,Poland,loc::poland,6,"[{""node"":""topic::foreign_policy_diplomacy"",""label"":""Foreign Policy Diplomacy"",""count"":21},{""node"":""topic::media_communications"",""label"":""Media Communications"",""count"":21},{""node"":""topic::health_public_health"",""label"":""Health Public Health"",""count"":8},{""node"":""loc::poland"",""label"":""Poland"",""count"":6},{""node"":""topic::energy_environment"",""label"":""Energy Environment"",""count"":5},{""node"":""loc::north korea"",""label"":""North Korea"",""count"":4},{""node"":""hashtag::usa"",""label"":""#usa"",""count"":4},{""node"":""topic::defense_military_veterans"",""label"":""Defense Military Veterans"",""count"":3},{""node"":""loc::germany"",""label"":""Germany"",""count"":3},{""node"":""topic::elections_campaigns"",""label"":""Elections Campaigns"",""count"":3},{""node"":""loc::china"",""label"":""China"",""count"":3},{""node"":""per::putin"",""label"":""Putin"",""count"":3}]"
2017-W28,2017-07-10,2017-07-16,63,63,0,11,52,79,216,19,14,30,Media Communications,topic::media_communications,37,France,loc::france,6,"[{""node"":""topic::media_communications"",""label"":""Media Communications"",""count"":37},{""node"":""topic::health_public_health"",""label"":""Health Public Health"",""count"":12},{""node"":""topic::foreign_policy_diplomacy"",""label"":""Foreign Policy Diplomacy"",""count"":10},{""node"":""topic::congress_governance"",""label"":""Congress Governance"",""count"":10},{""node"":""topic::law_justice_crime"",""label"":""Law Justice Crime"",""count"":9},{""node"":""mention::foxandfriends"",""label"":""@foxandfriends"",""count"":8},{""node"":""mention::emmanuelmacron"",""label"":""@emmanuelmacron"",""count"":7},{""node"":""loc::france"",""label"":""France"",""count"":6},{""node"":""org::senate"",""label"":""Senate"",""count"":5},{""node"":""topic::defense_military_veterans"",""label"":""Defense Military Veterans"",""count"":4},{""node"":""loc::u. s"",""label"":""U. S"",""count"":4},{""node"":""loc::united states"",""label"":""United States"",""count"":3}]"
2017-W29,2017-07-17,2017-07-23,42,42,0,2,40,55,136,15,8,19,Media Communications,topic::media_communications,24,America,loc::america,4,"[{""node"":""topic::media_communications"",""label"":""Media Communications"",""count"":24},{""node"":""topic::health_public_health"",""label"":""Health Public Health"",""count"":9},{""node"":""topic::congress_governance"",""label"":""Congress Governance"",""count"":7},{""node"":""topic::elections_campaigns"",""label"":""Elections Campaigns"",""count"":5},{""node"":""loc::america"",""label"":""America"",""count"":4},{""node"":""topic::law_justice_crime"",""label"":""Law Justice Crime"",""count"":4},{""node"":""org::f"",""label"":""F"",""count"":3},{""node"":""loc::u. s"",""label"":""U. S"",""count"":3},{""node"":""topic::endorsements_appointments"",""label"":""Endorsements Appointments"",""count"":3},{""node"":""org::senate"",""label"":""Senate"",""count"":2},{""node"":""topic::foreign_policy_diplomacy"",""label"":""Foreign Policy Diplomacy"",""count"":2},{""node"":""loc::germany"",""label"":""Germany"",""count"":2}]"
2017-W30,2017-07-24,2017-07-30,74,74,0,2,72,93,247,32,14,28,Media Communications,topic::media_communications,23,Senate,org::senate,7,"[{""node"":""topic::media_communications"",""label"":""Media Communications"",""count"":23},{""node"":""topic::congress_governance"",""label"":""Congress Governance"",""count"":21},{""node"":""topic::health_public_health"",""label"":""Health Public Health"",""count"":18},{""node"":""topic::law_justice_crime"",""label"":""Law Justice Crime"",""count"":11},{""node"":""topic::endorsements_appointments"",""label"":""Endorsements Appointments"",""count"":7},{""node"":""org::senate"",""label"":""Senate"",""count"":7},{""node"":""loc::america"",""label"":""America"",""count"":5},{""node"":""topic::foreign_policy_diplomacy"",""label"":""Foreign Policy Diplomacy"",""count"":5},{""node"":""topic::elections_campaigns"",""label"":""Elections Campaigns"",""count"":5},{""node"":""loc::ohio"",""label"":""Ohio"",""count"":5},{""node"":""loc::russia"",""label"":""Russia"",""count"":4},{""node"":""topic::defense_military_veterans"",""label"":""Defense Military Veterans"",""count"":4}]"
2017-W31,2017-07-31,2017-08-06,48,48,0,14,34,65,156,7,11,30,Media Communications,topic::media_communications,34,Trump,per::trump,4,"[{""node"":""topic::media_communications"",""label"":""Media Communications"",""count"":34},{""node"":""topic::health_public_health"",""label"":""Health Public Health"",""count"":8},{""node"":""topic::defense_military_veterans"",""label"":""Defense Military Veterans"",""count"":6},{""node"":""mention::foxandfriends"",""label"":""@foxandfriends"",""count"":5},{""node"":""topic::congress_governance"",""label"":""Congress Governance"",""count"":4},{""node"":""topic::law_justice_crime"",""label"":""Law Justice Crime"",""count"":4},{""node"":""per::trump"",""label"":""Trump"",""count"":4},{""node"":""topic::energy_environment"",""label"":""Energy Environment"",""count"":4},{""node"":""topic::elections_campaigns"",""label"":""Elections Campaigns"",""count"":4},{""node"":""loc::west virginia"",""label"":""West Virginia"",""count"":4},{""node"":""loc::white house"",""label"":""White House"",""count"":3},{""node"":""hashtag::maga"",""label"":""#maga"",""count"":3}]"
2017-W32,2017-08-07,2017-08-13,65,65,0,24,41,81,250,20,29,16,Media Communications,topic::media_communications,45,Trump,per::trump,10,"[{""node"":""topic::media_communications"",""label"":""Media Communications"",""count"":45},{""node"":""mention::foxandfriends"",""label"":""@foxandfriends"",""count"":12},{""node"":""topic::foreign_policy_diplomacy"",""label"":""Foreign Policy Diplomacy"",""count"":11},{""node"":""per::trump"",""label"":""Trump"",""count"":10},{""node"":""topic::health_public_health"",""label"":""Health Public Health"",""count"":10},{""node"":""topic::law_justice_crime"",""label"":""Law Justice Crime"",""count"":9},{""node"":""loc::north korea"",""label"":""North Korea"",""count"":7},{""node"":""topic::defense_military_veterans"",""label"":""Defense Military Veterans"",""count"":6},{""node"":""loc::u. s"",""label"":""U. S"",""count"":6},{""node"":""topic::congress_governance"",""label"":""Congress Governance"",""count"":5},{""node"":""loc::charlottesville"",""label"":""Charlottesville"",""count"":5},{""node"":""topic::endorsements_appointments"",""label"":""Endorsements Appointments"",""count"":4}]"
2017-W33,2017-08-14,2017-08-20,65,65,0,13,52,83,254,23,17,25,Media Communications,topic::media_communications,28,Luther Strange,per::luther strange,5,"[{""node"":""topic::media_communications"",""label"":""Media Communications"",""count"":28},{""node"":""topic::law_justice_crime"",""label"":""Law Justice Crime"",""count"":11},{""node"":""topic::endorsements_appointments"",""label"":""Endorsements Appointments"",""count"":10},{""node"":""mention::realdonaldtrump"",""label"":""@realdonaldtrump"",""count"":8},{""node"":""topic::health_public_health"",""label"":""Health Public Health"",""count"":7},{""node"":""mention::foxandfriends"",""label"":""@foxandfriends"",""count"":7},{""node"":""topic::immigration_border"",""label"":""Immigration Border"",""count"":6},{""node"":""per::luther strange"",""label"":""Luther Strange"",""count"":5},{""node"":""topic::congress_governance"",""label"":""Congress Governance"",""count"":5},{""node"":""topic::elections_campaigns"",""label"":""Elections Campaigns"",""count"":5},{""node"":""loc::alabama"",""label"":""Alabama"",""count"":4},{""node"":""topic::foreign_policy_diplomacy"",""label"":""Foreign Policy Diplomacy"",""count"":4}]"
2017-W34,2017-08-21,2017-08-27,73,73,0,8,65,86,256,13,25,35,Media Communications,topic::media_communications,35,Texas,loc::texas,8,"[{""node"":""topic::media_communications"",""label"":""Media Communications"",""count"":35},{""node"":""topic::health_public_health"",""label"":""Health Public Health"",""count"":17},{""node"":""topic::defense_military_veterans"",""label"":""Defense Military Veterans"",""count"":13},{""node"":""hashtag::hurricaneharvey"",""label"":""#hurricaneharvey"",""count"":8},{""node"":""loc::texas"",""label"":""Texas"",""count"":8},{""node"":""per::harvey"",""label"":""Harvey"",""count"":7},{""node"":""topic::immigration_border"",""label"":""Immigration Border"",""count"":6},{""node"":""topic::congress_governance"",""label"":""Congress Governance"",""count"":6},{""node"":""loc::arizona"",""label"":""Arizona"",""count"":5},{""node"":""hashtag::harvey"",""label"":""#harvey"",""count"":5},{""node"":""loc::phoenix"",""label"":""Phoenix"",""count"":4},{""node"":""topic::elections_campaigns"",""label"":""Elections Campaigns"",""count"":4}]"
2017-W35,2017-08-28,2017-09-03,44,44,0,14,30,57,160,8,12,24,Media Communications,topic::media_communications,21,Texas,loc::texas,10,"[{""node"":""topic::media_communications"",""label"":""Media Communications"",""count"":21},{""node"":""topic::health_public_health"",""label"":""Health Public Health"",""count"":12},{""node"":""loc::texas"",""label"":""Texas"",""count"":10},{""node"":""topic::defense_military_veterans"",""label"":""Defense Military Veterans"",""count"":6},{""node"":""topic::foreign_policy_diplomacy"",""label"":""Foreign Policy Diplomacy"",""count"":6},{""node"":""loc::north korea"",""label"":""North Korea"",""count"":6},{""node"":""topic::endorsements_appointments"",""label"":""Endorsements Appointments"",""count"":5},{""node"":""topic::energy_environment"",""label"":""Energy Environment"",""count"":4},{""node"":""loc::louisiana"",""label"":""Louisiana"",""count"":4},{""node"":""mention::flotus"",""label"":""@flotus"",""count"":4},{""node"":""topic::law_justice_crime"",""label"":""Law Justice Crime"",""count"":3},{""node"":""topic::congress_governance"",""label"":""Congress Governance"",""count"":3}]"
2017-W36,2017-09-04,2017-09-10,49,49,0,15,34,66,161,7,18,24,Media Communications,topic::media_communications,28,Florida,loc::florida,5,"[{""node"":""topic::media_communications"",""label"":""Media Communications"",""count"":28},{""node"":""topic::health_public_health"",""label"":""Health Public Health"",""count"":13},{""node"":""topic::congress_governance"",""label"":""Congress Governance"",""count"":8},{""node"":""loc::florida"",""label"":""Florida"",""count"":5},{""node"":""org::congress"",""label"":""Congress"",""count"":4},{""node"":""topic::foreign_policy_diplomacy"",""label"":""Foreign Policy Diplomacy"",""count"":4},{""node"":""topic::energy_environment"",""label"":""Energy Environment"",""count"":3},{""node"":""org::daca"",""label"":""Daca"",""count"":3},{""node"":""mention::potus"",""label"":""@potus"",""count"":3},{""node"":""topic::defense_military_veterans"",""label"":""Defense Military Veterans"",""count"":2},{""node"":""loc::north dakota"",""label"":""North Dakota"",""count"":2},{""node"":""loc::texas"",""label"":""Texas"",""count"":2}]"
2017-W37,2017-09-11,2017-09-17,55,55,0,11,44,61,137,19,16,20,Media Communications,topic::media_communications,30,America,loc::america,3,"[{""node"":""topic::media_communications"",""label"":""Media Communications"",""count"":30},{""node"":""topic::health_public_health"",""label"":""Health Public Health"",""count"":10},{""node"":""mention::realdonaldtrump"",""label"":""@realdonaldtrump"",""count"":8},{""node"":""topic::congress_governance"",""label"":""Congress Governance"",""count"":6},{""node"":""topic::immigration_border"",""label"":""Immigration Border"",""count"":5},{""node"":""topic::law_justice_crime"",""label"":""Law Justice Crime"",""count"":5},{""node"":""topic::foreign_policy_diplomacy"",""label"":""Foreign Policy Diplomacy"",""count"":4},{""node"":""topic::defense_military_veterans"",""label"":""Defense Military Veterans"",""count"":4},{""node"":""topic::endorsements_appointments"",""label"":""Endorsements Appointments"",""count"":4},{""node"":""loc::america"",""label"":""America"",""count"":3},{""node"":""per::trump"",""label"":""Trump"",""count"":3},{""node"":""loc::florida"",""label"":""Florida"",""count"":3}]"
2017-W38,2017-09-18,2017-09-24,84,84,0,12,72,97,381,22,12,50,Media Communications,topic::media_communications,38,Unga,org::unga,6,"[{""node"":""topic::media_communications"",""label"":""Media Communications"",""count"":38},{""node"":""topic::foreign_policy_diplomacy"",""label"":""Foreign Policy Diplomacy"",""count"":28},{""node"":""topic::health_public_health"",""label"":""Health Public Health"",""count"":25},{""node"":""hashtag::unga"",""label"":""#unga"",""count"":10},{""node"":""topic::elections_campaigns"",""label"":""Elections Campaigns"",""count"":9},{""node"":""topic::defense_military_veterans"",""label"":""Defense Military Veterans"",""count"":6},{""node"":""org::unga"",""label"":""Unga"",""count"":6},{""node"":""topic::endorsements_appointments"",""label"":""Endorsements Appointments"",""count"":6},{""node"":""mention::potus"",""label"":""@potus"",""count"":6},{""node"":""loc::north korea"",""label"":""North Korea"",""count"":6},{""node"":""loc::alabama"",""label"":""Alabama"",""count"":6},{""node"":""per::luther strange"",""label"":""Luther Strange"",""count"":6}]"
2017-W39,2017-09-25,2017-10-01,102,102,0,17,85,103,282,23,21,58,Media Communications,topic::media_communications,54,Puerto Rico,loc::puerto rico,18,"[{""node"":""topic::media_communications"",""label"":""Media Communications"",""count"":54},{""node"":""topic::health_public_health"",""label"":""Health Public Health"",""count"":28},{""node"":""loc::puerto rico"",""label"":""Puerto Rico"",""count"":18},{""node"":""topic::defense_military_veterans"",""label"":""Defense Military Veterans"",""count"":9},{""node"":""topic::foreign_policy_diplomacy"",""label"":""Foreign Policy Diplomacy"",""count"":7},{""node"":""org::nfl"",""label"":""Nfl"",""count"":6},{""node"":""topic::elections_campaigns"",""label"":""Elections Campaigns"",""count"":6},{""node"":""hashtag::puertorico"",""label"":""#puertorico"",""count"":6},{""node"":""topic::energy_environment"",""label"":""Energy Environment"",""count"":5},{""node"":""per::luther strange"",""label"":""Luther Strange"",""count"":5},{""node"":""loc::alabama"",""label"":""Alabama"",""count"":5},{""node"":""topic::congress_governance"",""label"":""Congress Governance"",""count"":5}]"
2017-W40,2017-10-02,2017-10-08,55,55,0,13,42,73,266,17,13,25,Media Communications,topic::media_communications,37,Las Vegas,loc::las vegas,5,"[{""node"":""topic::media_communications"",""label"":""Media Communications"",""count"":37},{""node"":""topic::health_public_health"",""label"":""Health Public Health"",""count"":16},{""node"":""topic::foreign_policy_diplomacy"",""label"":""Foreign Policy Diplomacy"",""count"":7},{""node"":""topic::law_justice_crime"",""label"":""Law Justice Crime"",""count"":5},{""node"":""loc::las vegas"",""label"":""Las Vegas"",""count"":5},{""node"":""mention::realdonaldtrump"",""label"":""@realdonaldtrump"",""count"":5},{""node"":""per::trump"",""label"":""Trump"",""count"":5},{""node"":""topic::elections_campaigns"",""label"":""Elections Campaigns"",""count"":5},{""node"":""topic::defense_military_veterans"",""label"":""Defense Military Veterans"",""count"":4},{""node"":""loc::puerto rico"",""label"":""Puerto Rico"",""count"":4},{""node"":""mention::potus"",""label"":""@potus"",""count"":4},{""node"":""mention::flotus"",""label"":""@flotus"",""count"":4}]"
2017-W41,2017-10-09,2017-10-15,70,70,0,12,58,86,231,28,9,33,Media Communications,topic::media_communications,36,Foxnews,org::foxnews,5,"[{""node"":""topic::media_communications"",""label"":""Media Communications"",""count"":36},{""node"":""topic::health_public_health"",""label"":""Health Public Health"",""count"":17},{""node"":""topic::energy_environment"",""label"":""Energy Environment"",""count"":8},{""node"":""mention::realdonaldtrump"",""label"":""@realdonaldtrump"",""count"":8},{""node"":""topic::foreign_policy_diplomacy"",""label"":""Foreign Policy Diplomacy"",""count"":6},{""node"":""mention::foxnews"",""label"":""@foxnews"",""count"":6},{""node"":""org::foxnews"",""label"":""Foxnews"",""count"":5},{""node"":""mention::seanhannity"",""label"":""@seanhannity"",""count"":5},{""node"":""loc::america"",""label"":""America"",""count"":4},{""node"":""topic::endorsements_appointments"",""label"":""Endorsements Appointments"",""count"":3},{""node"":""topic::congress_governance"",""label"":""Congress Governance"",""count"":3},{""node"":""org::congress"",""label"":""Congress"",""count"":3}]"
2017-W42,2017-10-16,2017-10-22,70,70,0,5,65,95,287,24,17,29,Media Communications,topic::media_communications,46,U. S,loc::u. s,6,"[{""node"":""topic::media_communications"",""label"":""Media Communications"",""count"":46},{""node"":""topic::health_public_health"",""label"":""Health Public Health"",""count"":11},{""node"":""topic::congress_governance"",""label"":""Congress Governance"",""count"":10},{""node"":""topic::law_justice_crime"",""label"":""Law Justice Crime"",""count"":8},{""node"":""topic::energy_environment"",""label"":""Energy Environment"",""count"":7},{""node"":""loc::u. s"",""label"":""U. S"",""count"":6},{""node"":""topic::foreign_policy_diplomacy"",""label"":""Foreign Policy Diplomacy"",""count"":5},{""node"":""per::trump"",""label"":""Trump"",""count"":4},{""node"":""per::hillary clinton"",""label"":""Hillary Clinton"",""count"":4},{""node"":""topic::defense_military_veterans"",""label"":""Defense Military Veterans"",""count"":4},{""node"":""topic::elections_campaigns"",""label"":""Elections Campaigns"",""count"":3},{""node"":""org::foxnews"",""label"":""Foxnews"",""count"":3}]"
2017-W43,2017-10-23,2017-10-29,68,68,0,3,65,75,194,17,16,35,Media Communications,topic::media_communications,29,Russia,loc::russia,5,"[{""node"":""topic::media_communications"",""label"":""Media Communications"",""count"":29},{""node"":""topic::health_public_health"",""label"":""Health Public Health"",""count"":13},{""node"":""topic::congress_governance"",""label"":""Congress Governance"",""count"":11},{""node"":""topic::law_justice_crime"",""label"":""Law Justice Crime"",""count"":9},{""node"":""topic::elections_campaigns"",""label"":""Elections Campaigns"",""count"":7},{""node"":""topic::foreign_policy_diplomacy"",""label"":""Foreign Policy Diplomacy"",""count"":5},{""node"":""topic::endorsements_appointments"",""label"":""Endorsements Appointments"",""count"":5},{""node"":""loc::russia"",""label"":""Russia"",""count"":5},{""node"":""loc::u. s"",""label"":""U. S"",""count"":4},{""node"":""topic::defense_military_veterans"",""label"":""Defense Military Veterans"",""count"":3},{""node"":""per::trump"",""label"":""Trump"",""count"":3},{""node"":""per::clinton"",""label"":""Clinton"",""count"":3}]"
2017-W44,2017-10-30,2017-11-05,79,79,0,2,77,93,247,34,11,34,Media Communications,topic::media_communications,27,Nyc,loc::nyc,4,"[{""node"":""topic::media_communications"",""label"":""Media Communications"",""count"":27},{""node"":""topic::law_justice_crime"",""label"":""Law Justice Crime"",""count"":25},{""node"":""topic::elections_campaigns"",""label"":""Elections Campaigns"",""count"":11},{""node"":""topic::health_public_health"",""label"":""Health Public Health"",""count"":8},{""node"":""topic::congress_governance"",""label"":""Congress Governance"",""count"":7},{""node"":""topic::defense_military_veterans"",""label"":""Defense Military Veterans"",""count"":7},{""node"":""topic::energy_environment"",""label"":""Energy Environment"",""count"":6},{""node"":""topic::immigration_border"",""label"":""Immigration Border"",""count"":6},{""node"":""topic::endorsements_appointments"",""label"":""Endorsements Appointments"",""count"":6},{""node"":""topic::foreign_policy_diplomacy"",""label"":""Foreign Policy Diplomacy"",""count"":5},{""node"":""loc::nyc"",""label"":""Nyc"",""count"":4},{""node"":""per::c"",""label"":""C"",""count"":4}]"
2017-W45,2017-11-06,2017-11-12,55,55,0,2,53,53,149,10,9,36,Foreign Policy Diplomacy,topic::foreign_policy_diplomacy,31,China,loc::china,8,"[{""node"":""topic::foreign_policy_diplomacy"",""label"":""Foreign Policy Diplomacy"",""count"":31},{""node"":""topic::media_communications"",""label"":""Media Communications"",""count"":23},{""node"":""topic::health_public_health"",""label"":""Health Public Health"",""count"":9},{""node"":""loc::china"",""label"":""China"",""count"":8},{""node"":""per::xi"",""label"":""Xi"",""count"":6},{""node"":""loc::vietnam"",""label"":""Vietnam"",""count"":6},{""node"":""loc::south korea"",""label"":""South Korea"",""count"":5},{""node"":""loc::u. s"",""label"":""U. S"",""count"":5},{""node"":""loc::united states"",""label"":""United States"",""count"":4},{""node"":""org::ap"",""label"":""Ap"",""count"":4},{""node"":""topic::elections_campaigns"",""label"":""Elections Campaigns"",""count"":3},{""node"":""loc::virginia"",""label"":""Virginia"",""count"":3}]"
2017-W46,2017-11-13,2017-11-19,49,49,0,6,43,59,147,13,9,27,Media Communications,topic::media_communications,22,China,loc::china,5,"[{""node"":""topic::media_communications"",""label"":""Media Communications"",""count"":22},{""node"":""topic::foreign_policy_diplomacy"",""label"":""Foreign Policy Diplomacy"",""count"":14},{""node"":""topic::congress_governance"",""label"":""Congress Governance"",""count"":9},{""node"":""topic::health_public_health"",""label"":""Health Public Health"",""count"":8},{""node"":""topic::law_justice_crime"",""label"":""Law Justice Crime"",""count"":6},{""node"":""loc::china"",""label"":""China"",""count"":5},{""node"":""loc::philippines"",""label"":""Philippines"",""count"":4},{""node"":""org::house"",""label"":""House"",""count"":4},{""node"":""loc::asia"",""label"":""Asia"",""count"":4},{""node"":""mention::realdonaldtrump"",""label"":""@realdonaldtrump"",""count"":4},{""node"":""topic::energy_environment"",""label"":""Energy Environment"",""count"":4},{""node"":""mention::whitehouse"",""label"":""@whitehouse"",""count"":3}]"
2017-W47,2017-11-20,2017-11-26,43,43,0,5,38,79,284,17,7,19,Media Communications,topic::media_communications,27,White House,loc::white house,3,"[{""node"":""topic::media_communications"",""label"":""Media Communications"",""count"":27},{""node"":""topic::law_justice_crime"",""label"":""Law Justice Crime"",""count"":6},{""node"":""topic::foreign_policy_diplomacy"",""label"":""Foreign Policy Diplomacy"",""count"":5},{""node"":""topic::defense_military_veterans"",""label"":""Defense Military Veterans"",""count"":4},{""node"":""topic::endorsements_appointments"",""label"":""Endorsements Appointments"",""count"":4},{""node"":""loc::white house"",""label"":""White House"",""count"":3},{""node"":""mention::flotus"",""label"":""@flotus"",""count"":3},{""node"":""mention::realdonaldtrump"",""label"":""@realdonaldtrump"",""count"":3},{""node"":""loc::florida"",""label"":""Florida"",""count"":3},{""node"":""topic::health_public_health"",""label"":""Health Public Health"",""count"":3},{""node"":""loc::turkey"",""label"":""Turkey"",""count"":3},{""node"":""topic::immigration_border"",""label"":""Immigration Border"",""count"":2}]"
2017-W48,2017-11-27,2017-12-03,81,81,0,15,66,103,333,36,8,37,Media Communications,topic::media_communications,45,Senate,org::senate,6,"[{""node"":""topic::media_communications"",""label"":""Media Communications"",""count"":45},{""node"":""topic::law_justice_crime"",""label"":""Law Justice Crime"",""count"":25},{""node"":""topic::congress_governance"",""label"":""Congress Governance"",""count"":17},{""node"":""topic::health_public_health"",""label"":""Health Public Health"",""count"":8},{""node"":""topic::foreign_policy_diplomacy"",""label"":""Foreign Policy Diplomacy"",""count"":7},{""node"":""org::senate"",""label"":""Senate"",""count"":6},{""node"":""topic::endorsements_appointments"",""label"":""Endorsements Appointments"",""count"":6},{""node"":""org::fbi"",""label"":""Fbi"",""count"":6},{""node"":""loc::country"",""label"":""Country"",""count"":4},{""node"":""mention::whitehouse"",""label"":""@whitehouse"",""count"":4},{""node"":""topic::immigration_border"",""label"":""Immigration Border"",""count"":4},{""node"":""org::fake news"",""label"":""Fake News"",""count"":4}]"
2017-W49,2017-12-04,2017-12-10,46,46,0,4,42,74,217,10,7,29,Media Communications,topic::media_communications,23,Pensacola,loc::pensacola,6,"[{""node"":""topic::media_communications"",""label"":""Media Communications"",""count"":23},{""node"":""topic::defense_military_veterans"",""label"":""Defense Military Veterans"",""count"":7},{""node"":""topic::congress_governance"",""label"":""Congress Governance"",""count"":6},{""node"":""topic::health_public_health"",""label"":""Health Public Health"",""count"":6},{""node"":""loc::pensacola"",""label"":""Pensacola"",""count"":6},{""node"":""topic::elections_campaigns"",""label"":""Elections Campaigns"",""count"":5},{""node"":""topic::energy_environment"",""label"":""Energy Environment"",""count"":5},{""node"":""loc::florida"",""label"":""Florida"",""count"":5},{""node"":""topic::endorsements_appointments"",""label"":""Endorsements Appointments"",""count"":4},{""node"":""loc::america"",""label"":""America"",""count"":4},{""node"":""topic::immigration_border"",""label"":""Immigration Border"",""count"":3},{""node"":""topic::law_justice_crime"",""label"":""Law Justice Crime"",""count"":3}]"
2017-W50,2017-12-11,2017-12-17,32,32,0,4,28,45,86,6,7,19,Media Communications,topic::media_communications,16,Alabama,loc::alabama,2,"[{""node"":""topic::media_communications"",""label"":""Media Communications"",""count"":16},{""node"":""topic::elections_campaigns"",""label"":""Elections Campaigns"",""count"":6},{""node"":""topic::health_public_health"",""label"":""Health Public Health"",""count"":5},{""node"":""topic::defense_military_veterans"",""label"":""Defense Military Veterans"",""count"":4},{""node"":""topic::congress_governance"",""label"":""Congress Governance"",""count"":3},{""node"":""topic::law_justice_crime"",""label"":""Law Justice Crime"",""count"":2},{""node"":""loc::alabama"",""label"":""Alabama"",""count"":2},{""node"":""per::roy moore"",""label"":""Roy Moore"",""count"":2},{""node"":""org::cnn"",""label"":""Cnn"",""count"":1},{""node"":""org::f"",""label"":""F"",""count"":1},{""node"":""org::msnbc"",""label"":""Msnbc"",""count"":1},{""node"":""per::don lemon"",""label"":""Don Lemon"",""count"":1}]"
2017-W51,2017-12-18,2017-12-24,50,50,0,2,48,57,153,10,5,35,Media Communications,topic::media_communications,28,Fbi,org::fbi,4,"[{""node"":""topic::media_communications"",""label"":""Media Communications"",""count"":28},{""node"":""topic::congress_governance"",""label"":""Congress Governance"",""count"":13},{""node"":""topic::health_public_health"",""label"":""Health Public Health"",""count"":7},{""node"":""topic::elections_campaigns"",""label"":""Elections Campaigns"",""count"":5},{""node"":""topic::energy_environment"",""label"":""Energy Environment"",""count"":4},{""node"":""topic::law_justice_crime"",""label"":""Law Justice Crime"",""count"":4},{""node"":""org::fbi"",""label"":""Fbi"",""count"":4},{""node"":""mention::foxandfriends"",""label"":""@foxandfriends"",""count"":3},{""node"":""org::house"",""label"":""House"",""count"":3},{""node"":""org::senate"",""label"":""Senate"",""count"":3},{""node"":""org::fake news"",""label"":""Fake News"",""count"":3},{""node"":""per::andrew mccabe"",""label"":""Andrew Mccabe"",""count"":3}]"
2017-W52,2017-12-25,2017-12-31,44,44,0,9,35,61,162,17,8,19,Media Communications,topic::media_communications,29,Trump,per::trump,8,"[{""node"":""topic::media_communications"",""label"":""Media Communications"",""count"":29},{""node"":""topic::health_public_health"",""label"":""Health Public Health"",""count"":8},{""node"":""per::trump"",""label"":""Trump"",""count"":8},{""node"":""topic::law_justice_crime"",""label"":""Law Justice Crime"",""count"":6},{""node"":""mention::charliekirk11"",""label"":""@charliekirk11"",""count"":4},{""node"":""loc::u. s"",""label"":""U. S"",""count"":3},{""node"":""topic::foreign_policy_diplomacy"",""label"":""Foreign Policy Diplomacy"",""count"":3},{""node"":""topic::energy_environment"",""label"":""Energy Environment"",""count"":3},{""node"":""mention::realdonaldtrump"",""label"":""@realdonaldtrump"",""count"":3},{""node"":""loc::iran"",""label"":""Iran"",""count"":3},{""node"":""mention::erictrump"",""label"":""@erictrump"",""count"":2},{""node"":""loc::america"",""label"":""America"",""count"":2}]"
2018-W01,2018-01-01,2018-01-07,48,48,0,0,48,75,174,20,6,22,Media Communications,topic::media_communications,23,United States,loc::united states,4,"[{""node"":""topic::media_communications"",""label"":""Media Communications"",""count"":23},{""node"":""topic::foreign_policy_diplomacy"",""label"":""Foreign Policy Diplomacy"",""count"":9},{""node"":""topic::health_public_health"",""label"":""Health Public Health"",""count"":8},{""node"":""loc::united states"",""label"":""United States"",""count"":4},{""node"":""loc::u. s"",""label"":""U. S"",""count"":4},{""node"":""per::trump"",""label"":""Trump"",""count"":4},{""node"":""org::stock market"",""label"":""Stock Market"",""count"":4},{""node"":""loc::iran"",""label"":""Iran"",""count"":3},{""node"":""topic::law_justice_crime"",""label"":""Law Justice Crime"",""count"":3},{""node"":""per::hillary clinton"",""label"":""Hillary Clinton"",""count"":3},{""node"":""topic::immigration_border"",""label"":""Immigration Border"",""count"":3},{""node"":""topic::congress_governance"",""label"":""Congress Governance"",""count"":3}]"
2018-W02,2018-01-08,2018-01-14,61,61,0,6,55,79,289,21,10,30,Media Communications,topic::media_communications,38,Daca,org::daca,10,"[{""node"":""topic::media_communications"",""label"":""Media Communications"",""count"":38},{""node"":""topic::immigration_border"",""label"":""Immigration Border"",""count"":11},{""node"":""topic::congress_governance"",""label"":""Congress Governance"",""count"":11},{""node"":""org::daca"",""label"":""Daca"",""count"":10},{""node"":""per::trump"",""label"":""Trump"",""count"":9},{""node"":""topic::law_justice_crime"",""label"":""Law Justice Crime"",""count"":8},{""node"":""topic::health_public_health"",""label"":""Health Public Health"",""count"":7},{""node"":""loc::america"",""label"":""America"",""count"":5},{""node"":""mention::foxandfriends"",""label"":""@foxandfriends"",""count"":5},{""node"":""topic::foreign_policy_diplomacy"",""label"":""Foreign Policy Diplomacy"",""count"":4},{""node"":""topic::energy_environment"",""label"":""Energy Environment"",""count"":4},{""node"":""loc::united states"",""label"":""United States"",""count"":4}]"
2018-W03,2018-01-15,2018-01-21,61,61,0,15,46,78,245,21,12,28,Media Communications,topic::media_communications,35,Military,org::military,6,"[{""node"":""topic::media_communications"",""label"":""Media Communications"",""count"":35},{""node"":""topic::immigration_border"",""label"":""Immigration Border"",""count"":15},{""node"":""topic::congress_governance"",""label"":""Congress Governance"",""count"":14},{""node"":""mention::realdonaldtrump"",""label"":""@realdonaldtrump"",""count"":7},{""node"":""org::military"",""label"":""Military"",""count"":6},{""node"":""mention::foxnews"",""label"":""@foxnews"",""count"":6},{""node"":""org::daca"",""label"":""Daca"",""count"":5},{""node"":""topic::defense_military_veterans"",""label"":""Defense Military Veterans"",""count"":5},{""node"":""topic::health_public_health"",""label"":""Health Public Health"",""count"":5},{""node"":""mention::erictrump"",""label"":""@erictrump"",""count"":4},{""node"":""topic::law_justice_crime"",""label"":""Law Justice Crime"",""count"":4},{""node"":""loc::america"",""label"":""America"",""count"":4}]"
2018-W04,2018-01-22,2018-01-28,33,33,0,0,33,51,149,10,5,18,Media Communications,topic::media_communications,20,Switzerland,loc::switzerland,7,"[{""node"":""topic::media_communications"",""label"":""Media Communications"",""count"":20},{""node"":""topic::congress_governance"",""label"":""Congress Governance"",""count"":8},{""node"":""loc::switzerland"",""label"":""Switzerland"",""count"":7},{""node"":""topic::immigration_border"",""label"":""Immigration Border"",""count"":6},{""node"":""topic::law_justice_crime"",""label"":""Law Justice Crime"",""count"":6},{""node"":""loc::davos"",""label"":""Davos"",""count"":6},{""node"":""topic::health_public_health"",""label"":""Health Public Health"",""count"":5},{""node"":""loc::america"",""label"":""America"",""count"":5},{""node"":""topic::energy_environment"",""label"":""Energy Environment"",""count"":5},{""node"":""org::daca"",""label"":""Daca"",""count"":4},{""node"":""org::fbi"",""label"":""Fbi"",""count"":3},{""node"":""topic::foreign_policy_diplomacy"",""label"":""Foreign Policy Diplomacy"",""count"":3}]"
2018-W05,2018-01-29,2018-02-04,19,19,0,2,17,48,163,8,2,9,Media Communications,topic::media_communications,12,Trump,per::trump,4,"[{""node"":""topic::media_communications"",""label"":""Media Communications"",""count"":12},{""node"":""topic::law_justice_crime"",""label"":""Law Justice Crime"",""count"":6},{""node"":""per::trump"",""label"":""Trump"",""count"":4},{""node"":""topic::congress_governance"",""label"":""Congress Governance"",""count"":3},{""node"":""org::fbi"",""label"":""Fbi"",""count"":3},{""node"":""topic::endorsements_appointments"",""label"":""Endorsements Appointments"",""count"":2},{""node"":""topic::health_public_health"",""label"":""Health Public Health"",""count"":2},{""node"":""loc::america"",""label"":""America"",""count"":2},{""node"":""topic::immigration_border"",""label"":""Immigration Border"",""count"":2},{""node"":""org::daca"",""label"":""Daca"",""count"":2},{""node"":""per::nancy pelosi"",""label"":""Nancy Pelosi"",""count"":2},{""node"":""mention::erictrump"",""label"":""@erictrump"",""count"":2}]"
2018-W06,2018-02-05,2018-02-11,41,41,0,0,41,66,221,18,5,18,Media Communications,topic::media_communications,18,Daca,org::daca,4,"[{""node"":""topic::media_communications"",""label"":""Media Communications"",""count"":18},{""node"":""topic::law_justice_crime"",""label"":""Law Justice Crime"",""count"":13},{""node"":""topic::congress_governance"",""label"":""Congress Governance"",""count"":10},{""node"":""topic::immigration_border"",""label"":""Immigration Border"",""count"":6},{""node"":""org::daca"",""label"":""Daca"",""count"":4},{""node"":""org::congress"",""label"":""Congress"",""count"":4},{""node"":""org::military"",""label"":""Military"",""count"":4},{""node"":""topic::elections_campaigns"",""label"":""Elections Campaigns"",""count"":4},{""node"":""topic::health_public_health"",""label"":""Health Public Health"",""count"":3},{""node"":""loc::america"",""label"":""America"",""count"":3},{""node"":""loc::washington"",""label"":""Washington"",""count"":2},{""node"":""topic::social_culture_education"",""label"":""Social Culture Education"",""count"":2}]"
2018-W07,2018-02-12,2018-02-18,39,39,0,2,37,60,184,20,4,15,Media Communications,topic::media_communications,22,Florida,loc::florida,7,"[{""node"":""topic::media_communications"",""label"":""Media Communications"",""count"":22},{""node"":""topic::congress_governance"",""label"":""Congress Governance"",""count"":11},{""node"":""topic::law_justice_crime"",""label"":""Law Justice Crime"",""count"":11},{""node"":""loc::florida"",""label"":""Florida"",""count"":7},{""node"":""org::daca"",""label"":""Daca"",""count"":5},{""node"":""topic::health_public_health"",""label"":""Health Public Health"",""count"":4},{""node"":""topic::elections_campaigns"",""label"":""Elections Campaigns"",""count"":4},{""node"":""loc::russia"",""label"":""Russia"",""count"":4},{""node"":""per::trump"",""label"":""Trump"",""count"":4},{""node"":""loc::america"",""label"":""America"",""count"":3},{""node"":""org::congress"",""label"":""Congress"",""count"":3},{""node"":""topic::immigration_border"",""label"":""Immigration Border"",""count"":3}]"
2018-W08,2018-02-19,2018-02-25,60,60,0,5,55,85,300,22,13,25,Media Communications,topic::media_communications,34,Obama,per::obama,7,"[{""node"":""topic::media_communications"",""label"":""Media Communications"",""count"":34},{""node"":""topic::health_public_health"",""label"":""Health Public Health"",""count"":14},{""node"":""topic::law_justice_crime"",""label"":""Law Justice Crime"",""count"":12},{""node"":""topic::elections_campaigns"",""label"":""Elections Campaigns"",""count"":8},{""node"":""mention::foxnews"",""label"":""@foxnews"",""count"":8},{""node"":""per::obama"",""label"":""Obama"",""count"":7},{""node"":""topic::congress_governance"",""label"":""Congress Governance"",""count"":7},{""node"":""org::foxnews"",""label"":""Foxnews"",""count"":6},{""node"":""topic::foreign_policy_diplomacy"",""label"":""Foreign Policy Diplomacy"",""count"":4},{""node"":""org::daca"",""label"":""Daca"",""count"":4},{""node"":""org::cnn"",""label"":""Cnn"",""count"":4},{""node"":""mention::cnn"",""label"":""@cnn"",""count"":4}]"
2018-W09,2018-02-26,2018-03-04,42,42,0,2,40,63,142,12,7,23,Media Communications,topic::media_communications,17,U. S,loc::u. s,5,"[{""node"":""topic::media_communications"",""label"":""Media Communications"",""count"":17},{""node"":""topic::law_justice_crime"",""label"":""Law Justice Crime"",""count"":8},{""node"":""topic::health_public_health"",""label"":""Health Public Health"",""count"":6},{""node"":""loc::u. s"",""label"":""U. S"",""count"":5},{""node"":""per::trump"",""label"":""Trump"",""count"":3},{""node"":""topic::congress_governance"",""label"":""Congress Governance"",""count"":3},{""node"":""topic::immigration_border"",""label"":""Immigration Border"",""count"":3},{""node"":""per::billy graham"",""label"":""Billy Graham"",""count"":3},{""node"":""org::justice department"",""label"":""Justice Department"",""count"":2},{""node"":""loc::texas"",""label"":""Texas"",""count"":2},{""node"":""topic::endorsements_appointments"",""label"":""Endorsements Appointments"",""count"":2},{""node"":""per::god"",""label"":""God"",""count"":2}]"
2018-W10,2018-03-05,2018-03-11,47,47,0,1,46,73,220,19,4,24,Media Communications,topic::media_communications,15,U. S,loc::u. s,9,"[{""node"":""topic::media_communications"",""label"":""Media Communications"",""count"":15},{""node"":""topic::foreign_policy_diplomacy"",""label"":""Foreign Policy Diplomacy"",""count"":14},{""node"":""loc::u. s"",""label"":""U. S"",""count"":9},{""node"":""loc::north korea"",""label"":""North Korea"",""count"":8},{""node"":""topic::congress_governance"",""label"":""Congress Governance"",""count"":7},{""node"":""hashtag::maga"",""label"":""#maga"",""count"":6},{""node"":""topic::law_justice_crime"",""label"":""Law Justice Crime"",""count"":4},{""node"":""topic::endorsements_appointments"",""label"":""Endorsements Appointments"",""count"":4},{""node"":""loc::pennsylvania"",""label"":""Pennsylvania"",""count"":4},{""node"":""topic::economy_trade_taxes"",""label"":""Economy Trade Taxes"",""count"":3},{""node"":""topic::defense_military_veterans"",""label"":""Defense Military Veterans"",""count"":3},{""node"":""topic::elections_campaigns"",""label"":""Elections Campaigns"",""count"":3}]"
2018-W11,2018-03-12,2018-03-18,42,42,0,1,41,73,220,12,10,20,Media Communications,topic::media_communications,18,U. S,loc::u. s,4,"[{""node"":""topic::media_communications"",""label"":""Media Communications"",""count"":18},{""node"":""topic::law_justice_crime"",""label"":""Law Justice Crime"",""count"":11},{""node"":""topic::congress_governance"",""label"":""Congress Governance"",""count"":6},{""node"":""topic::defense_military_veterans"",""label"":""Defense Military Veterans"",""count"":5},{""node"":""loc::u. s"",""label"":""U. S"",""count"":4},{""node"":""topic::health_public_health"",""label"":""Health Public Health"",""count"":4},{""node"":""topic::elections_campaigns"",""label"":""Elections Campaigns"",""count"":4},{""node"":""topic::endorsements_appointments"",""label"":""Endorsements Appointments"",""count"":4},{""node"":""topic::immigration_border"",""label"":""Immigration Border"",""count"":4},{""node"":""topic::foreign_policy_diplomacy"",""label"":""Foreign Policy Diplomacy"",""count"":3},{""node"":""org::congress"",""label"":""Congress"",""count"":3},{""node"":""mention::whitehouse"",""label"":""@whitehouse"",""count"":3}]"
2018-W12,2018-03-19,2018-03-25,34,34,0,2,32,59,172,14,9,11,Media Communications,topic::media_communications,12,Daca,org::daca,5,"[{""node"":""topic::media_communications"",""label"":""Media Communications"",""count"":12},{""node"":""topic::law_justice_crime"",""label"":""Law Justice Crime"",""count"":8},{""node"":""topic::immigration_border"",""label"":""Immigration Border"",""count"":8},{""node"":""topic::congress_governance"",""label"":""Congress Governance"",""count"":5},{""node"":""org::daca"",""label"":""Daca"",""count"":5},{""node"":""topic::health_public_health"",""label"":""Health Public Health"",""count"":4},{""node"":""loc::russia"",""label"":""Russia"",""count"":4},{""node"":""per::trump"",""label"":""Trump"",""count"":3},{""node"":""topic::endorsements_appointments"",""label"":""Endorsements Appointments"",""count"":3},{""node"":""mention::whitehouse"",""label"":""@whitehouse"",""count"":2},{""node"":""org::department of justice"",""label"":""Department Of Justice"",""count"":2},{""node"":""per::eller"",""label"":""Eller"",""count"":2}]"
2018-W13,2018-03-26,2018-04-01,28,28,0,1,27,42,97,10,4,14,Media Communications,topic::media_communications,12,California,loc::california,2,"[{""node"":""topic::media_communications"",""label"":""Media Communications"",""count"":12},{""node"":""topic::immigration_border"",""label"":""Immigration Border"",""count"":7},{""node"":""topic::foreign_policy_diplomacy"",""label"":""Foreign Policy Diplomacy"",""count"":6},{""node"":""topic::law_justice_crime"",""label"":""Law Justice Crime"",""count"":6},{""node"":""hashtag::maga"",""label"":""#maga"",""count"":2},{""node"":""topic::congress_governance"",""label"":""Congress Governance"",""count"":2},{""node"":""loc::california"",""label"":""California"",""count"":2},{""node"":""topic::defense_military_veterans"",""label"":""Defense Military Veterans"",""count"":2},{""node"":""topic::economy_trade_taxes"",""label"":""Economy Trade Taxes"",""count"":2},{""node"":""loc::u. s"",""label"":""U. S"",""count"":2},{""node"":""org::nh"",""label"":""Nh"",""count"":1},{""node"":""org::fake news"",""label"":""Fake News"",""count"":1}]"
2018-W14,2018-04-02,2018-04-08,53,53,0,1,52,83,262,30,8,15,Media Communications,topic::media_communications,23,U. S,loc::u. s,9,"[{""node"":""topic::media_communications"",""label"":""Media Communications"",""count"":23},{""node"":""topic::law_justice_crime"",""label"":""Law Justice Crime"",""count"":13},{""node"":""topic::immigration_border"",""label"":""Immigration Border"",""count"":11},{""node"":""topic::foreign_policy_diplomacy"",""label"":""Foreign Policy Diplomacy"",""count"":11},{""node"":""topic::congress_governance"",""label"":""Congress Governance"",""count"":9},{""node"":""loc::u. s"",""label"":""U. S"",""count"":9},{""node"":""loc::mexico"",""label"":""Mexico"",""count"":7},{""node"":""loc::china"",""label"":""China"",""count"":6},{""node"":""org::congress"",""label"":""Congress"",""count"":5},{""node"":""org::fbi"",""label"":""Fbi"",""count"":4},{""node"":""per::trump"",""label"":""Trump"",""count"":4},{""node"":""topic::health_public_health"",""label"":""Health Public Health"",""count"":4}]"
2018-W15,2018-04-09,2018-04-15,51,51,0,4,47,85,289,21,6,24,Media Communications,topic::media_communications,26,China,loc::china,4,"[{""node"":""topic::media_communications"",""label"":""Media Communications"",""count"":26},{""node"":""topic::law_justice_crime"",""label"":""Law Justice Crime"",""count"":19},{""node"":""topic::foreign_policy_diplomacy"",""label"":""Foreign Policy Diplomacy"",""count"":11},{""node"":""topic::health_public_health"",""label"":""Health Public Health"",""count"":6},{""node"":""loc::china"",""label"":""China"",""count"":4},{""node"":""loc::syria"",""label"":""Syria"",""count"":4},{""node"":""topic::immigration_border"",""label"":""Immigration Border"",""count"":4},{""node"":""loc::america"",""label"":""America"",""count"":4},{""node"":""per::james comey"",""label"":""James Comey"",""count"":4},{""node"":""per::come"",""label"":""Come"",""count"":4},{""node"":""per::trump"",""label"":""Trump"",""count"":3},{""node"":""mention::whitehouse"",""label"":""@whitehouse"",""count"":3}]"
2018-W16,2018-04-16,2018-04-22,92,92,0,21,71,126,468,40,18,34,Media Communications,topic::media_communications,50,North Korea,loc::north korea,7,"[{""node"":""topic::media_communications"",""label"":""Media Communications"",""count"":50},{""node"":""topic::law_justice_crime"",""label"":""Law Justice Crime"",""count"":30},{""node"":""topic::foreign_policy_diplomacy"",""label"":""Foreign Policy Diplomacy"",""count"":17},{""node"":""topic::endorsements_appointments"",""label"":""Endorsements Appointments"",""count"":10},{""node"":""topic::congress_governance"",""label"":""Congress Governance"",""count"":9},{""node"":""topic::health_public_health"",""label"":""Health Public Health"",""count"":8},{""node"":""topic::immigration_border"",""label"":""Immigration Border"",""count"":7},{""node"":""loc::north korea"",""label"":""North Korea"",""count"":7},{""node"":""loc::japan"",""label"":""Japan"",""count"":6},{""node"":""org::congress"",""label"":""Congress"",""count"":5},{""node"":""mention::abeshinzo"",""label"":""@abeshinzo"",""count"":5},{""node"":""per::come"",""label"":""Come"",""count"":4}]"
2018-W17,2018-04-23,2018-04-29,47,47,0,5,42,90,342,14,0,33,Media Communications,topic::media_communications,26,U. S,loc::u. s,4,"[{""node"":""topic::media_communications"",""label"":""Media Communications"",""count"":26},{""node"":""topic::foreign_policy_diplomacy"",""label"":""Foreign Policy Diplomacy"",""count"":14},{""node"":""topic::health_public_health"",""label"":""Health Public Health"",""count"":11},{""node"":""topic::law_justice_crime"",""label"":""Law Justice Crime"",""count"":7},{""node"":""topic::congress_governance"",""label"":""Congress Governance"",""count"":5},{""node"":""topic::immigration_border"",""label"":""Immigration Border"",""count"":5},{""node"":""loc::u. s"",""label"":""U. S"",""count"":4},{""node"":""loc::france"",""label"":""France"",""count"":4},{""node"":""mention::whitehouse"",""label"":""@whitehouse"",""count"":4},{""node"":""loc::washington"",""label"":""Washington"",""count"":4},{""node"":""topic::defense_military_veterans"",""label"":""Defense Military Veterans"",""count"":4},{""node"":""mention::foxandfriends"",""label"":""@foxandfriends"",""count"":4}]"
2018-W18,2018-04-30,2018-05-06,47,47,0,0,47,66,196,16,11,20,Media Communications,topic::media_communications,21,U. S,loc::u. s,6,"[{""node"":""topic::media_communications"",""label"":""Media Communications"",""count"":21},{""node"":""topic::law_justice_crime"",""label"":""Law Justice Crime"",""count"":13},{""node"":""topic::foreign_policy_diplomacy"",""label"":""Foreign Policy Diplomacy"",""count"":9},{""node"":""topic::congress_governance"",""label"":""Congress Governance"",""count"":7},{""node"":""loc::u. s"",""label"":""U. S"",""count"":6},{""node"":""loc::china"",""label"":""China"",""count"":5},{""node"":""topic::health_public_health"",""label"":""Health Public Health"",""count"":5},{""node"":""org::congress"",""label"":""Congress"",""count"":5},{""node"":""loc::white house"",""label"":""White House"",""count"":4},{""node"":""topic::immigration_border"",""label"":""Immigration Border"",""count"":4},{""node"":""mention::whitehouse"",""label"":""@whitehouse"",""count"":4},{""node"":""loc::north korea"",""label"":""North Korea"",""count"":3}]"
2018-W19,2018-05-07,2018-05-13,43,43,0,2,41,63,149,18,4,21,Foreign Policy Diplomacy,topic::foreign_policy_diplomacy,21,North Korea,loc::north korea,4,"[{""node"":""topic::foreign_policy_diplomacy"",""label"":""Foreign Policy Diplomacy"",""count"":21},{""node"":""topic::media_communications"",""label"":""Media Communications"",""count"":15},{""node"":""topic::health_public_health"",""label"":""Health Public Health"",""count"":5},{""node"":""topic::endorsements_appointments"",""label"":""Endorsements Appointments"",""count"":4},{""node"":""topic::law_justice_crime"",""label"":""Law Justice Crime"",""count"":4},{""node"":""loc::north korea"",""label"":""North Korea"",""count"":4},{""node"":""loc::iran"",""label"":""Iran"",""count"":4},{""node"":""org::cia"",""label"":""Cia"",""count"":3},{""node"":""loc::america"",""label"":""America"",""count"":3},{""node"":""loc::china"",""label"":""China"",""count"":3},{""node"":""topic::elections_campaigns"",""label"":""Elections Campaigns"",""count"":2},{""node"":""org::senate"",""label"":""Senate"",""count"":2}]"
2018-W20,2018-05-14,2018-05-20,62,62,0,6,56,88,287,23,11,28,Media Communications,topic::media_communications,25,U. S,loc::u. s,6,"[{""node"":""topic::media_communications"",""label"":""Media Communications"",""count"":25},{""node"":""topic::law_justice_crime"",""label"":""Law Justice Crime"",""count"":16},{""node"":""topic::foreign_policy_diplomacy"",""label"":""Foreign Policy Diplomacy"",""count"":11},{""node"":""topic::health_public_health"",""label"":""Health Public Health"",""count"":10},{""node"":""topic::elections_campaigns"",""label"":""Elections Campaigns"",""count"":8},{""node"":""loc::u. s"",""label"":""U. S"",""count"":6},{""node"":""org::f"",""label"":""F"",""count"":6},{""node"":""topic::congress_governance"",""label"":""Congress Governance"",""count"":6},{""node"":""org::fbi"",""label"":""Fbi"",""count"":6},{""node"":""loc::china"",""label"":""China"",""count"":5},{""node"":""topic::defense_military_veterans"",""label"":""Defense Military Veterans"",""count"":5},{""node"":""topic::endorsements_appointments"",""label"":""Endorsements Appointments"",""count"":5}]"
2018-W21,2018-05-21,2018-05-27,74,74,0,6,68,100,404,31,15,28,Media Communications,topic::media_communications,30,North Korea,loc::north korea,8,"[{""node"":""topic::media_communications"",""label"":""Media Communications"",""count"":30},{""node"":""topic::law_justice_crime"",""label"":""Law Justice Crime"",""count"":27},{""node"":""topic::foreign_policy_diplomacy"",""label"":""Foreign Policy Diplomacy"",""count"":19},{""node"":""topic::elections_campaigns"",""label"":""Elections Campaigns"",""count"":11},{""node"":""topic::health_public_health"",""label"":""Health Public Health"",""count"":11},{""node"":""topic::congress_governance"",""label"":""Congress Governance"",""count"":8},{""node"":""loc::north korea"",""label"":""North Korea"",""count"":8},{""node"":""org::fbi"",""label"":""Fbi"",""count"":8},{""node"":""topic::defense_military_veterans"",""label"":""Defense Military Veterans"",""count"":7},{""node"":""topic::endorsements_appointments"",""label"":""Endorsements Appointments"",""count"":6},{""node"":""loc::china"",""label"":""China"",""count"":5},{""node"":""mention::whitehouse"",""label"":""@whitehouse"",""count"":5}]"
2018-W22,2018-05-28,2018-06-03,71,71,0,11,60,103,382,36,12,23,Media Communications,topic::media_communications,40,Trump,per::trump,5,"[{""node"":""topic::media_communications"",""label"":""Media Communications"",""count"":40},{""node"":""topic::law_justice_crime"",""label"":""Law Justice Crime"",""count"":23},{""node"":""topic::endorsements_appointments"",""label"":""Endorsements Appointments"",""count"":12},{""node"":""topic::elections_campaigns"",""label"":""Elections Campaigns"",""count"":11},{""node"":""topic::foreign_policy_diplomacy"",""label"":""Foreign Policy Diplomacy"",""count"":7},{""node"":""topic::defense_military_veterans"",""label"":""Defense Military Veterans"",""count"":6},{""node"":""topic::congress_governance"",""label"":""Congress Governance"",""count"":6},{""node"":""topic::health_public_health"",""label"":""Health Public Health"",""count"":6},{""node"":""mention::foxnews"",""label"":""@foxnews"",""count"":5},{""node"":""per::trump"",""label"":""Trump"",""count"":5},{""node"":""loc::u. s"",""label"":""U. S"",""count"":5},{""node"":""org::foxnews"",""label"":""Foxnews"",""count"":4}]"
2018-W23,2018-06-04,2018-06-10,87,87,0,4,83,109,361,37,9,41,Media Communications,topic::media_communications,35,Canada,loc::canada,11,"[{""node"":""topic::media_communications"",""label"":""Media Communications"",""count"":35},{""node"":""topic::foreign_policy_diplomacy"",""label"":""Foreign Policy Diplomacy"",""count"":20},{""node"":""topic::law_justice_crime"",""label"":""Law Justice Crime"",""count"":17},{""node"":""topic::congress_governance"",""label"":""Congress Governance"",""count"":11},{""node"":""loc::canada"",""label"":""Canada"",""count"":11},{""node"":""loc::u. s"",""label"":""U. S"",""count"":11},{""node"":""topic::economy_trade_taxes"",""label"":""Economy Trade Taxes"",""count"":9},{""node"":""topic::elections_campaigns"",""label"":""Elections Campaigns"",""count"":9},{""node"":""topic::defense_military_veterans"",""label"":""Defense Military Veterans"",""count"":8},{""node"":""loc::north korea"",""label"":""North Korea"",""count"":6},{""node"":""topic::health_public_health"",""label"":""Health Public Health"",""count"":5},{""node"":""loc::white house"",""label"":""White House"",""count"":5}]"
2018-W24,2018-06-11,2018-06-17,86,86,0,15,71,109,383,40,15,31,Media Communications,topic::media_communications,45,North Korea,loc::north korea,9,"[{""node"":""topic::media_communications"",""label"":""Media Communications"",""count"":45},{""node"":""topic::law_justice_crime"",""label"":""Law Justice Crime"",""count"":25},{""node"":""topic::foreign_policy_diplomacy"",""label"":""Foreign Policy Diplomacy"",""count"":20},{""node"":""topic::elections_campaigns"",""label"":""Elections Campaigns"",""count"":11},{""node"":""loc::north korea"",""label"":""North Korea"",""count"":9},{""node"":""topic::health_public_health"",""label"":""Health Public Health"",""count"":8},{""node"":""topic::congress_governance"",""label"":""Congress Governance"",""count"":8},{""node"":""mention::realdonaldtrump"",""label"":""@realdonaldtrump"",""count"":7},{""node"":""mention::foxandfriends"",""label"":""@foxandfriends"",""count"":7},{""node"":""loc::canada"",""label"":""Canada"",""count"":6},{""node"":""org::fbi"",""label"":""Fbi"",""count"":6},{""node"":""loc::u. s"",""label"":""U. S"",""count"":5}]"
2018-W25,2018-06-18,2018-06-24,102,102,0,16,86,125,445,46,13,43,Media Communications,topic::media_communications,42,Minnesota,loc::minnesota,6,"[{""node"":""topic::media_communications"",""label"":""Media Communications"",""count"":42},{""node"":""topic::immigration_border"",""label"":""Immigration Border"",""count"":42},{""node"":""topic::law_justice_crime"",""label"":""Law Justice Crime"",""count"":24},{""node"":""topic::congress_governance"",""label"":""Congress Governance"",""count"":19},{""node"":""topic::elections_campaigns"",""label"":""Elections Campaigns"",""count"":10},{""node"":""topic::health_public_health"",""label"":""Health Public Health"",""count"":8},{""node"":""mention::realdonaldtrump"",""label"":""@realdonaldtrump"",""count"":7},{""node"":""loc::minnesota"",""label"":""Minnesota"",""count"":6},{""node"":""hashtag::maga"",""label"":""#maga"",""count"":6},{""node"":""loc::united states"",""label"":""United States"",""count"":6},{""node"":""topic::foreign_policy_diplomacy"",""label"":""Foreign Policy Diplomacy"",""count"":5},{""node"":""topic::endorsements_appointments"",""label"":""Endorsements Appointments"",""count"":5}]"
2018-W26,2018-06-25,2018-07-01,87,87,0,14,73,129,446,30,18,39,Media Communications,topic::media_communications,42,Trump,per::trump,5,"[{""node"":""topic::media_communications"",""label"":""Media Communications"",""count"":42},{""node"":""topic::law_justice_crime"",""label"":""Law Justice Crime"",""count"":21},{""node"":""topic::immigration_border"",""label"":""Immigration Border"",""count"":14},{""node"":""topic::health_public_health"",""label"":""Health Public Health"",""count"":14},{""node"":""topic::congress_governance"",""label"":""Congress Governance"",""count"":9},{""node"":""topic::endorsements_appointments"",""label"":""Endorsements Appointments"",""count"":9},{""node"":""topic::elections_campaigns"",""label"":""Elections Campaigns"",""count"":8},{""node"":""topic::economy_trade_taxes"",""label"":""Economy Trade Taxes"",""count"":6},{""node"":""topic::defense_military_veterans"",""label"":""Defense Military Veterans"",""count"":5},{""node"":""per::trump"",""label"":""Trump"",""count"":5},{""node"":""loc::u. s"",""label"":""U. S"",""count"":5},{""node"":""loc::south carolina"",""label"":""South Carolina"",""count"":5}]"
2018-W27,2018-07-02,2018-07-08,54,54,0,8,46,78,206,23,6,25,Media Communications,topic::media_communications,24,United States,loc::united states,3,"[{""node"":""topic::media_communications"",""label"":""Media Communications"",""count"":24},{""node"":""topic::law_justice_crime"",""label"":""Law Justice Crime"",""count"":10},{""node"":""topic::immigration_border"",""label"":""Immigration Border"",""count"":8},{""node"":""topic::defense_military_veterans"",""label"":""Defense Military Veterans"",""count"":7},{""node"":""topic::health_public_health"",""label"":""Health Public Health"",""count"":7},{""node"":""topic::foreign_policy_diplomacy"",""label"":""Foreign Policy Diplomacy"",""count"":6},{""node"":""topic::endorsements_appointments"",""label"":""Endorsements Appointments"",""count"":6},{""node"":""loc::united states"",""label"":""United States"",""count"":3},{""node"":""org::ice"",""label"":""Ice"",""count"":3},{""node"":""loc::west virginia"",""label"":""West Virginia"",""count"":3},{""node"":""loc::america"",""label"":""America"",""count"":3},{""node"":""topic::energy_environment"",""label"":""Energy Environment"",""count"":3}]"
2018-W28,2018-07-09,2018-07-15,82,82,0,28,54,93,420,37,26,19,Media Communications,topic::media_communications,49,Nato,org::nato,18,"[{""node"":""topic::media_communications"",""label"":""Media Communications"",""count"":49},{""node"":""topic::foreign_policy_diplomacy"",""label"":""Foreign Policy Diplomacy"",""count"":30},{""node"":""topic::law_justice_crime"",""label"":""Law Justice Crime"",""count"":21},{""node"":""org::nato"",""label"":""Nato"",""count"":18},{""node"":""mention::realdonaldtrump"",""label"":""@realdonaldtrump"",""count"":16},{""node"":""loc::u. s"",""label"":""U. S"",""count"":11},{""node"":""topic::health_public_health"",""label"":""Health Public Health"",""count"":11},{""node"":""mention::scavino45"",""label"":""@scavino45"",""count"":11},{""node"":""topic::endorsements_appointments"",""label"":""Endorsements Appointments"",""count"":10},{""node"":""loc::europe"",""label"":""Europe"",""count"":9},{""node"":""loc::russia"",""label"":""Russia"",""count"":9},{""node"":""loc::germany"",""label"":""Germany"",""count"":8}]"
2018-W29,2018-07-16,2018-07-22,73,73,0,11,62,107,432,26,18,29,Media Communications,topic::media_communications,43,Russia,loc::russia,11,"[{""node"":""topic::media_communications"",""label"":""Media Communications"",""count"":43},{""node"":""topic::foreign_policy_diplomacy"",""label"":""Foreign Policy Diplomacy"",""count"":22},{""node"":""topic::law_justice_crime"",""label"":""Law Justice Crime"",""count"":18},{""node"":""topic::elections_campaigns"",""label"":""Elections Campaigns"",""count"":11},{""node"":""loc::russia"",""label"":""Russia"",""count"":11},{""node"":""topic::health_public_health"",""label"":""Health Public Health"",""count"":7},{""node"":""per::putin"",""label"":""Putin"",""count"":6},{""node"":""loc::u. s"",""label"":""U. S"",""count"":5},{""node"":""topic::defense_military_veterans"",""label"":""Defense Military Veterans"",""count"":5},{""node"":""per::trump"",""label"":""Trump"",""count"":5},{""node"":""loc::finland"",""label"":""Finland"",""count"":4},{""node"":""loc::helsinki"",""label"":""Helsinki"",""count"":4}]"
2018-W30,2018-07-23,2018-07-29,90,90,0,7,83,121,457,34,11,45,Media Communications,topic::media_communications,50,Trump,per::trump,8,"[{""node"":""topic::media_communications"",""label"":""Media Communications"",""count"":50},{""node"":""topic::law_justice_crime"",""label"":""Law Justice Crime"",""count"":21},{""node"":""topic::foreign_policy_diplomacy"",""label"":""Foreign Policy Diplomacy"",""count"":11},{""node"":""topic::defense_military_veterans"",""label"":""Defense Military Veterans"",""count"":11},{""node"":""topic::congress_governance"",""label"":""Congress Governance"",""count"":9},{""node"":""per::trump"",""label"":""Trump"",""count"":8},{""node"":""topic::immigration_border"",""label"":""Immigration Border"",""count"":7},{""node"":""topic::elections_campaigns"",""label"":""Elections Campaigns"",""count"":7},{""node"":""topic::health_public_health"",""label"":""Health Public Health"",""count"":6},{""node"":""org::f"",""label"":""F"",""count"":6},{""node"":""topic::endorsements_appointments"",""label"":""Endorsements Appointments"",""count"":6},{""node"":""loc::u. s"",""label"":""U. S"",""count"":6}]"
2018-W31,2018-07-30,2018-08-05,109,109,0,24,85,164,542,31,22,56,Media Communications,topic::media_communications,52,Ohio,loc::ohio,10,"[{""node"":""topic::media_communications"",""label"":""Media Communications"",""count"":52},{""node"":""topic::law_justice_crime"",""label"":""Law Justice Crime"",""count"":20},{""node"":""topic::elections_campaigns"",""label"":""Elections Campaigns"",""count"":17},{""node"":""topic::congress_governance"",""label"":""Congress Governance"",""count"":13},{""node"":""topic::health_public_health"",""label"":""Health Public Health"",""count"":13},{""node"":""mention::realdonaldtrump"",""label"":""@realdonaldtrump"",""count"":11},{""node"":""loc::ohio"",""label"":""Ohio"",""count"":10},{""node"":""topic::defense_military_veterans"",""label"":""Defense Military Veterans"",""count"":9},{""node"":""topic::immigration_border"",""label"":""Immigration Border"",""count"":8},{""node"":""topic::economy_trade_taxes"",""label"":""Economy Trade Taxes"",""count"":8},{""node"":""per::trump"",""label"":""Trump"",""count"":8},{""node"":""mention::whitehouse"",""label"":""@whitehouse"",""count"":7}]"
2018-W32,2018-08-06,2018-08-12,52,52,0,2,50,109,437,24,4,24,Media Communications,topic::media_communications,23,Fbi,org::fbi,7,"[{""node"":""topic::media_communications"",""label"":""Media Communications"",""count"":23},{""node"":""topic::law_justice_crime"",""label"":""Law Justice Crime"",""count"":17},{""node"":""topic::elections_campaigns"",""label"":""Elections Campaigns"",""count"":13},{""node"":""topic::congress_governance"",""label"":""Congress Governance"",""count"":8},{""node"":""org::fbi"",""label"":""Fbi"",""count"":7},{""node"":""per::donald trump"",""label"":""Donald Trump"",""count"":5},{""node"":""per::hillary"",""label"":""Hillary"",""count"":5},{""node"":""topic::immigration_border"",""label"":""Immigration Border"",""count"":4},{""node"":""org::senate"",""label"":""Senate"",""count"":4},{""node"":""loc::u. s"",""label"":""U. S"",""count"":4},{""node"":""topic::energy_environment"",""label"":""Energy Environment"",""count"":4},{""node"":""loc::michigan"",""label"":""Michigan"",""count"":4}]"
2018-W33,2018-08-13,2018-08-19,104,104,0,3,101,150,597,55,20,29,Media Communications,topic::media_communications,62,U. S,loc::u. s,11,"[{""node"":""topic::media_communications"",""label"":""Media Communications"",""count"":62},{""node"":""topic::law_justice_crime"",""label"":""Law Justice Crime"",""count"":38},{""node"":""topic::elections_campaigns"",""label"":""Elections Campaigns"",""count"":14},{""node"":""loc::u. s"",""label"":""U. S"",""count"":11},{""node"":""loc::white house"",""label"":""White House"",""count"":7},{""node"":""org::fbi"",""label"":""Fbi"",""count"":7},{""node"":""per::omarosa"",""label"":""Omarosa"",""count"":6},{""node"":""org::doj"",""label"":""Doj"",""count"":6},{""node"":""per::trump"",""label"":""Trump"",""count"":6},{""node"":""topic::health_public_health"",""label"":""Health Public Health"",""count"":6},{""node"":""topic::congress_governance"",""label"":""Congress Governance"",""count"":6},{""node"":""loc::russia"",""label"":""Russia"",""count"":6}]"
2018-W34,2018-08-20,2018-08-26,82,82,0,6,76,112,388,31,18,33,Media Communications,topic::media_communications,49,Senate,org::senate,5,"[{""node"":""topic::media_communications"",""label"":""Media Communications"",""count"":49},{""node"":""topic::law_justice_crime"",""label"":""Law Justice Crime"",""count"":26},{""node"":""topic::health_public_health"",""label"":""Health Public Health"",""count"":12},{""node"":""topic::elections_campaigns"",""label"":""Elections Campaigns"",""count"":7},{""node"":""topic::foreign_policy_diplomacy"",""label"":""Foreign Policy Diplomacy"",""count"":7},{""node"":""org::senate"",""label"":""Senate"",""count"":5},{""node"":""topic::defense_military_veterans"",""label"":""Defense Military Veterans"",""count"":5},{""node"":""mention::realdonaldtrump"",""label"":""@realdonaldtrump"",""count"":5},{""node"":""org::foxnews"",""label"":""Foxnews"",""count"":4},{""node"":""mention::foxnews"",""label"":""@foxnews"",""count"":4},{""node"":""loc::u. s"",""label"":""U. S"",""count"":4},{""node"":""loc::west virginia"",""label"":""West Virginia"",""count"":4}]"
2018-W35,2018-08-27,2018-09-02,93,93,0,5,88,145,634,44,15,34,Media Communications,topic::media_communications,54,F,org::f,8,"[{""node"":""topic::media_communications"",""label"":""Media Communications"",""count"":54},{""node"":""topic::law_justice_crime"",""label"":""Law Justice Crime"",""count"":25},{""node"":""topic::elections_campaigns"",""label"":""Elections Campaigns"",""count"":13},{""node"":""topic::foreign_policy_diplomacy"",""label"":""Foreign Policy Diplomacy"",""count"":9},{""node"":""org::f"",""label"":""F"",""count"":8},{""node"":""org::cnn"",""label"":""Cnn"",""count"":8},{""node"":""per::trump"",""label"":""Trump"",""count"":8},{""node"":""topic::health_public_health"",""label"":""Health Public Health"",""count"":7},{""node"":""topic::defense_military_veterans"",""label"":""Defense Military Veterans"",""count"":7},{""node"":""topic::congress_governance"",""label"":""Congress Governance"",""count"":7},{""node"":""loc::u. s"",""label"":""U. S"",""count"":7},{""node"":""org::fbi"",""label"":""Fbi"",""count"":6}]"
2018-W36,2018-09-03,2018-09-09,86,86,0,13,73,112,358,25,15,46,Media Communications,topic::media_communications,53,Trump,per::trump,13,"[{""node"":""topic::media_communications"",""label"":""Media Communications"",""count"":53},{""node"":""per::trump"",""label"":""Trump"",""count"":13},{""node"":""topic::endorsements_appointments"",""label"":""Endorsements Appointments"",""count"":10},{""node"":""topic::foreign_policy_diplomacy"",""label"":""Foreign Policy Diplomacy"",""count"":10},{""node"":""topic::law_justice_crime"",""label"":""Law Justice Crime"",""count"":10},{""node"":""topic::health_public_health"",""label"":""Health Public Health"",""count"":9},{""node"":""topic::defense_military_veterans"",""label"":""Defense Military Veterans"",""count"":8},{""node"":""topic::congress_governance"",""label"":""Congress Governance"",""count"":8},{""node"":""loc::u. s"",""label"":""U. S"",""count"":7},{""node"":""topic::elections_campaigns"",""label"":""Elections Campaigns"",""count"":7},{""node"":""mention::realdonaldtrump"",""label"":""@realdonaldtrump"",""count"":6},{""node"":""loc::montana"",""label"":""Montana"",""count"":6}]"
2018-W37,2018-09-10,2018-09-16,118,118,0,40,78,150,602,39,47,32,Media Communications,topic::media_communications,84,Florence,loc::florence,14,"[{""node"":""topic::media_communications"",""label"":""Media Communications"",""count"":84},{""node"":""topic::law_justice_crime"",""label"":""Law Justice Crime"",""count"":21},{""node"":""topic::health_public_health"",""label"":""Health Public Health"",""count"":19},{""node"":""loc::florence"",""label"":""Florence"",""count"":14},{""node"":""mention::realdonaldtrump"",""label"":""@realdonaldtrump"",""count"":10},{""node"":""hashtag::hurricaneflorence"",""label"":""#hurricaneflorence"",""count"":9},{""node"":""hashtag::florence"",""label"":""#florence"",""count"":9},{""node"":""per::trump"",""label"":""Trump"",""count"":8},{""node"":""topic::defense_military_veterans"",""label"":""Defense Military Veterans"",""count"":8},{""node"":""mention::fema"",""label"":""@fema"",""count"":8},{""node"":""loc::north carolina"",""label"":""North Carolina"",""count"":6},{""node"":""topic::congress_governance"",""label"":""Congress Governance"",""count"":6}]"
2018-W38,2018-09-17,2018-09-23,103,103,0,31,72,118,374,18,38,47,Media Communications,topic::media_communications,60,Florence,loc::florence,8,"[{""node"":""topic::media_communications"",""label"":""Media Communications"",""count"":60},{""node"":""topic::health_public_health"",""label"":""Health Public Health"",""count"":17},{""node"":""topic::defense_military_veterans"",""label"":""Defense Military Veterans"",""count"":11},{""node"":""topic::congress_governance"",""label"":""Congress Governance"",""count"":9},{""node"":""topic::elections_campaigns"",""label"":""Elections Campaigns"",""count"":8},{""node"":""loc::florence"",""label"":""Florence"",""count"":8},{""node"":""topic::law_justice_crime"",""label"":""Law Justice Crime"",""count"":8},{""node"":""loc::las vegas"",""label"":""Las Vegas"",""count"":8},{""node"":""topic::foreign_policy_diplomacy"",""label"":""Foreign Policy Diplomacy"",""count"":8},{""node"":""topic::energy_environment"",""label"":""Energy Environment"",""count"":7},{""node"":""hashtag::florence"",""label"":""#florence"",""count"":7},{""node"":""per::trump"",""label"":""Trump"",""count"":6}]"
2018-W39,2018-09-24,2018-09-30,49,49,0,7,42,58,212,13,16,20,Media Communications,topic::media_communications,30,Trump,per::trump,8,"[{""node"":""topic::media_communications"",""label"":""Media Communications"",""count"":30},{""node"":""topic::foreign_policy_diplomacy"",""label"":""Foreign Policy Diplomacy"",""count"":14},{""node"":""topic::health_public_health"",""label"":""Health Public Health"",""count"":11},{""node"":""per::trump"",""label"":""Trump"",""count"":8},{""node"":""topic::law_justice_crime"",""label"":""Law Justice Crime"",""count"":8},{""node"":""hashtag::unga"",""label"":""#unga"",""count"":7},{""node"":""org::unga"",""label"":""Unga"",""count"":6},{""node"":""topic::endorsements_appointments"",""label"":""Endorsements Appointments"",""count"":5},{""node"":""per::brett kavanaugh"",""label"":""Brett Kavanaugh"",""count"":5},{""node"":""org::foxnews"",""label"":""Foxnews"",""count"":3},{""node"":""mention::foxnews"",""label"":""@foxnews"",""count"":3},{""node"":""loc::new york city"",""label"":""New York City"",""count"":3}]"
2018-W40,2018-10-01,2018-10-07,65,65,0,10,55,77,203,7,10,48,Media Communications,topic::media_communications,37,Usmca,org::usmca,7,"[{""node"":""topic::media_communications"",""label"":""Media Communications"",""count"":37},{""node"":""topic::health_public_health"",""label"":""Health Public Health"",""count"":14},{""node"":""topic::foreign_policy_diplomacy"",""label"":""Foreign Policy Diplomacy"",""count"":8},{""node"":""org::usmca"",""label"":""Usmca"",""count"":7},{""node"":""topic::congress_governance"",""label"":""Congress Governance"",""count"":7},{""node"":""loc::canada"",""label"":""Canada"",""count"":5},{""node"":""loc::mexico"",""label"":""Mexico"",""count"":5},{""node"":""topic::law_justice_crime"",""label"":""Law Justice Crime"",""count"":5},{""node"":""topic::endorsements_appointments"",""label"":""Endorsements Appointments"",""count"":5},{""node"":""topic::elections_campaigns"",""label"":""Elections Campaigns"",""count"":5},{""node"":""loc::u. s"",""label"":""U. S"",""count"":4},{""node"":""per::brett kavanaugh"",""label"":""Brett Kavanaugh"",""count"":4}]"
2018-W41,2018-10-08,2018-10-14,94,94,0,29,65,107,362,10,32,52,Media Communications,topic::media_communications,67,Michael,per::michael,8,"[{""node"":""topic::media_communications"",""label"":""Media Communications"",""count"":67},{""node"":""topic::health_public_health"",""label"":""Health Public Health"",""count"":20},{""node"":""topic::law_justice_crime"",""label"":""Law Justice Crime"",""count"":12},{""node"":""hashtag::hurricanemichael"",""label"":""#hurricanemichael"",""count"":10},{""node"":""topic::endorsements_appointments"",""label"":""Endorsements Appointments"",""count"":9},{""node"":""per::michael"",""label"":""Michael"",""count"":8},{""node"":""loc::florida"",""label"":""Florida"",""count"":7},{""node"":""topic::foreign_policy_diplomacy"",""label"":""Foreign Policy Diplomacy"",""count"":7},{""node"":""mention::fema"",""label"":""@fema"",""count"":6},{""node"":""topic::energy_environment"",""label"":""Energy Environment"",""count"":6},{""node"":""topic::elections_campaigns"",""label"":""Elections Campaigns"",""count"":6},{""node"":""mention::whitehouse"",""label"":""@whitehouse"",""count"":6}]"
2018-W42,2018-10-15,2018-10-21,94,94,0,7,87,136,542,30,23,41,Media Communications,topic::media_communications,50,Florida,loc::florida,6,"[{""node"":""topic::media_communications"",""label"":""Media Communications"",""count"":50},{""node"":""topic::elections_campaigns"",""label"":""Elections Campaigns"",""count"":20},{""node"":""topic::health_public_health"",""label"":""Health Public Health"",""count"":20},{""node"":""topic::law_justice_crime"",""label"":""Law Justice Crime"",""count"":16},{""node"":""topic::immigration_border"",""label"":""Immigration Border"",""count"":13},{""node"":""topic::foreign_policy_diplomacy"",""label"":""Foreign Policy Diplomacy"",""count"":11},{""node"":""topic::congress_governance"",""label"":""Congress Governance"",""count"":11},{""node"":""hashtag::maga"",""label"":""#maga"",""count"":8},{""node"":""loc::florida"",""label"":""Florida"",""count"":6},{""node"":""topic::defense_military_veterans"",""label"":""Defense Military Veterans"",""count"":5},{""node"":""loc::mexico"",""label"":""Mexico"",""count"":5},{""node"":""loc::arizona"",""label"":""Arizona"",""count"":5}]"
2018-W43,2018-10-22,2018-10-28,85,85,0,4,81,125,437,28,14,43,Media Communications,topic::media_communications,38,Pennsylvania,loc::pennsylvania,6,"[{""node"":""topic::media_communications"",""label"":""Media Communications"",""count"":38},{""node"":""topic::law_justice_crime"",""label"":""Law Justice Crime"",""count"":17},{""node"":""topic::health_public_health"",""label"":""Health Public Health"",""count"":15},{""node"":""topic::elections_campaigns"",""label"":""Elections Campaigns"",""count"":14},{""node"":""topic::immigration_border"",""label"":""Immigration Border"",""count"":13},{""node"":""topic::congress_governance"",""label"":""Congress Governance"",""count"":11},{""node"":""topic::defense_military_veterans"",""label"":""Defense Military Veterans"",""count"":9},{""node"":""loc::pennsylvania"",""label"":""Pennsylvania"",""count"":6},{""node"":""loc::united states"",""label"":""United States"",""count"":5},{""node"":""per::trump"",""label"":""Trump"",""count"":5},{""node"":""topic::energy_environment"",""label"":""Energy Environment"",""count"":5},{""node"":""topic::foreign_policy_diplomacy"",""label"":""Foreign Policy Diplomacy"",""count"":5}]"
2018-W44,2018-10-29,2018-11-04,120,120,0,27,93,139,602,27,16,77,Media Communications,topic::media_communications,58,F,org::f,7,"[{""node"":""topic::media_communications"",""label"":""Media Communications"",""count"":58},{""node"":""topic::elections_campaigns"",""label"":""Elections Campaigns"",""count"":31},{""node"":""topic::congress_governance"",""label"":""Congress Governance"",""count"":29},{""node"":""mention::realdonaldtrump"",""label"":""@realdonaldtrump"",""count"":26},{""node"":""topic::law_justice_crime"",""label"":""Law Justice Crime"",""count"":15},{""node"":""topic::defense_military_veterans"",""label"":""Defense Military Veterans"",""count"":15},{""node"":""topic::immigration_border"",""label"":""Immigration Border"",""count"":14},{""node"":""topic::health_public_health"",""label"":""Health Public Health"",""count"":11},{""node"":""topic::endorsements_appointments"",""label"":""Endorsements Appointments"",""count"":10},{""node"":""hashtag::maga"",""label"":""#maga"",""count"":9},{""node"":""hashtag::magarally"",""label"":""#magarally"",""count"":9},{""node"":""org::f"",""label"":""F"",""count"":7}]"
2018-W45,2018-11-05,2018-11-11,95,95,0,23,72,125,536,27,17,51,Media Communications,topic::media_communications,45,Florida,loc::florida,10,"[{""node"":""topic::media_communications"",""label"":""Media Communications"",""count"":45},{""node"":""topic::elections_campaigns"",""label"":""Elections Campaigns"",""count"":37},{""node"":""topic::law_justice_crime"",""label"":""Law Justice Crime"",""count"":19},{""node"":""mention::realdonaldtrump"",""label"":""@realdonaldtrump"",""count"":18},{""node"":""topic::congress_governance"",""label"":""Congress Governance"",""count"":17},{""node"":""topic::health_public_health"",""label"":""Health Public Health"",""count"":14},{""node"":""loc::florida"",""label"":""Florida"",""count"":10},{""node"":""topic::defense_military_veterans"",""label"":""Defense Military Veterans"",""count"":8},{""node"":""loc::missouri"",""label"":""Missouri"",""count"":7},{""node"":""org::senate"",""label"":""Senate"",""count"":6},{""node"":""topic::endorsements_appointments"",""label"":""Endorsements Appointments"",""count"":6},{""node"":""topic::immigration_border"",""label"":""Immigration Border"",""count"":5}]"
2018-W46,2018-11-12,2018-11-18,60,60,0,3,57,103,394,23,10,27,Media Communications,topic::media_communications,30,U. S,loc::u. s,8,"[{""node"":""topic::media_communications"",""label"":""Media Communications"",""count"":30},{""node"":""topic::law_justice_crime"",""label"":""Law Justice Crime"",""count"":11},{""node"":""topic::foreign_policy_diplomacy"",""label"":""Foreign Policy Diplomacy"",""count"":8},{""node"":""loc::u. s"",""label"":""U. S"",""count"":8},{""node"":""topic::health_public_health"",""label"":""Health Public Health"",""count"":7},{""node"":""loc::france"",""label"":""France"",""count"":6},{""node"":""topic::elections_campaigns"",""label"":""Elections Campaigns"",""count"":6},{""node"":""loc::california"",""label"":""California"",""count"":6},{""node"":""topic::congress_governance"",""label"":""Congress Governance"",""count"":6},{""node"":""topic::defense_military_veterans"",""label"":""Defense Military Veterans"",""count"":5},{""node"":""org::senate"",""label"":""Senate"",""count"":5},{""node"":""loc::united states"",""label"":""United States"",""count"":4}]"
2018-W47,2018-11-19,2018-11-25,50,50,0,9,41,81,268,20,6,24,Media Communications,topic::media_communications,19,United States,loc::united states,4,"[{""node"":""topic::media_communications"",""label"":""Media Communications"",""count"":19},{""node"":""topic::law_justice_crime"",""label"":""Law Justice Crime"",""count"":16},{""node"":""topic::immigration_border"",""label"":""Immigration Border"",""count"":11},{""node"":""topic::foreign_policy_diplomacy"",""label"":""Foreign Policy Diplomacy"",""count"":8},{""node"":""topic::energy_environment"",""label"":""Energy Environment"",""count"":7},{""node"":""mention::realdonaldtrump"",""label"":""@realdonaldtrump"",""count"":6},{""node"":""loc::united states"",""label"":""United States"",""count"":4},{""node"":""mention::whitehouse"",""label"":""@whitehouse"",""count"":4},{""node"":""org::9th circuit"",""label"":""9Th Circuit"",""count"":4},{""node"":""topic::congress_governance"",""label"":""Congress Governance"",""count"":4},{""node"":""org::foxnews"",""label"":""Foxnews"",""count"":3},{""node"":""mention::foxnews"",""label"":""@foxnews"",""count"":3}]"
2018-W48,2018-11-26,2018-12-02,70,70,0,14,56,105,381,24,16,30,Media Communications,topic::media_communications,35,U. S,loc::u. s,6,"[{""node"":""topic::media_communications"",""label"":""Media Communications"",""count"":35},{""node"":""topic::law_justice_crime"",""label"":""Law Justice Crime"",""count"":17},{""node"":""topic::health_public_health"",""label"":""Health Public Health"",""count"":10},{""node"":""topic::energy_environment"",""label"":""Energy Environment"",""count"":10},{""node"":""topic::elections_campaigns"",""label"":""Elections Campaigns"",""count"":8},{""node"":""topic::foreign_policy_diplomacy"",""label"":""Foreign Policy Diplomacy"",""count"":8},{""node"":""topic::immigration_border"",""label"":""Immigration Border"",""count"":6},{""node"":""loc::u. s"",""label"":""U. S"",""count"":6},{""node"":""per::trump"",""label"":""Trump"",""count"":5},{""node"":""topic::congress_governance"",""label"":""Congress Governance"",""count"":5},{""node"":""per::mueller"",""label"":""Mueller"",""count"":5},{""node"":""loc::argentina"",""label"":""Argentina"",""count"":5}]"
2018-W49,2018-12-03,2018-12-09,74,74,0,3,71,110,375,24,19,31,Media Communications,topic::media_communications,26,China,loc::china,16,"[{""node"":""topic::media_communications"",""label"":""Media Communications"",""count"":26},{""node"":""topic::law_justice_crime"",""label"":""Law Justice Crime"",""count"":22},{""node"":""topic::foreign_policy_diplomacy"",""label"":""Foreign Policy Diplomacy"",""count"":17},{""node"":""loc::china"",""label"":""China"",""count"":16},{""node"":""topic::health_public_health"",""label"":""Health Public Health"",""count"":11},{""node"":""per::xi"",""label"":""Xi"",""count"":7},{""node"":""topic::energy_environment"",""label"":""Energy Environment"",""count"":7},{""node"":""loc::u. s"",""label"":""U. S"",""count"":5},{""node"":""per::bush"",""label"":""Bush"",""count"":5},{""node"":""topic::defense_military_veterans"",""label"":""Defense Military Veterans"",""count"":5},{""node"":""per::james comey"",""label"":""James Comey"",""count"":5},{""node"":""topic::endorsements_appointments"",""label"":""Endorsements Appointments"",""count"":5}]"
2018-W50,2018-12-10,2018-12-16,58,58,0,0,58,84,233,28,11,19,Media Communications,topic::media_communications,24,Fbi,org::fbi,8,"[{""node"":""topic::media_communications"",""label"":""Media Communications"",""count"":24},{""node"":""topic::law_justice_crime"",""label"":""Law Justice Crime"",""count"":23},{""node"":""org::fbi"",""label"":""Fbi"",""count"":8},{""node"":""topic::immigration_border"",""label"":""Immigration Border"",""count"":7},{""node"":""topic::endorsements_appointments"",""label"":""Endorsements Appointments"",""count"":6},{""node"":""topic::congress_governance"",""label"":""Congress Governance"",""count"":6},{""node"":""topic::foreign_policy_diplomacy"",""label"":""Foreign Policy Diplomacy"",""count"":6},{""node"":""loc::white house"",""label"":""White House"",""count"":5},{""node"":""org::foxnews"",""label"":""Foxnews"",""count"":5},{""node"":""mention::foxnews"",""label"":""@foxnews"",""count"":5},{""node"":""topic::health_public_health"",""label"":""Health Public Health"",""count"":5},{""node"":""per::james comey"",""label"":""James Comey"",""count"":4}]"
2018-W51,2018-12-17,2018-12-23,88,88,0,6,82,116,430,35,19,34,Immigration Border,topic::immigration_border,31,Syria,loc::syria,9,"[{""node"":""topic::immigration_border"",""label"":""Immigration Border"",""count"":31},{""node"":""topic::media_communications"",""label"":""Media Communications"",""count"":29},{""node"":""topic::congress_governance"",""label"":""Congress Governance"",""count"":20},{""node"":""topic::foreign_policy_diplomacy"",""label"":""Foreign Policy Diplomacy"",""count"":15},{""node"":""topic::law_justice_crime"",""label"":""Law Justice Crime"",""count"":12},{""node"":""loc::syria"",""label"":""Syria"",""count"":9},{""node"":""topic::endorsements_appointments"",""label"":""Endorsements Appointments"",""count"":8},{""node"":""topic::health_public_health"",""label"":""Health Public Health"",""count"":7},{""node"":""org::senate"",""label"":""Senate"",""count"":6},{""node"":""loc::u. s"",""label"":""U. S"",""count"":5},{""node"":""org::isis"",""label"":""Isis"",""count"":5},{""node"":""topic::energy_environment"",""label"":""Energy Environment"",""count"":4}]"
2018-W52,2018-12-24,2018-12-30,51,51,0,2,49,97,354,26,6,19,Immigration Border,topic::immigration_border,21,U. S,loc::u. s,7,"[{""node"":""topic::immigration_border"",""label"":""Immigration Border"",""count"":21},{""node"":""topic::media_communications"",""label"":""Media Communications"",""count"":16},{""node"":""topic::foreign_policy_diplomacy"",""label"":""Foreign Policy Diplomacy"",""count"":13},{""node"":""topic::congress_governance"",""label"":""Congress Governance"",""count"":8},{""node"":""topic::law_justice_crime"",""label"":""Law Justice Crime"",""count"":8},{""node"":""loc::u. s"",""label"":""U. S"",""count"":7},{""node"":""loc::iraq"",""label"":""Iraq"",""count"":5},{""node"":""loc::united states"",""label"":""United States"",""count"":5},{""node"":""loc::wall"",""label"":""Wall"",""count"":5},{""node"":""loc::america"",""label"":""America"",""count"":4},{""node"":""loc::border"",""label"":""Border"",""count"":4},{""node"":""topic::defense_military_veterans"",""label"":""Defense Military Veterans"",""count"":4}]"
2019-W01,2018-12-31,2019-01-06,75,75,0,7,68,94,271,30,17,28,Media Communications,topic::media_communications,29,Trump,per::trump,8,"[{""node"":""topic::media_communications"",""label"":""Media Communications"",""count"":29},{""node"":""topic::immigration_border"",""label"":""Immigration Border"",""count"":26},{""node"":""topic::congress_governance"",""label"":""Congress Governance"",""count"":14},{""node"":""topic::law_justice_crime"",""label"":""Law Justice Crime"",""count"":8},{""node"":""per::trump"",""label"":""Trump"",""count"":8},{""node"":""topic::foreign_policy_diplomacy"",""label"":""Foreign Policy Diplomacy"",""count"":7},{""node"":""topic::elections_campaigns"",""label"":""Elections Campaigns"",""count"":7},{""node"":""topic::health_public_health"",""label"":""Health Public Health"",""count"":7},{""node"":""mention::realdonaldtrump"",""label"":""@realdonaldtrump"",""count"":6},{""node"":""per::schum"",""label"":""Schum"",""count"":5},{""node"":""loc::wall"",""label"":""Wall"",""count"":4},{""node"":""topic::defense_military_veterans"",""label"":""Defense Military Veterans"",""count"":4}]"
2019-W02,2019-01-07,2019-01-13,71,71,0,8,63,106,415,30,16,25,Media Communications,topic::media_communications,33,Southern Border,loc::southern border,9,"[{""node"":""topic::media_communications"",""label"":""Media Communications"",""count"":33},{""node"":""topic::immigration_border"",""label"":""Immigration Border"",""count"":27},{""node"":""topic::law_justice_crime"",""label"":""Law Justice Crime"",""count"":13},{""node"":""topic::congress_governance"",""label"":""Congress Governance"",""count"":11},{""node"":""loc::southern border"",""label"":""Southern Border"",""count"":9},{""node"":""topic::health_public_health"",""label"":""Health Public Health"",""count"":8},{""node"":""loc::white house"",""label"":""White House"",""count"":8},{""node"":""topic::foreign_policy_diplomacy"",""label"":""Foreign Policy Diplomacy"",""count"":5},{""node"":""topic::energy_environment"",""label"":""Energy Environment"",""count"":5},{""node"":""per::chuck"",""label"":""Chuck"",""count"":4},{""node"":""per::nancy"",""label"":""Nancy"",""count"":4},{""node"":""mention::charliekirk11"",""label"":""@charliekirk11"",""count"":4}]"
2019-W03,2019-01-14,2019-01-20,114,114,0,46,68,139,468,44,38,32,Media Communications,topic::media_communications,76,Trump,per::trump,9,"[{""node"":""topic::media_communications"",""label"":""Media Communications"",""count"":76},{""node"":""topic::immigration_border"",""label"":""Immigration Border"",""count"":32},{""node"":""topic::law_justice_crime"",""label"":""Law Justice Crime"",""count"":26},{""node"":""topic::health_public_health"",""label"":""Health Public Health"",""count"":22},{""node"":""topic::congress_governance"",""label"":""Congress Governance"",""count"":11},{""node"":""per::trump"",""label"":""Trump"",""count"":9},{""node"":""mention::realdonaldtrump"",""label"":""@realdonaldtrump"",""count"":9},{""node"":""topic::foreign_policy_diplomacy"",""label"":""Foreign Policy Diplomacy"",""count"":6},{""node"":""mention::gopchairwoman"",""label"":""@gopchairwoman"",""count"":6},{""node"":""per::nancy pelosi"",""label"":""Nancy Pelosi"",""count"":5},{""node"":""topic::energy_environment"",""label"":""Energy Environment"",""count"":4},{""node"":""org::fbi"",""label"":""Fbi"",""count"":4}]"
2019-W04,2019-01-21,2019-01-27,82,82,0,13,69,118,406,37,13,32,Media Communications,topic::media_communications,45,C,per::c,5,"[{""node"":""topic::media_communications"",""label"":""Media Communications"",""count"":45},{""node"":""topic::law_justice_crime"",""label"":""Law Justice Crime"",""count"":26},{""node"":""topic::immigration_border"",""label"":""Immigration Border"",""count"":23},{""node"":""topic::health_public_health"",""label"":""Health Public Health"",""count"":7},{""node"":""mention::realdonaldtrump"",""label"":""@realdonaldtrump"",""count"":6},{""node"":""topic::congress_governance"",""label"":""Congress Governance"",""count"":6},{""node"":""per::c"",""label"":""C"",""count"":5},{""node"":""loc::u. s"",""label"":""U. S"",""count"":5},{""node"":""topic::elections_campaigns"",""label"":""Elections Campaigns"",""count"":5},{""node"":""topic::energy_environment"",""label"":""Energy Environment"",""count"":4},{""node"":""topic::endorsements_appointments"",""label"":""Endorsements Appointments"",""count"":4},{""node"":""per::trump"",""label"":""Trump"",""count"":4}]"
2019-W05,2019-01-28,2019-02-03,58,58,0,1,57,77,201,29,9,20,Media Communications,topic::media_communications,26,U. S,loc::u. s,5,"[{""node"":""topic::media_communications"",""label"":""Media Communications"",""count"":26},{""node"":""topic::foreign_policy_diplomacy"",""label"":""Foreign Policy Diplomacy"",""count"":15},{""node"":""topic::immigration_border"",""label"":""Immigration Border"",""count"":11},{""node"":""topic::law_justice_crime"",""label"":""Law Justice Crime"",""count"":8},{""node"":""loc::u. s"",""label"":""U. S"",""count"":5},{""node"":""loc::afghanistan"",""label"":""Afghanistan"",""count"":5},{""node"":""loc::mexico"",""label"":""Mexico"",""count"":5},{""node"":""topic::elections_campaigns"",""label"":""Elections Campaigns"",""count"":4},{""node"":""loc::iran"",""label"":""Iran"",""count"":4},{""node"":""topic::health_public_health"",""label"":""Health Public Health"",""count"":4},{""node"":""mention::foxandfriends"",""label"":""@foxandfriends"",""count"":3},{""node"":""topic::congress_governance"",""label"":""Congress Governance"",""count"":3}]"
2019-W06,2019-02-04,2019-02-10,55,55,0,9,46,80,252,18,19,18,Media Communications,topic::media_communications,30,Trump,per::trump,5,"[{""node"":""topic::media_communications"",""label"":""Media Communications"",""count"":30},{""node"":""topic::immigration_border"",""label"":""Immigration Border"",""count"":9},{""node"":""topic::law_justice_crime"",""label"":""Law Justice Crime"",""count"":8},{""node"":""topic::health_public_health"",""label"":""Health Public Health"",""count"":8},{""node"":""mention::realdonaldtrump"",""label"":""@realdonaldtrump"",""count"":7},{""node"":""topic::congress_governance"",""label"":""Congress Governance"",""count"":7},{""node"":""per::trump"",""label"":""Trump"",""count"":5},{""node"":""topic::endorsements_appointments"",""label"":""Endorsements Appointments"",""count"":4},{""node"":""loc::russia"",""label"":""Russia"",""count"":4},{""node"":""topic::energy_environment"",""label"":""Energy Environment"",""count"":4},{""node"":""hashtag::sotu"",""label"":""#sotu"",""count"":3},{""node"":""per::adam schiff"",""label"":""Adam Schiff"",""count"":3}]"
2019-W07,2019-02-11,2019-02-17,63,63,0,16,47,85,298,20,26,17,Media Communications,topic::media_communications,39,El Paso,loc::el paso,4,"[{""node"":""topic::media_communications"",""label"":""Media Communications"",""count"":39},{""node"":""topic::law_justice_crime"",""label"":""Law Justice Crime"",""count"":14},{""node"":""topic::health_public_health"",""label"":""Health Public Health"",""count"":12},{""node"":""topic::immigration_border"",""label"":""Immigration Border"",""count"":10},{""node"":""mention::realdonaldtrump"",""label"":""@realdonaldtrump"",""count"":9},{""node"":""mention::whitehouse"",""label"":""@whitehouse"",""count"":6},{""node"":""topic::energy_environment"",""label"":""Energy Environment"",""count"":5},{""node"":""loc::el paso"",""label"":""El Paso"",""count"":4},{""node"":""per::trump"",""label"":""Trump"",""count"":4},{""node"":""loc::texas"",""label"":""Texas"",""count"":4},{""node"":""org::fbi"",""label"":""Fbi"",""count"":4},{""node"":""topic::foreign_policy_diplomacy"",""label"":""Foreign Policy Diplomacy"",""count"":4}]"
2019-W08,2019-02-18,2019-02-24,75,75,0,13,62,126,446,24,17,34,Media Communications,topic::media_communications,43,Fbi,org::fbi,6,"[{""node"":""topic::media_communications"",""label"":""Media Communications"",""count"":43},{""node"":""topic::law_justice_crime"",""label"":""Law Justice Crime"",""count"":18},{""node"":""topic::health_public_health"",""label"":""Health Public Health"",""count"":13},{""node"":""topic::foreign_policy_diplomacy"",""label"":""Foreign Policy Diplomacy"",""count"":11},{""node"":""topic::immigration_border"",""label"":""Immigration Border"",""count"":7},{""node"":""org::fbi"",""label"":""Fbi"",""count"":6},{""node"":""topic::energy_environment"",""label"":""Energy Environment"",""count"":6},{""node"":""loc::venezuela"",""label"":""Venezuela"",""count"":6},{""node"":""per::andrew mccabe"",""label"":""Andrew Mccabe"",""count"":5},{""node"":""mention::realdonaldtrump"",""label"":""@realdonaldtrump"",""count"":5},{""node"":""loc::u. s"",""label"":""U. S"",""count"":5},{""node"":""loc::california"",""label"":""California"",""count"":5}]"
2019-W09,2019-02-25,2019-03-03,70,70,0,15,55,88,297,27,14,29,Media Communications,topic::media_communications,43,Vietnam,loc::vietnam,11,"[{""node"":""topic::media_communications"",""label"":""Media Communications"",""count"":43},{""node"":""topic::foreign_policy_diplomacy"",""label"":""Foreign Policy Diplomacy"",""count"":19},{""node"":""topic::law_justice_crime"",""label"":""Law Justice Crime"",""count"":17},{""node"":""topic::health_public_health"",""label"":""Health Public Health"",""count"":12},{""node"":""loc::vietnam"",""label"":""Vietnam"",""count"":11},{""node"":""mention::realdonaldtrump"",""label"":""@realdonaldtrump"",""count"":9},{""node"":""loc::north korea"",""label"":""North Korea"",""count"":8},{""node"":""per::michael cohen"",""label"":""Michael Cohen"",""count"":8},{""node"":""per::kim jong un"",""label"":""Kim Jong Un"",""count"":7},{""node"":""topic::congress_governance"",""label"":""Congress Governance"",""count"":7},{""node"":""topic::energy_environment"",""label"":""Energy Environment"",""count"":6},{""node"":""per::trump"",""label"":""Trump"",""count"":5}]"
2019-W10,2019-03-04,2019-03-10,108,108,0,38,70,151,540,46,29,33,Media Communications,topic::media_communications,66,Trump,per::trump,10,"[{""node"":""topic::media_communications"",""label"":""Media Communications"",""count"":66},{""node"":""topic::law_justice_crime"",""label"":""Law Justice Crime"",""count"":29},{""node"":""topic::congress_governance"",""label"":""Congress Governance"",""count"":16},{""node"":""topic::health_public_health"",""label"":""Health Public Health"",""count"":14},{""node"":""per::trump"",""label"":""Trump"",""count"":10},{""node"":""topic::elections_campaigns"",""label"":""Elections Campaigns"",""count"":10},{""node"":""topic::immigration_border"",""label"":""Immigration Border"",""count"":10},{""node"":""topic::endorsements_appointments"",""label"":""Endorsements Appointments"",""count"":7},{""node"":""mention::realdonaldtrump"",""label"":""@realdonaldtrump"",""count"":6},{""node"":""mention::paulsperry_"",""label"":""@paulsperry_"",""count"":6},{""node"":""loc::alabama"",""label"":""Alabama"",""count"":5},{""node"":""mention::whitehouse"",""label"":""@whitehouse"",""count"":5}]"
2019-W11,2019-03-11,2019-03-17,134,134,0,52,82,181,711,60,44,30,Media Communications,topic::media_communications,91,Trump,per::trump,10,"[{""node"":""topic::media_communications"",""label"":""Media Communications"",""count"":91},{""node"":""topic::law_justice_crime"",""label"":""Law Justice Crime"",""count"":43},{""node"":""topic::immigration_border"",""label"":""Immigration Border"",""count"":17},{""node"":""topic::health_public_health"",""label"":""Health Public Health"",""count"":17},{""node"":""topic::congress_governance"",""label"":""Congress Governance"",""count"":15},{""node"":""per::trump"",""label"":""Trump"",""count"":10},{""node"":""mention::realdonaldtrump"",""label"":""@realdonaldtrump"",""count"":9},{""node"":""mention::whitehouse"",""label"":""@whitehouse"",""count"":8},{""node"":""topic::energy_environment"",""label"":""Energy Environment"",""count"":7},{""node"":""topic::endorsements_appointments"",""label"":""Endorsements Appointments"",""count"":7},{""node"":""topic::foreign_policy_diplomacy"",""label"":""Foreign Policy Diplomacy"",""count"":7},{""node"":""org::fake news"",""label"":""Fake News"",""count"":6}]"
2019-W12,2019-03-18,2019-03-24,60,60,0,6,54,74,180,14,19,27,Media Communications,topic::media_communications,41,A,loc::a,3,"[{""node"":""topic::media_communications"",""label"":""Media Communications"",""count"":41},{""node"":""topic::health_public_health"",""label"":""Health Public Health"",""count"":11},{""node"":""topic::law_justice_crime"",""label"":""Law Justice Crime"",""count"":6},{""node"":""topic::energy_environment"",""label"":""Energy Environment"",""count"":6},{""node"":""topic::endorsements_appointments"",""label"":""Endorsements Appointments"",""count"":4},{""node"":""mention::whitehouse"",""label"":""@whitehouse"",""count"":4},{""node"":""loc::a"",""label"":""A"",""count"":3},{""node"":""loc::ohio"",""label"":""Ohio"",""count"":3},{""node"":""loc::u. s"",""label"":""U. S"",""count"":3},{""node"":""topic::elections_campaigns"",""label"":""Elections Campaigns"",""count"":3},{""node"":""topic::foreign_policy_diplomacy"",""label"":""Foreign Policy Diplomacy"",""count"":3},{""node"":""org::h"",""label"":""H"",""count"":3}]"
2019-W13,2019-03-25,2019-03-31,70,70,0,10,60,110,382,25,20,25,Media Communications,topic::media_communications,46,Mexico,loc::mexico,7,"[{""node"":""topic::media_communications"",""label"":""Media Communications"",""count"":46},{""node"":""topic::law_justice_crime"",""label"":""Law Justice Crime"",""count"":18},{""node"":""topic::immigration_border"",""label"":""Immigration Border"",""count"":9},{""node"":""mention::realdonaldtrump"",""label"":""@realdonaldtrump"",""count"":7},{""node"":""topic::congress_governance"",""label"":""Congress Governance"",""count"":7},{""node"":""loc::mexico"",""label"":""Mexico"",""count"":7},{""node"":""topic::elections_campaigns"",""label"":""Elections Campaigns"",""count"":5},{""node"":""loc::russia"",""label"":""Russia"",""count"":5},{""node"":""topic::foreign_policy_diplomacy"",""label"":""Foreign Policy Diplomacy"",""count"":5},{""node"":""loc::america"",""label"":""America"",""count"":4},{""node"":""topic::endorsements_appointments"",""label"":""Endorsements Appointments"",""count"":4},{""node"":""topic::health_public_health"",""label"":""Health Public Health"",""count"":4}]"
2019-W14,2019-04-01,2019-04-07,86,86,0,13,73,124,443,37,16,33,Media Communications,topic::media_communications,43,Mexico,loc::mexico,7,"[{""node"":""topic::media_communications"",""label"":""Media Communications"",""count"":43},{""node"":""topic::immigration_border"",""label"":""Immigration Border"",""count"":26},{""node"":""topic::law_justice_crime"",""label"":""Law Justice Crime"",""count"":21},{""node"":""topic::health_public_health"",""label"":""Health Public Health"",""count"":14},{""node"":""topic::congress_governance"",""label"":""Congress Governance"",""count"":13},{""node"":""loc::mexico"",""label"":""Mexico"",""count"":7},{""node"":""org::congress"",""label"":""Congress"",""count"":5},{""node"":""mention::realdonaldtrump"",""label"":""@realdonaldtrump"",""count"":5},{""node"":""loc::puerto rico"",""label"":""Puerto Rico"",""count"":5},{""node"":""topic::endorsements_appointments"",""label"":""Endorsements Appointments"",""count"":5},{""node"":""mention::whitehouse"",""label"":""@whitehouse"",""count"":5},{""node"":""topic::elections_campaigns"",""label"":""Elections Campaigns"",""count"":5}]"
2019-W15,2019-04-08,2019-04-14,90,90,0,18,72,129,480,41,21,28,Media Communications,topic::media_communications,54,Trump,per::trump,6,"[{""node"":""topic::media_communications"",""label"":""Media Communications"",""count"":54},{""node"":""topic::law_justice_crime"",""label"":""Law Justice Crime"",""count"":25},{""node"":""topic::immigration_border"",""label"":""Immigration Border"",""count"":21},{""node"":""topic::health_public_health"",""label"":""Health Public Health"",""count"":14},{""node"":""topic::congress_governance"",""label"":""Congress Governance"",""count"":10},{""node"":""topic::elections_campaigns"",""label"":""Elections Campaigns"",""count"":7},{""node"":""topic::endorsements_appointments"",""label"":""Endorsements Appointments"",""count"":7},{""node"":""per::trump"",""label"":""Trump"",""count"":6},{""node"":""topic::foreign_policy_diplomacy"",""label"":""Foreign Policy Diplomacy"",""count"":6},{""node"":""org::congress"",""label"":""Congress"",""count"":4},{""node"":""loc::mexico"",""label"":""Mexico"",""count"":4},{""node"":""loc::united states"",""label"":""United States"",""count"":4}]"
2019-W16,2019-04-15,2019-04-21,104,104,0,26,78,155,639,40,38,26,Media Communications,topic::media_communications,72,Trump,per::trump,10,"[{""node"":""topic::media_communications"",""label"":""Media Communications"",""count"":72},{""node"":""topic::law_justice_crime"",""label"":""Law Justice Crime"",""count"":34},{""node"":""topic::health_public_health"",""label"":""Health Public Health"",""count"":17},{""node"":""topic::congress_governance"",""label"":""Congress Governance"",""count"":12},{""node"":""per::trump"",""label"":""Trump"",""count"":10},{""node"":""mention::judicialwatch"",""label"":""@judicialwatch"",""count"":8},{""node"":""mention::foxnews"",""label"":""@foxnews"",""count"":7},{""node"":""topic::elections_campaigns"",""label"":""Elections Campaigns"",""count"":6},{""node"":""loc::russia"",""label"":""Russia"",""count"":6},{""node"":""loc::united states"",""label"":""United States"",""count"":6},{""node"":""topic::foreign_policy_diplomacy"",""label"":""Foreign Policy Diplomacy"",""count"":5},{""node"":""topic::immigration_border"",""label"":""Immigration Border"",""count"":5}]"
2019-W17,2019-04-22,2019-04-28,129,129,0,45,84,178,729,46,26,57,Media Communications,topic::media_communications,82,Wisconsin,loc::wisconsin,7,"[{""node"":""topic::media_communications"",""label"":""Media Communications"",""count"":82},{""node"":""topic::law_justice_crime"",""label"":""Law Justice Crime"",""count"":43},{""node"":""topic::health_public_health"",""label"":""Health Public Health"",""count"":22},{""node"":""mention::realdonaldtrump"",""label"":""@realdonaldtrump"",""count"":14},{""node"":""topic::foreign_policy_diplomacy"",""label"":""Foreign Policy Diplomacy"",""count"":9},{""node"":""topic::immigration_border"",""label"":""Immigration Border"",""count"":9},{""node"":""hashtag::maga"",""label"":""#maga"",""count"":8},{""node"":""topic::elections_campaigns"",""label"":""Elections Campaigns"",""count"":8},{""node"":""mention::whitehouse"",""label"":""@whitehouse"",""count"":7},{""node"":""topic::congress_governance"",""label"":""Congress Governance"",""count"":7},{""node"":""loc::wisconsin"",""label"":""Wisconsin"",""count"":7},{""node"":""topic::endorsements_appointments"",""label"":""Endorsements Appointments"",""count"":6}]"
2019-W18,2019-04-29,2019-05-05,188,188,0,89,99,184,863,76,58,54,Media Communications,topic::media_communications,121,Trump,per::trump,16,"[{""node"":""topic::media_communications"",""label"":""Media Communications"",""count"":121},{""node"":""mention::dbongino"",""label"":""@dbongino"",""count"":60},{""node"":""topic::health_public_health"",""label"":""Health Public Health"",""count"":36},{""node"":""topic::law_justice_crime"",""label"":""Law Justice Crime"",""count"":36},{""node"":""topic::endorsements_appointments"",""label"":""Endorsements Appointments"",""count"":25},{""node"":""mention::realdonaldtrump"",""label"":""@realdonaldtrump"",""count"":18},{""node"":""topic::elections_campaigns"",""label"":""Elections Campaigns"",""count"":17},{""node"":""per::trump"",""label"":""Trump"",""count"":16},{""node"":""topic::foreign_policy_diplomacy"",""label"":""Foreign Policy Diplomacy"",""count"":12},{""node"":""mention::judicialwatch"",""label"":""@judicialwatch"",""count"":11},{""node"":""topic::congress_governance"",""label"":""Congress Governance"",""count"":8},{""node"":""topic::energy_environment"",""label"":""Energy Environment"",""count"":8}]"
2019-W19,2019-05-06,2019-05-12,202,202,0,98,104,221,1045,71,78,53,Media Communications,topic::media_communications,118,China,loc::china,35,"[{""node"":""topic::media_communications"",""label"":""Media Communications"",""count"":118},{""node"":""topic::law_justice_crime"",""label"":""Law Justice Crime"",""count"":59},{""node"":""loc::china"",""label"":""China"",""count"":35},{""node"":""mention::realdonaldtrump"",""label"":""@realdonaldtrump"",""count"":31},{""node"":""topic::health_public_health"",""label"":""Health Public Health"",""count"":28},{""node"":""topic::foreign_policy_diplomacy"",""label"":""Foreign Policy Diplomacy"",""count"":24},{""node"":""topic::congress_governance"",""label"":""Congress Governance"",""count"":24},{""node"":""topic::economy_trade_taxes"",""label"":""Economy Trade Taxes"",""count"":20},{""node"":""topic::elections_campaigns"",""label"":""Elections Campaigns"",""count"":17},{""node"":""org::f"",""label"":""F"",""count"":14},{""node"":""mention::donaldjtrumpjr"",""label"":""@donaldjtrumpjr"",""count"":13},{""node"":""mention::tomfitton"",""label"":""@tomfitton"",""count"":12}]"
2019-W20,2019-05-13,2019-05-19,110,110,0,21,89,117,459,41,18,51,Media Communications,topic::media_communications,56,China,loc::china,18,"[{""node"":""topic::media_communications"",""label"":""Media Communications"",""count"":56},{""node"":""topic::law_justice_crime"",""label"":""Law Justice Crime"",""count"":21},{""node"":""loc::china"",""label"":""China"",""count"":18},{""node"":""topic::foreign_policy_diplomacy"",""label"":""Foreign Policy Diplomacy"",""count"":15},{""node"":""mention::realdonaldtrump"",""label"":""@realdonaldtrump"",""count"":12},{""node"":""topic::health_public_health"",""label"":""Health Public Health"",""count"":11},{""node"":""loc::usa"",""label"":""Usa"",""count"":10},{""node"":""per::trump"",""label"":""Trump"",""count"":9},{""node"":""topic::immigration_border"",""label"":""Immigration Border"",""count"":9},{""node"":""loc::u. s"",""label"":""U. S"",""count"":8},{""node"":""topic::endorsements_appointments"",""label"":""Endorsements Appointments"",""count"":8},{""node"":""topic::congress_governance"",""label"":""Congress Governance"",""count"":7}]"
2019-W21,2019-05-20,2019-05-26,144,144,0,36,108,200,812,55,29,60,Media Communications,topic::media_communications,77,Japan,loc::japan,13,"[{""node"":""topic::media_communications"",""label"":""Media Communications"",""count"":77},{""node"":""topic::law_justice_crime"",""label"":""Law Justice Crime"",""count"":32},{""node"":""topic::congress_governance"",""label"":""Congress Governance"",""count"":24},{""node"":""topic::foreign_policy_diplomacy"",""label"":""Foreign Policy Diplomacy"",""count"":22},{""node"":""topic::health_public_health"",""label"":""Health Public Health"",""count"":20},{""node"":""loc::japan"",""label"":""Japan"",""count"":13},{""node"":""topic::elections_campaigns"",""label"":""Elections Campaigns"",""count"":12},{""node"":""topic::endorsements_appointments"",""label"":""Endorsements Appointments"",""count"":12},{""node"":""per::trump"",""label"":""Trump"",""count"":11},{""node"":""loc::pennsylvania"",""label"":""Pennsylvania"",""count"":10},{""node"":""topic::defense_military_veterans"",""label"":""Defense Military Veterans"",""count"":10},{""node"":""mention::abeshinzo"",""label"":""@abeshinzo"",""count"":9}]"
2019-W22,2019-05-27,2019-06-02,107,107,0,29,78,129,470,41,25,41,Media Communications,topic::media_communications,56,Franklin,per::franklin,9,"[{""node"":""topic::media_communications"",""label"":""Media Communications"",""count"":56},{""node"":""topic::law_justice_crime"",""label"":""Law Justice Crime"",""count"":32},{""node"":""topic::foreign_policy_diplomacy"",""label"":""Foreign Policy Diplomacy"",""count"":16},{""node"":""topic::health_public_health"",""label"":""Health Public Health"",""count"":14},{""node"":""topic::immigration_border"",""label"":""Immigration Border"",""count"":12},{""node"":""topic::defense_military_veterans"",""label"":""Defense Military Veterans"",""count"":9},{""node"":""per::franklin"",""label"":""Franklin"",""count"":9},{""node"":""mention::realdonaldtrump"",""label"":""@realdonaldtrump"",""count"":8},{""node"":""topic::congress_governance"",""label"":""Congress Governance"",""count"":8},{""node"":""loc::mexico"",""label"":""Mexico"",""count"":8},{""node"":""loc::united states"",""label"":""United States"",""count"":8},{""node"":""loc::japan"",""label"":""Japan"",""count"":7}]"
2019-W23,2019-06-03,2019-06-09,112,112,0,27,85,128,520,37,31,44,Media Communications,topic::media_communications,69,Mexico,loc::mexico,23,"[{""node"":""topic::media_communications"",""label"":""Media Communications"",""count"":69},{""node"":""topic::foreign_policy_diplomacy"",""label"":""Foreign Policy Diplomacy"",""count"":24},{""node"":""loc::mexico"",""label"":""Mexico"",""count"":23},{""node"":""topic::immigration_border"",""label"":""Immigration Border"",""count"":22},{""node"":""mention::realdonaldtrump"",""label"":""@realdonaldtrump"",""count"":10},{""node"":""topic::endorsements_appointments"",""label"":""Endorsements Appointments"",""count"":9},{""node"":""loc::u. s"",""label"":""U. S"",""count"":9},{""node"":""topic::law_justice_crime"",""label"":""Law Justice Crime"",""count"":9},{""node"":""topic::defense_military_veterans"",""label"":""Defense Military Veterans"",""count"":9},{""node"":""loc::usa"",""label"":""Usa"",""count"":8},{""node"":""loc::united states"",""label"":""United States"",""count"":8},{""node"":""topic::health_public_health"",""label"":""Health Public Health"",""count"":8}]"
2019-W24,2019-06-10,2019-06-16,159,159,0,41,118,189,887,55,44,60,Media Communications,topic::media_communications,102,Trump,per::trump,11,"[{""node"":""topic::media_communications"",""label"":""Media Communications"",""count"":102},{""node"":""topic::law_justice_crime"",""label"":""Law Justice Crime"",""count"":28},{""node"":""topic::health_public_health"",""label"":""Health Public Health"",""count"":26},{""node"":""mention::realdonaldtrump"",""label"":""@realdonaldtrump"",""count"":22},{""node"":""topic::congress_governance"",""label"":""Congress Governance"",""count"":20},{""node"":""topic::foreign_policy_diplomacy"",""label"":""Foreign Policy Diplomacy"",""count"":15},{""node"":""topic::energy_environment"",""label"":""Energy Environment"",""count"":13},{""node"":""topic::elections_campaigns"",""label"":""Elections Campaigns"",""count"":12},{""node"":""per::trump"",""label"":""Trump"",""count"":11},{""node"":""topic::immigration_border"",""label"":""Immigration Border"",""count"":10},{""node"":""loc::america"",""label"":""America"",""count"":10},{""node"":""topic::endorsements_appointments"",""label"":""Endorsements Appointments"",""count"":9}]"
2019-W25,2019-06-17,2019-06-23,76,76,0,8,68,108,418,25,15,36,Media Communications,topic::media_communications,42,Orlando,loc::orlando,9,"[{""node"":""topic::media_communications"",""label"":""Media Communications"",""count"":42},{""node"":""topic::foreign_policy_diplomacy"",""label"":""Foreign Policy Diplomacy"",""count"":15},{""node"":""topic::immigration_border"",""label"":""Immigration Border"",""count"":12},{""node"":""topic::law_justice_crime"",""label"":""Law Justice Crime"",""count"":10},{""node"":""loc::orlando"",""label"":""Orlando"",""count"":9},{""node"":""loc::iran"",""label"":""Iran"",""count"":8},{""node"":""topic::congress_governance"",""label"":""Congress Governance"",""count"":8},{""node"":""topic::endorsements_appointments"",""label"":""Endorsements Appointments"",""count"":7},{""node"":""loc::florida"",""label"":""Florida"",""count"":7},{""node"":""topic::health_public_health"",""label"":""Health Public Health"",""count"":6},{""node"":""topic::elections_campaigns"",""label"":""Elections Campaigns"",""count"":6},{""node"":""hashtag::trump2020"",""label"":""#trump2020"",""count"":6}]"
2019-W26,2019-06-24,2019-06-30,103,103,0,28,75,172,801,27,26,50,Media Communications,topic::media_communications,56,China,loc::china,6,"[{""node"":""topic::media_communications"",""label"":""Media Communications"",""count"":56},{""node"":""topic::foreign_policy_diplomacy"",""label"":""Foreign Policy Diplomacy"",""count"":24},{""node"":""topic::law_justice_crime"",""label"":""Law Justice Crime"",""count"":16},{""node"":""topic::immigration_border"",""label"":""Immigration Border"",""count"":13},{""node"":""topic::health_public_health"",""label"":""Health Public Health"",""count"":12},{""node"":""topic::congress_governance"",""label"":""Congress Governance"",""count"":11},{""node"":""mention::realdonaldtrump"",""label"":""@realdonaldtrump"",""count"":10},{""node"":""topic::defense_military_veterans"",""label"":""Defense Military Veterans"",""count"":7},{""node"":""loc::china"",""label"":""China"",""count"":6},{""node"":""loc::white house"",""label"":""White House"",""count"":6},{""node"":""loc::japan"",""label"":""Japan"",""count"":5},{""node"":""topic::elections_campaigns"",""label"":""Elections Campaigns"",""count"":5}]"
2019-W27,2019-07-01,2019-07-07,137,137,0,45,92,157,580,36,29,72,Media Communications,topic::media_communications,90,America,loc::america,10,"[{""node"":""topic::media_communications"",""label"":""Media Communications"",""count"":90},{""node"":""topic::health_public_health"",""label"":""Health Public Health"",""count"":20},{""node"":""topic::foreign_policy_diplomacy"",""label"":""Foreign Policy Diplomacy"",""count"":14},{""node"":""topic::energy_environment"",""label"":""Energy Environment"",""count"":14},{""node"":""topic::law_justice_crime"",""label"":""Law Justice Crime"",""count"":14},{""node"":""topic::immigration_border"",""label"":""Immigration Border"",""count"":14},{""node"":""topic::endorsements_appointments"",""label"":""Endorsements Appointments"",""count"":11},{""node"":""loc::america"",""label"":""America"",""count"":10},{""node"":""mention::realdonaldtrump"",""label"":""@realdonaldtrump"",""count"":8},{""node"":""topic::congress_governance"",""label"":""Congress Governance"",""count"":7},{""node"":""loc::united states"",""label"":""United States"",""count"":6},{""node"":""loc::new york"",""label"":""New York"",""count"":5}]"
2019-W28,2019-07-08,2019-07-14,206,206,0,85,121,218,854,63,65,78,Media Communications,topic::media_communications,143,Congress,org::congress,10,"[{""node"":""topic::media_communications"",""label"":""Media Communications"",""count"":143},{""node"":""topic::law_justice_crime"",""label"":""Law Justice Crime"",""count"":35},{""node"":""topic::health_public_health"",""label"":""Health Public Health"",""count"":34},{""node"":""topic::congress_governance"",""label"":""Congress Governance"",""count"":21},{""node"":""mention::usminority"",""label"":""@usminority"",""count"":21},{""node"":""topic::immigration_border"",""label"":""Immigration Border"",""count"":17},{""node"":""topic::endorsements_appointments"",""label"":""Endorsements Appointments"",""count"":15},{""node"":""topic::foreign_policy_diplomacy"",""label"":""Foreign Policy Diplomacy"",""count"":15},{""node"":""mention::realdonaldtrump"",""label"":""@realdonaldtrump"",""count"":12},{""node"":""topic::elections_campaigns"",""label"":""Elections Campaigns"",""count"":11},{""node"":""mention::judicialwatch"",""label"":""@judicialwatch"",""count"":11},{""node"":""org::congress"",""label"":""Congress"",""count"":10}]"
2019-W29,2019-07-15,2019-07-21,124,124,0,29,95,133,476,54,18,52,Media Communications,topic::media_communications,78,Israel,loc::israel,12,"[{""node"":""topic::media_communications"",""label"":""Media Communications"",""count"":78},{""node"":""topic::congress_governance"",""label"":""Congress Governance"",""count"":23},{""node"":""topic::law_justice_crime"",""label"":""Law Justice Crime"",""count"":18},{""node"":""topic::health_public_health"",""label"":""Health Public Health"",""count"":16},{""node"":""mention::realdonaldtrump"",""label"":""@realdonaldtrump"",""count"":13},{""node"":""loc::israel"",""label"":""Israel"",""count"":12},{""node"":""topic::immigration_border"",""label"":""Immigration Border"",""count"":11},{""node"":""topic::elections_campaigns"",""label"":""Elections Campaigns"",""count"":10},{""node"":""topic::foreign_policy_diplomacy"",""label"":""Foreign Policy Diplomacy"",""count"":9},{""node"":""loc::north carolina"",""label"":""North Carolina"",""count"":9},{""node"":""loc::america"",""label"":""America"",""count"":8},{""node"":""per::trump"",""label"":""Trump"",""count"":8}]"
2019-W30,2019-07-22,2019-07-28,153,153,0,13,140,182,773,69,36,48,Media Communications,topic::media_communications,94,Robert Mueller,per::robert mueller,13,"[{""node"":""topic::media_communications"",""label"":""Media Communications"",""count"":94},{""node"":""topic::law_justice_crime"",""label"":""Law Justice Crime"",""count"":47},{""node"":""topic::health_public_health"",""label"":""Health Public Health"",""count"":30},{""node"":""topic::congress_governance"",""label"":""Congress Governance"",""count"":27},{""node"":""per::robert mueller"",""label"":""Robert Mueller"",""count"":13},{""node"":""topic::immigration_border"",""label"":""Immigration Border"",""count"":11},{""node"":""topic::endorsements_appointments"",""label"":""Endorsements Appointments"",""count"":10},{""node"":""loc::usa"",""label"":""Usa"",""count"":9},{""node"":""per::mu"",""label"":""Mu"",""count"":9},{""node"":""org::foxnews"",""label"":""Foxnews"",""count"":9},{""node"":""mention::foxnews"",""label"":""@foxnews"",""count"":9},{""node"":""topic::energy_environment"",""label"":""Energy Environment"",""count"":8}]"
2019-W31,2019-07-29,2019-08-04,125,125,0,17,108,157,543,47,36,42,Media Communications,topic::media_communications,64,Trump,per::trump,13,"[{""node"":""topic::media_communications"",""label"":""Media Communications"",""count"":64},{""node"":""topic::law_justice_crime"",""label"":""Law Justice Crime"",""count"":25},{""node"":""topic::health_public_health"",""label"":""Health Public Health"",""count"":24},{""node"":""topic::foreign_policy_diplomacy"",""label"":""Foreign Policy Diplomacy"",""count"":17},{""node"":""topic::congress_governance"",""label"":""Congress Governance"",""count"":15},{""node"":""topic::immigration_border"",""label"":""Immigration Border"",""count"":13},{""node"":""per::trump"",""label"":""Trump"",""count"":13},{""node"":""loc::china"",""label"":""China"",""count"":10},{""node"":""loc::baltimore"",""label"":""Baltimore"",""count"":9},{""node"":""loc::texas"",""label"":""Texas"",""count"":8},{""node"":""loc::ohio"",""label"":""Ohio"",""count"":7},{""node"":""topic::defense_military_veterans"",""label"":""Defense Military Veterans"",""count"":6}]"
2019-W32,2019-08-05,2019-08-11,93,93,0,8,85,122,465,47,19,27,Media Communications,topic::media_communications,59,China,loc::china,10,"[{""node"":""topic::media_communications"",""label"":""Media Communications"",""count"":59},{""node"":""topic::health_public_health"",""label"":""Health Public Health"",""count"":26},{""node"":""topic::law_justice_crime"",""label"":""Law Justice Crime"",""count"":16},{""node"":""topic::foreign_policy_diplomacy"",""label"":""Foreign Policy Diplomacy"",""count"":11},{""node"":""loc::china"",""label"":""China"",""count"":10},{""node"":""loc::dayton"",""label"":""Dayton"",""count"":9},{""node"":""loc::el paso"",""label"":""El Paso"",""count"":9},{""node"":""topic::elections_campaigns"",""label"":""Elections Campaigns"",""count"":8},{""node"":""per::trump"",""label"":""Trump"",""count"":8},{""node"":""loc::ohio"",""label"":""Ohio"",""count"":7},{""node"":""loc::u. s"",""label"":""U. S"",""count"":7},{""node"":""org::google"",""label"":""Google"",""count"":7}]"
2019-W33,2019-08-12,2019-08-18,189,189,0,87,102,213,872,68,55,66,Media Communications,topic::media_communications,142,C,per::c,13,"[{""node"":""topic::media_communications"",""label"":""Media Communications"",""count"":142},{""node"":""topic::health_public_health"",""label"":""Health Public Health"",""count"":49},{""node"":""topic::law_justice_crime"",""label"":""Law Justice Crime"",""count"":30},{""node"":""mention::realdonaldtrump"",""label"":""@realdonaldtrump"",""count"":26},{""node"":""topic::elections_campaigns"",""label"":""Elections Campaigns"",""count"":18},{""node"":""topic::foreign_policy_diplomacy"",""label"":""Foreign Policy Diplomacy"",""count"":16},{""node"":""topic::energy_environment"",""label"":""Energy Environment"",""count"":14},{""node"":""per::c"",""label"":""C"",""count"":13},{""node"":""loc::china"",""label"":""China"",""count"":13},{""node"":""mention::clewandowski_"",""label"":""@clewandowski_"",""count"":11},{""node"":""mention::whitehouse"",""label"":""@whitehouse"",""count"":10},{""node"":""topic::immigration_border"",""label"":""Immigration Border"",""count"":10}]"
2019-W34,2019-08-19,2019-08-25,208,208,0,82,126,222,969,69,47,92,Media Communications,topic::media_communications,155,China,loc::china,13,"[{""node"":""topic::media_communications"",""label"":""Media Communications"",""count"":155},{""node"":""topic::health_public_health"",""label"":""Health Public Health"",""count"":43},{""node"":""topic::foreign_policy_diplomacy"",""label"":""Foreign Policy Diplomacy"",""count"":34},{""node"":""mention::realdonaldtrump"",""label"":""@realdonaldtrump"",""count"":27},{""node"":""mention::whitehouse"",""label"":""@whitehouse"",""count"":21},{""node"":""topic::law_justice_crime"",""label"":""Law Justice Crime"",""count"":21},{""node"":""topic::endorsements_appointments"",""label"":""Endorsements Appointments"",""count"":17},{""node"":""loc::china"",""label"":""China"",""count"":13},{""node"":""topic::energy_environment"",""label"":""Energy Environment"",""count"":12},{""node"":""loc::france"",""label"":""France"",""count"":11},{""node"":""mention::judicialwatch"",""label"":""@judicialwatch"",""count"":10},{""node"":""topic::elections_campaigns"",""label"":""Elections Campaigns"",""count"":9}]"
2019-W35,2019-08-26,2019-09-01,181,181,0,69,112,216,810,61,54,66,Media Communications,topic::media_communications,123,Dorian,per::dorian,10,"[{""node"":""topic::media_communications"",""label"":""Media Communications"",""count"":123},{""node"":""topic::health_public_health"",""label"":""Health Public Health"",""count"":37},{""node"":""topic::law_justice_crime"",""label"":""Law Justice Crime"",""count"":30},{""node"":""topic::foreign_policy_diplomacy"",""label"":""Foreign Policy Diplomacy"",""count"":16},{""node"":""topic::energy_environment"",""label"":""Energy Environment"",""count"":15},{""node"":""mention::realdonaldtrump"",""label"":""@realdonaldtrump"",""count"":13},{""node"":""hashtag::dorian"",""label"":""#dorian"",""count"":13},{""node"":""topic::congress_governance"",""label"":""Congress Governance"",""count"":12},{""node"":""topic::defense_military_veterans"",""label"":""Defense Military Veterans"",""count"":12},{""node"":""topic::elections_campaigns"",""label"":""Elections Campaigns"",""count"":10},{""node"":""per::dorian"",""label"":""Dorian"",""count"":10},{""node"":""topic::endorsements_appointments"",""label"":""Endorsements Appointments"",""count"":9}]"
2019-W36,2019-09-02,2019-09-08,172,172,0,52,120,190,853,52,71,49,Media Communications,topic::media_communications,117,Trump,per::trump,16,"[{""node"":""topic::media_communications"",""label"":""Media Communications"",""count"":117},{""node"":""topic::health_public_health"",""label"":""Health Public Health"",""count"":26},{""node"":""mention::nhc_atlantic"",""label"":""@nhc_atlantic"",""count"":25},{""node"":""topic::foreign_policy_diplomacy"",""label"":""Foreign Policy Diplomacy"",""count"":23},{""node"":""hashtag::dorian"",""label"":""#dorian"",""count"":20},{""node"":""per::trump"",""label"":""Trump"",""count"":16},{""node"":""loc::atlantic"",""label"":""Atlantic"",""count"":14},{""node"":""topic::energy_environment"",""label"":""Energy Environment"",""count"":12},{""node"":""loc::alabama"",""label"":""Alabama"",""count"":12},{""node"":""topic::law_justice_crime"",""label"":""Law Justice Crime"",""count"":12},{""node"":""loc::u. s"",""label"":""U. S"",""count"":10},{""node"":""loc::china"",""label"":""China"",""count"":10}]"
2019-W37,2019-09-09,2019-09-15,178,178,0,61,117,193,778,37,54,87,Media Communications,topic::media_communications,115,North Carolina,loc::north carolina,23,"[{""node"":""topic::media_communications"",""label"":""Media Communications"",""count"":115},{""node"":""topic::health_public_health"",""label"":""Health Public Health"",""count"":33},{""node"":""topic::congress_governance"",""label"":""Congress Governance"",""count"":24},{""node"":""topic::elections_campaigns"",""label"":""Elections Campaigns"",""count"":23},{""node"":""loc::north carolina"",""label"":""North Carolina"",""count"":23},{""node"":""topic::law_justice_crime"",""label"":""Law Justice Crime"",""count"":20},{""node"":""topic::foreign_policy_diplomacy"",""label"":""Foreign Policy Diplomacy"",""count"":20},{""node"":""mention::realdonaldtrump"",""label"":""@realdonaldtrump"",""count"":19},{""node"":""per::dan bishop"",""label"":""Dan Bishop"",""count"":15},{""node"":""topic::energy_environment"",""label"":""Energy Environment"",""count"":14},{""node"":""topic::endorsements_appointments"",""label"":""Endorsements Appointments"",""count"":13},{""node"":""topic::immigration_border"",""label"":""Immigration Border"",""count"":11}]"
2019-W38,2019-09-16,2019-09-22,147,147,0,43,104,184,775,52,35,60,Media Communications,topic::media_communications,112,Trump,per::trump,13,"[{""node"":""topic::media_communications"",""label"":""Media Communications"",""count"":112},{""node"":""topic::health_public_health"",""label"":""Health Public Health"",""count"":25},{""node"":""topic::law_justice_crime"",""label"":""Law Justice Crime"",""count"":19},{""node"":""mention::realdonaldtrump"",""label"":""@realdonaldtrump"",""count"":19},{""node"":""topic::endorsements_appointments"",""label"":""Endorsements Appointments"",""count"":17},{""node"":""topic::foreign_policy_diplomacy"",""label"":""Foreign Policy Diplomacy"",""count"":16},{""node"":""per::trump"",""label"":""Trump"",""count"":13},{""node"":""topic::energy_environment"",""label"":""Energy Environment"",""count"":13},{""node"":""mention::whitehouse"",""label"":""@whitehouse"",""count"":12},{""node"":""loc::new mexico"",""label"":""New Mexico"",""count"":9},{""node"":""topic::elections_campaigns"",""label"":""Elections Campaigns"",""count"":9},{""node"":""topic::congress_governance"",""label"":""Congress Governance"",""count"":8}]"
2019-W39,2019-09-23,2019-09-29,231,231,0,99,132,190,854,93,94,44,Media Communications,topic::media_communications,182,Ukraine,loc::ukraine,26,"[{""node"":""topic::media_communications"",""label"":""Media Communications"",""count"":182},{""node"":""topic::health_public_health"",""label"":""Health Public Health"",""count"":61},{""node"":""topic::law_justice_crime"",""label"":""Law Justice Crime"",""count"":51},{""node"":""topic::foreign_policy_diplomacy"",""label"":""Foreign Policy Diplomacy"",""count"":50},{""node"":""topic::congress_governance"",""label"":""Congress Governance"",""count"":39},{""node"":""mention::realdonaldtrump"",""label"":""@realdonaldtrump"",""count"":33},{""node"":""loc::ukraine"",""label"":""Ukraine"",""count"":26},{""node"":""mention::rncresearch"",""label"":""@rncresearch"",""count"":22},{""node"":""per::ed henry"",""label"":""Ed Henry"",""count"":19},{""node"":""per::mark levin"",""label"":""Mark Levin"",""count"":14},{""node"":""per::trump"",""label"":""Trump"",""count"":13},{""node"":""topic::energy_environment"",""label"":""Energy Environment"",""count"":13}]"
2019-W40,2019-09-30,2019-10-06,255,255,0,75,180,248,1187,112,78,65,Media Communications,topic::media_communications,169,Trump,per::trump,16,"[{""node"":""topic::media_communications"",""label"":""Media Communications"",""count"":169},{""node"":""topic::law_justice_crime"",""label"":""Law Justice Crime"",""count"":73},{""node"":""topic::health_public_health"",""label"":""Health Public Health"",""count"":50},{""node"":""topic::congress_governance"",""label"":""Congress Governance"",""count"":43},{""node"":""topic::elections_campaigns"",""label"":""Elections Campaigns"",""count"":31},{""node"":""topic::foreign_policy_diplomacy"",""label"":""Foreign Policy Diplomacy"",""count"":30},{""node"":""mention::realdonaldtrump"",""label"":""@realdonaldtrump"",""count"":25},{""node"":""topic::energy_environment"",""label"":""Energy Environment"",""count"":17},{""node"":""per::trump"",""label"":""Trump"",""count"":16},{""node"":""loc::ukraine"",""label"":""Ukraine"",""count"":12},{""node"":""mention::foxnews"",""label"":""@foxnews"",""count"":11},{""node"":""org::foxnews"",""label"":""Foxnews"",""count"":10}]"
2019-W41,2019-10-07,2019-10-13,254,254,0,95,159,262,1205,104,77,73,Media Communications,topic::media_communications,164,Turkey,loc::turkey,20,"[{""node"":""topic::media_communications"",""label"":""Media Communications"",""count"":164},{""node"":""topic::law_justice_crime"",""label"":""Law Justice Crime"",""count"":61},{""node"":""topic::health_public_health"",""label"":""Health Public Health"",""count"":55},{""node"":""topic::foreign_policy_diplomacy"",""label"":""Foreign Policy Diplomacy"",""count"":52},{""node"":""topic::congress_governance"",""label"":""Congress Governance"",""count"":27},{""node"":""topic::elections_campaigns"",""label"":""Elections Campaigns"",""count"":22},{""node"":""topic::energy_environment"",""label"":""Energy Environment"",""count"":21},{""node"":""loc::turkey"",""label"":""Turkey"",""count"":20},{""node"":""per::trump"",""label"":""Trump"",""count"":17},{""node"":""mention::realdonaldtrump"",""label"":""@realdonaldtrump"",""count"":16},{""node"":""loc::louisiana"",""label"":""Louisiana"",""count"":15},{""node"":""loc::united states"",""label"":""United States"",""count"":10}]"
2019-W42,2019-10-14,2019-10-20,205,205,0,66,139,220,1037,86,59,60,Media Communications,topic::media_communications,136,Syria,loc::syria,11,"[{""node"":""topic::media_communications"",""label"":""Media Communications"",""count"":136},{""node"":""topic::law_justice_crime"",""label"":""Law Justice Crime"",""count"":43},{""node"":""topic::congress_governance"",""label"":""Congress Governance"",""count"":40},{""node"":""topic::foreign_policy_diplomacy"",""label"":""Foreign Policy Diplomacy"",""count"":37},{""node"":""topic::health_public_health"",""label"":""Health Public Health"",""count"":35},{""node"":""mention::realdonaldtrump"",""label"":""@realdonaldtrump"",""count"":24},{""node"":""topic::elections_campaigns"",""label"":""Elections Campaigns"",""count"":18},{""node"":""topic::energy_environment"",""label"":""Energy Environment"",""count"":14},{""node"":""loc::syria"",""label"":""Syria"",""count"":11},{""node"":""loc::texas"",""label"":""Texas"",""count"":11},{""node"":""mention::gopchairwoman"",""label"":""@gopchairwoman"",""count"":9},{""node"":""loc::ukraine"",""label"":""Ukraine"",""count"":8}]"
2019-W43,2019-10-21,2019-10-27,206,206,0,96,110,216,888,75,65,66,Media Communications,topic::media_communications,147,Adam Schiff,per::adam schiff,17,"[{""node"":""topic::media_communications"",""label"":""Media Communications"",""count"":147},{""node"":""topic::law_justice_crime"",""label"":""Law Justice Crime"",""count"":52},{""node"":""topic::health_public_health"",""label"":""Health Public Health"",""count"":47},{""node"":""topic::congress_governance"",""label"":""Congress Governance"",""count"":46},{""node"":""mention::realdonaldtrump"",""label"":""@realdonaldtrump"",""count"":38},{""node"":""topic::foreign_policy_diplomacy"",""label"":""Foreign Policy Diplomacy"",""count"":25},{""node"":""topic::energy_environment"",""label"":""Energy Environment"",""count"":20},{""node"":""per::adam schiff"",""label"":""Adam Schiff"",""count"":17},{""node"":""topic::elections_campaigns"",""label"":""Elections Campaigns"",""count"":16},{""node"":""org::house"",""label"":""House"",""count"":11},{""node"":""mention::whitehouse"",""label"":""@whitehouse"",""count"":11},{""node"":""per::trump"",""label"":""Trump"",""count"":10}]"
2019-W44,2019-10-28,2019-11-03,229,229,0,105,124,228,1070,108,59,62,Media Communications,topic::media_communications,163,Adam Schiff,per::adam schiff,12,"[{""node"":""topic::media_communications"",""label"":""Media Communications"",""count"":163},{""node"":""topic::law_justice_crime"",""label"":""Law Justice Crime"",""count"":70},{""node"":""topic::congress_governance"",""label"":""Congress Governance"",""count"":66},{""node"":""topic::health_public_health"",""label"":""Health Public Health"",""count"":37},{""node"":""mention::realdonaldtrump"",""label"":""@realdonaldtrump"",""count"":29},{""node"":""topic::elections_campaigns"",""label"":""Elections Campaigns"",""count"":28},{""node"":""topic::foreign_policy_diplomacy"",""label"":""Foreign Policy Diplomacy"",""count"":14},{""node"":""topic::endorsements_appointments"",""label"":""Endorsements Appointments"",""count"":12},{""node"":""topic::energy_environment"",""label"":""Energy Environment"",""count"":12},{""node"":""per::adam schiff"",""label"":""Adam Schiff"",""count"":12},{""node"":""per::trump"",""label"":""Trump"",""count"":12},{""node"":""per::nancy pelosi"",""label"":""Nancy Pelosi"",""count"":11}]"
2019-W45,2019-11-04,2019-11-10,221,221,0,111,110,201,855,70,70,81,Media Communications,topic::media_communications,174,Trump,per::trump,14,"[{""node"":""topic::media_communications"",""label"":""Media Communications"",""count"":174},{""node"":""topic::law_justice_crime"",""label"":""Law Justice Crime"",""count"":47},{""node"":""topic::health_public_health"",""label"":""Health Public Health"",""count"":37},{""node"":""topic::elections_campaigns"",""label"":""Elections Campaigns"",""count"":34},{""node"":""mention::realdonaldtrump"",""label"":""@realdonaldtrump"",""count"":32},{""node"":""topic::congress_governance"",""label"":""Congress Governance"",""count"":28},{""node"":""topic::foreign_policy_diplomacy"",""label"":""Foreign Policy Diplomacy"",""count"":20},{""node"":""topic::energy_environment"",""label"":""Energy Environment"",""count"":16},{""node"":""topic::defense_military_veterans"",""label"":""Defense Military Veterans"",""count"":15},{""node"":""per::trump"",""label"":""Trump"",""count"":14},{""node"":""topic::endorsements_appointments"",""label"":""Endorsements Appointments"",""count"":12},{""node"":""mention::marklevinshow"",""label"":""@marklevinshow"",""count"":9}]"
2019-W46,2019-11-11,2019-11-17,248,248,0,117,131,209,1078,88,109,51,Media Communications,topic::media_communications,198,Schi,per::schi,17,"[{""node"":""topic::media_communications"",""label"":""Media Communications"",""count"":198},{""node"":""topic::law_justice_crime"",""label"":""Law Justice Crime"",""count"":66},{""node"":""topic::congress_governance"",""label"":""Congress Governance"",""count"":60},{""node"":""topic::health_public_health"",""label"":""Health Public Health"",""count"":46},{""node"":""mention::realdonaldtrump"",""label"":""@realdonaldtrump"",""count"":33},{""node"":""topic::foreign_policy_diplomacy"",""label"":""Foreign Policy Diplomacy"",""count"":29},{""node"":""topic::energy_environment"",""label"":""Energy Environment"",""count"":19},{""node"":""per::schi"",""label"":""Schi"",""count"":17},{""node"":""mention::whitehouse"",""label"":""@whitehouse"",""count"":13},{""node"":""topic::elections_campaigns"",""label"":""Elections Campaigns"",""count"":13},{""node"":""per::trump"",""label"":""Trump"",""count"":13},{""node"":""per::jim"",""label"":""Jim"",""count"":12}]"
2019-W47,2019-11-18,2019-11-24,223,223,0,113,110,218,1128,86,100,37,Media Communications,topic::media_communications,166,Ukraine,loc::ukraine,16,"[{""node"":""topic::media_communications"",""label"":""Media Communications"",""count"":166},{""node"":""topic::congress_governance"",""label"":""Congress Governance"",""count"":56},{""node"":""topic::law_justice_crime"",""label"":""Law Justice Crime"",""count"":53},{""node"":""topic::health_public_health"",""label"":""Health Public Health"",""count"":47},{""node"":""topic::foreign_policy_diplomacy"",""label"":""Foreign Policy Diplomacy"",""count"":31},{""node"":""topic::elections_campaigns"",""label"":""Elections Campaigns"",""count"":19},{""node"":""mention::realdonaldtrump"",""label"":""@realdonaldtrump"",""count"":19},{""node"":""loc::ukraine"",""label"":""Ukraine"",""count"":16},{""node"":""per::trump"",""label"":""Trump"",""count"":16},{""node"":""per::sondl"",""label"":""Sondl"",""count"":10},{""node"":""mention::foxnews"",""label"":""@foxnews"",""count"":9},{""node"":""per::schi"",""label"":""Schi"",""count"":9}]"
2019-W48,2019-11-25,2019-12-01,79,79,0,39,40,104,368,19,30,30,Media Communications,topic::media_communications,61,Trump,per::trump,8,"[{""node"":""topic::media_communications"",""label"":""Media Communications"",""count"":61},{""node"":""mention::realdonaldtrump"",""label"":""@realdonaldtrump"",""count"":19},{""node"":""topic::health_public_health"",""label"":""Health Public Health"",""count"":12},{""node"":""topic::law_justice_crime"",""label"":""Law Justice Crime"",""count"":11},{""node"":""mention::whitehouse"",""label"":""@whitehouse"",""count"":10},{""node"":""topic::congress_governance"",""label"":""Congress Governance"",""count"":9},{""node"":""topic::elections_campaigns"",""label"":""Elections Campaigns"",""count"":8},{""node"":""per::trump"",""label"":""Trump"",""count"":8},{""node"":""topic::defense_military_veterans"",""label"":""Defense Military Veterans"",""count"":8},{""node"":""mention::gopchairwoman"",""label"":""@gopchairwoman"",""count"":5},{""node"":""topic::foreign_policy_diplomacy"",""label"":""Foreign Policy Diplomacy"",""count"":4},{""node"":""mention::dailycaller"",""label"":""@dailycaller"",""count"":4}]"
2019-W49,2019-12-02,2019-12-08,293,293,0,190,103,291,1442,116,108,69,Media Communications,topic::media_communications,221,Trump,per::trump,26,"[{""node"":""topic::media_communications"",""label"":""Media Communications"",""count"":221},{""node"":""topic::congress_governance"",""label"":""Congress Governance"",""count"":86},{""node"":""topic::law_justice_crime"",""label"":""Law Justice Crime"",""count"":81},{""node"":""topic::health_public_health"",""label"":""Health Public Health"",""count"":43},{""node"":""topic::foreign_policy_diplomacy"",""label"":""Foreign Policy Diplomacy"",""count"":39},{""node"":""mention::realdonaldtrump"",""label"":""@realdonaldtrump"",""count"":37},{""node"":""per::trump"",""label"":""Trump"",""count"":26},{""node"":""org::nato"",""label"":""Nato"",""count"":19},{""node"":""loc::ukraine"",""label"":""Ukraine"",""count"":12},{""node"":""per::p"",""label"":""P"",""count"":11},{""node"":""topic::elections_campaigns"",""label"":""Elections Campaigns"",""count"":11},{""node"":""mention::repandybiggsaz"",""label"":""@repandybiggsaz"",""count"":11}]"
2019-W50,2019-12-09,2019-12-15,344,344,0,222,122,284,1533,151,107,86,Media Communications,topic::media_communications,256,Fbi,org::fbi,23,"[{""node"":""topic::media_communications"",""label"":""Media Communications"",""count"":256},{""node"":""topic::law_justice_crime"",""label"":""Law Justice Crime"",""count"":115},{""node"":""topic::congress_governance"",""label"":""Congress Governance"",""count"":89},{""node"":""mention::realdonaldtrump"",""label"":""@realdonaldtrump"",""count"":60},{""node"":""topic::health_public_health"",""label"":""Health Public Health"",""count"":59},{""node"":""topic::foreign_policy_diplomacy"",""label"":""Foreign Policy Diplomacy"",""count"":27},{""node"":""topic::elections_campaigns"",""label"":""Elections Campaigns"",""count"":27},{""node"":""topic::energy_environment"",""label"":""Energy Environment"",""count"":23},{""node"":""org::fbi"",""label"":""Fbi"",""count"":23},{""node"":""per::trump"",""label"":""Trump"",""count"":16},{""node"":""mention::repmattgaetz"",""label"":""@repmattgaetz"",""count"":15},{""node"":""org::congress"",""label"":""Congress"",""count"":14}]"
2019-W51,2019-12-16,2019-12-22,281,281,0,156,125,270,1181,117,80,84,Media Communications,topic::media_communications,196,Trump,per::trump,29,"[{""node"":""topic::media_communications"",""label"":""Media Communications"",""count"":196},{""node"":""topic::law_justice_crime"",""label"":""Law Justice Crime"",""count"":95},{""node"":""topic::congress_governance"",""label"":""Congress Governance"",""count"":84},{""node"":""topic::health_public_health"",""label"":""Health Public Health"",""count"":49},{""node"":""mention::realdonaldtrump"",""label"":""@realdonaldtrump"",""count"":34},{""node"":""per::trump"",""label"":""Trump"",""count"":29},{""node"":""topic::energy_environment"",""label"":""Energy Environment"",""count"":19},{""node"":""topic::elections_campaigns"",""label"":""Elections Campaigns"",""count"":18},{""node"":""org::fbi"",""label"":""Fbi"",""count"":17},{""node"":""org::senate"",""label"":""Senate"",""count"":16},{""node"":""org::house"",""label"":""House"",""count"":14},{""node"":""topic::defense_military_veterans"",""label"":""Defense Military Veterans"",""count"":13}]"
2019-W52,2019-12-23,2019-12-29,165,165,0,83,82,190,760,68,43,54,Media Communications,topic::media_communications,116,Senate,org::senate,20,"[{""node"":""topic::media_communications"",""label"":""Media Communications"",""count"":116},{""node"":""topic::law_justice_crime"",""label"":""Law Justice Crime"",""count"":39},{""node"":""topic::congress_governance"",""label"":""Congress Governance"",""count"":38},{""node"":""topic::health_public_health"",""label"":""Health Public Health"",""count"":29},{""node"":""mention::realdonaldtrump"",""label"":""@realdonaldtrump"",""count"":22},{""node"":""org::senate"",""label"":""Senate"",""count"":20},{""node"":""per::trump"",""label"":""Trump"",""count"":17},{""node"":""topic::elections_campaigns"",""label"":""Elections Campaigns"",""count"":15},{""node"":""org::house"",""label"":""House"",""count"":13},{""node"":""per::nancy pelosi"",""label"":""Nancy Pelosi"",""count"":13},{""node"":""per::p"",""label"":""P"",""count"":11},{""node"":""topic::energy_environment"",""label"":""Energy Environment"",""count"":10}]"
2020-W01,2019-12-30,2020-01-05,120,120,0,56,64,124,504,37,43,40,Media Communications,topic::media_communications,80,Iraq,loc::iraq,14,"[{""node"":""topic::media_communications"",""label"":""Media Communications"",""count"":80},{""node"":""topic::foreign_policy_diplomacy"",""label"":""Foreign Policy Diplomacy"",""count"":34},{""node"":""topic::law_justice_crime"",""label"":""Law Justice Crime"",""count"":33},{""node"":""topic::health_public_health"",""label"":""Health Public Health"",""count"":25},{""node"":""mention::realdonaldtrump"",""label"":""@realdonaldtrump"",""count"":16},{""node"":""loc::iraq"",""label"":""Iraq"",""count"":14},{""node"":""loc::u. s"",""label"":""U. S"",""count"":14},{""node"":""topic::congress_governance"",""label"":""Congress Governance"",""count"":14},{""node"":""loc::iran"",""label"":""Iran"",""count"":12},{""node"":""per::trump"",""label"":""Trump"",""count"":12},{""node"":""topic::energy_environment"",""label"":""Energy Environment"",""count"":9},{""node"":""topic::defense_military_veterans"",""label"":""Defense Military Veterans"",""count"":5}]"
2020-W02,2020-01-06,2020-01-12,158,158,0,78,80,182,924,60,46,52,Media Communications,topic::media_communications,114,Iran,loc::iran,21,"[{""node"":""topic::media_communications"",""label"":""Media Communications"",""count"":114},{""node"":""topic::foreign_policy_diplomacy"",""label"":""Foreign Policy Diplomacy"",""count"":37},{""node"":""topic::law_justice_crime"",""label"":""Law Justice Crime"",""count"":33},{""node"":""topic::health_public_health"",""label"":""Health Public Health"",""count"":30},{""node"":""topic::congress_governance"",""label"":""Congress Governance"",""count"":28},{""node"":""mention::realdonaldtrump"",""label"":""@realdonaldtrump"",""count"":24},{""node"":""loc::iran"",""label"":""Iran"",""count"":21},{""node"":""mention::lindseygrahamsc"",""label"":""@lindseygrahamsc"",""count"":15},{""node"":""per::trump"",""label"":""Trump"",""count"":14},{""node"":""org::senate"",""label"":""Senate"",""count"":13},{""node"":""topic::energy_environment"",""label"":""Energy Environment"",""count"":13},{""node"":""org::house"",""label"":""House"",""count"":10}]"
2020-W03,2020-01-13,2020-01-19,155,155,0,82,73,166,636,56,41,58,Media Communications,topic::media_communications,120,Trump,per::trump,11,"[{""node"":""topic::media_communications"",""label"":""Media Communications"",""count"":120},{""node"":""mention::realdonaldtrump"",""label"":""@realdonaldtrump"",""count"":27},{""node"":""topic::law_justice_crime"",""label"":""Law Justice Crime"",""count"":24},{""node"":""topic::health_public_health"",""label"":""Health Public Health"",""count"":23},{""node"":""topic::elections_campaigns"",""label"":""Elections Campaigns"",""count"":22},{""node"":""topic::congress_governance"",""label"":""Congress Governance"",""count"":21},{""node"":""topic::foreign_policy_diplomacy"",""label"":""Foreign Policy Diplomacy"",""count"":17},{""node"":""topic::energy_environment"",""label"":""Energy Environment"",""count"":16},{""node"":""per::trump"",""label"":""Trump"",""count"":11},{""node"":""org::senate"",""label"":""Senate"",""count"":9},{""node"":""org::house"",""label"":""House"",""count"":8},{""node"":""org::foxnews"",""label"":""Foxnews"",""count"":8}]"
2020-W04,2020-01-20,2020-01-26,393,393,0,268,125,337,1976,149,157,87,Media Communications,topic::media_communications,333,Senate,org::senate,37,"[{""node"":""topic::media_communications"",""label"":""Media Communications"",""count"":333},{""node"":""topic::law_justice_crime"",""label"":""Law Justice Crime"",""count"":103},{""node"":""topic::health_public_health"",""label"":""Health Public Health"",""count"":93},{""node"":""topic::congress_governance"",""label"":""Congress Governance"",""count"":87},{""node"":""mention::realdonaldtrump"",""label"":""@realdonaldtrump"",""count"":60},{""node"":""org::senate"",""label"":""Senate"",""count"":37},{""node"":""topic::elections_campaigns"",""label"":""Elections Campaigns"",""count"":36},{""node"":""topic::energy_environment"",""label"":""Energy Environment"",""count"":32},{""node"":""org::house"",""label"":""House"",""count"":31},{""node"":""topic::foreign_policy_diplomacy"",""label"":""Foreign Policy Diplomacy"",""count"":26},{""node"":""per::trump"",""label"":""Trump"",""count"":19},{""node"":""per::adam schiff"",""label"":""Adam Schiff"",""count"":19}]"
2020-W05,2020-01-27,2020-02-02,240,240,0,141,99,229,1036,71,100,69,Media Communications,topic::media_communications,186,House,org::house,16,"[{""node"":""topic::media_communications"",""label"":""Media Communications"",""count"":186},{""node"":""topic::law_justice_crime"",""label"":""Law Justice Crime"",""count"":60},{""node"":""topic::health_public_health"",""label"":""Health Public Health"",""count"":60},{""node"":""topic::congress_governance"",""label"":""Congress Governance"",""count"":45},{""node"":""mention::realdonaldtrump"",""label"":""@realdonaldtrump"",""count"":36},{""node"":""topic::foreign_policy_diplomacy"",""label"":""Foreign Policy Diplomacy"",""count"":22},{""node"":""org::house"",""label"":""House"",""count"":16},{""node"":""topic::elections_campaigns"",""label"":""Elections Campaigns"",""count"":15},{""node"":""org::senate"",""label"":""Senate"",""count"":15},{""node"":""topic::energy_environment"",""label"":""Energy Environment"",""count"":14},{""node"":""mention::whitehouse"",""label"":""@whitehouse"",""count"":13},{""node"":""per::trump"",""label"":""Trump"",""count"":10}]"
2020-W06,2020-02-03,2020-02-09,324,324,0,226,98,294,1452,101,114,109,Media Communications,topic::media_communications,258,Trump,per::trump,24,"[{""node"":""topic::media_communications"",""label"":""Media Communications"",""count"":258},{""node"":""mention::realdonaldtrump"",""label"":""@realdonaldtrump"",""count"":66},{""node"":""topic::health_public_health"",""label"":""Health Public Health"",""count"":58},{""node"":""topic::elections_campaigns"",""label"":""Elections Campaigns"",""count"":57},{""node"":""topic::law_justice_crime"",""label"":""Law Justice Crime"",""count"":53},{""node"":""topic::congress_governance"",""label"":""Congress Governance"",""count"":48},{""node"":""per::trump"",""label"":""Trump"",""count"":24},{""node"":""topic::energy_environment"",""label"":""Energy Environment"",""count"":24},{""node"":""loc::iowa"",""label"":""Iowa"",""count"":23},{""node"":""topic::endorsements_appointments"",""label"":""Endorsements Appointments"",""count"":18},{""node"":""topic::foreign_policy_diplomacy"",""label"":""Foreign Policy Diplomacy"",""count"":15},{""node"":""loc::america"",""label"":""America"",""count"":13}]"
2020-W07,2020-02-10,2020-02-16,159,159,0,69,90,211,898,44,48,67,Media Communications,topic::media_communications,105,Trump,per::trump,13,"[{""node"":""topic::media_communications"",""label"":""Media Communications"",""count"":105},{""node"":""topic::law_justice_crime"",""label"":""Law Justice Crime"",""count"":37},{""node"":""mention::realdonaldtrump"",""label"":""@realdonaldtrump"",""count"":31},{""node"":""topic::health_public_health"",""label"":""Health Public Health"",""count"":23},{""node"":""topic::elections_campaigns"",""label"":""Elections Campaigns"",""count"":20},{""node"":""topic::congress_governance"",""label"":""Congress Governance"",""count"":20},{""node"":""topic::defense_military_veterans"",""label"":""Defense Military Veterans"",""count"":17},{""node"":""topic::immigration_border"",""label"":""Immigration Border"",""count"":14},{""node"":""per::trump"",""label"":""Trump"",""count"":13},{""node"":""org::congress"",""label"":""Congress"",""count"":10},{""node"":""topic::endorsements_appointments"",""label"":""Endorsements Appointments"",""count"":9},{""node"":""org::senate"",""label"":""Senate"",""count"":8}]"
2020-W08,2020-02-17,2020-02-23,202,202,0,91,111,223,1022,62,70,70,Media Communications,topic::media_communications,138,Trump,per::trump,12,"[{""node"":""topic::media_communications"",""label"":""Media Communications"",""count"":138},{""node"":""topic::law_justice_crime"",""label"":""Law Justice Crime"",""count"":48},{""node"":""topic::elections_campaigns"",""label"":""Elections Campaigns"",""count"":32},{""node"":""topic::health_public_health"",""label"":""Health Public Health"",""count"":28},{""node"":""mention::realdonaldtrump"",""label"":""@realdonaldtrump"",""count"":25},{""node"":""topic::foreign_policy_diplomacy"",""label"":""Foreign Policy Diplomacy"",""count"":21},{""node"":""topic::defense_military_veterans"",""label"":""Defense Military Veterans"",""count"":16},{""node"":""per::trump"",""label"":""Trump"",""count"":12},{""node"":""topic::endorsements_appointments"",""label"":""Endorsements Appointments"",""count"":11},{""node"":""topic::congress_governance"",""label"":""Congress Governance"",""count"":11},{""node"":""org::f"",""label"":""F"",""count"":11},{""node"":""loc::russia"",""label"":""Russia"",""count"":10}]"
2020-W09,2020-02-24,2020-03-01,163,163,0,69,94,204,1053,47,55,61,Media Communications,topic::media_communications,121,Trump,per::trump,15,"[{""node"":""topic::media_communications"",""label"":""Media Communications"",""count"":121},{""node"":""topic::health_public_health"",""label"":""Health Public Health"",""count"":60},{""node"":""mention::realdonaldtrump"",""label"":""@realdonaldtrump"",""count"":25},{""node"":""topic::law_justice_crime"",""label"":""Law Justice Crime"",""count"":25},{""node"":""topic::elections_campaigns"",""label"":""Elections Campaigns"",""count"":24},{""node"":""topic::energy_environment"",""label"":""Energy Environment"",""count"":17},{""node"":""per::trump"",""label"":""Trump"",""count"":15},{""node"":""topic::endorsements_appointments"",""label"":""Endorsements Appointments"",""count"":12},{""node"":""topic::congress_governance"",""label"":""Congress Governance"",""count"":10},{""node"":""mention::gop"",""label"":""@gop"",""count"":9},{""node"":""loc::south carolina"",""label"":""South Carolina"",""count"":9},{""node"":""loc::india"",""label"":""India"",""count"":8}]"
2020-W10,2020-03-02,2020-03-08,219,219,0,89,130,228,1087,53,53,113,Media Communications,topic::media_communications,142,Texas,loc::texas,15,"[{""node"":""topic::media_communications"",""label"":""Media Communications"",""count"":142},{""node"":""topic::health_public_health"",""label"":""Health Public Health"",""count"":80},{""node"":""mention::realdonaldtrump"",""label"":""@realdonaldtrump"",""count"":53},{""node"":""topic::elections_campaigns"",""label"":""Elections Campaigns"",""count"":42},{""node"":""topic::congress_governance"",""label"":""Congress Governance"",""count"":23},{""node"":""hashtag::kag2020"",""label"":""#kag2020"",""count"":21},{""node"":""topic::endorsements_appointments"",""label"":""Endorsements Appointments"",""count"":18},{""node"":""topic::law_justice_crime"",""label"":""Law Justice Crime"",""count"":16},{""node"":""loc::texas"",""label"":""Texas"",""count"":15},{""node"":""topic::energy_environment"",""label"":""Energy Environment"",""count"":14},{""node"":""topic::defense_military_veterans"",""label"":""Defense Military Veterans"",""count"":14},{""node"":""hashtag::maga"",""label"":""#maga"",""count"":11}]"
2020-W11,2020-03-09,2020-03-15,212,212,0,100,112,186,756,51,74,87,Health Public Health,topic::health_public_health,126,Trump,per::trump,11,"[{""node"":""topic::health_public_health"",""label"":""Health Public Health"",""count"":126},{""node"":""topic::media_communications"",""label"":""Media Communications"",""count"":126},{""node"":""mention::realdonaldtrump"",""label"":""@realdonaldtrump"",""count"":28},{""node"":""topic::congress_governance"",""label"":""Congress Governance"",""count"":22},{""node"":""topic::law_justice_crime"",""label"":""Law Justice Crime"",""count"":22},{""node"":""topic::energy_environment"",""label"":""Energy Environment"",""count"":17},{""node"":""topic::elections_campaigns"",""label"":""Elections Campaigns"",""count"":14},{""node"":""per::trump"",""label"":""Trump"",""count"":11},{""node"":""mention::charliekirk11"",""label"":""@charliekirk11"",""count"":10},{""node"":""topic::foreign_policy_diplomacy"",""label"":""Foreign Policy Diplomacy"",""count"":10},{""node"":""hashtag::covid19"",""label"":""#covid19"",""count"":9},{""node"":""mention::gopchairwoman"",""label"":""@gopchairwoman"",""count"":8}]"
2020-W12,2020-03-16,2020-03-22,267,267,0,200,67,234,1057,35,147,85,Media Communications,topic::media_communications,190,Senate,org::senate,23,"[{""node"":""topic::media_communications"",""label"":""Media Communications"",""count"":190},{""node"":""topic::health_public_health"",""label"":""Health Public Health"",""count"":181},{""node"":""mention::realdonaldtrump"",""label"":""@realdonaldtrump"",""count"":32},{""node"":""topic::congress_governance"",""label"":""Congress Governance"",""count"":32},{""node"":""topic::energy_environment"",""label"":""Energy Environment"",""count"":32},{""node"":""mention::whitehouse"",""label"":""@whitehouse"",""count"":26},{""node"":""org::senate"",""label"":""Senate"",""count"":23},{""node"":""hashtag::covid19"",""label"":""#covid19"",""count"":20},{""node"":""mention::senatemajldr"",""label"":""@senatemajldr"",""count"":18},{""node"":""topic::law_justice_crime"",""label"":""Law Justice Crime"",""count"":11},{""node"":""loc::america"",""label"":""America"",""count"":11},{""node"":""mention::senategop"",""label"":""@senategop"",""count"":11}]"
2020-W13,2020-03-23,2020-03-29,220,220,0,113,107,212,888,62,76,82,Media Communications,topic::media_communications,159,Trump,per::trump,15,"[{""node"":""topic::media_communications"",""label"":""Media Communications"",""count"":159},{""node"":""topic::health_public_health"",""label"":""Health Public Health"",""count"":107},{""node"":""topic::energy_environment"",""label"":""Energy Environment"",""count"":42},{""node"":""mention::realdonaldtrump"",""label"":""@realdonaldtrump"",""count"":31},{""node"":""topic::law_justice_crime"",""label"":""Law Justice Crime"",""count"":20},{""node"":""topic::congress_governance"",""label"":""Congress Governance"",""count"":20},{""node"":""mention::whitehouse"",""label"":""@whitehouse"",""count"":18},{""node"":""per::trump"",""label"":""Trump"",""count"":15},{""node"":""topic::foreign_policy_diplomacy"",""label"":""Foreign Policy Diplomacy"",""count"":12},{""node"":""topic::endorsements_appointments"",""label"":""Endorsements Appointments"",""count"":9},{""node"":""loc::white house"",""label"":""White House"",""count"":8},{""node"":""loc::new york"",""label"":""New York"",""count"":7}]"
2020-W14,2020-03-30,2020-04-05,167,167,0,103,64,170,653,26,72,69,Media Communications,topic::media_communications,127,Trump,per::trump,11,"[{""node"":""topic::media_communications"",""label"":""Media Communications"",""count"":127},{""node"":""topic::health_public_health"",""label"":""Health Public Health"",""count"":82},{""node"":""topic::energy_environment"",""label"":""Energy Environment"",""count"":27},{""node"":""mention::realdonaldtrump"",""label"":""@realdonaldtrump"",""count"":24},{""node"":""topic::law_justice_crime"",""label"":""Law Justice Crime"",""count"":18},{""node"":""mention::ivankatrump"",""label"":""@ivankatrump"",""count"":14},{""node"":""mention::whitehouse"",""label"":""@whitehouse"",""count"":13},{""node"":""per::trump"",""label"":""Trump"",""count"":11},{""node"":""topic::congress_governance"",""label"":""Congress Governance"",""count"":8},{""node"":""hashtag::covid19"",""label"":""#covid19"",""count"":8},{""node"":""topic::endorsements_appointments"",""label"":""Endorsements Appointments"",""count"":7},{""node"":""mention::jsolomonreports"",""label"":""@jsolomonreports"",""count"":7}]"
2020-W15,2020-04-06,2020-04-12,208,208,0,105,103,213,934,51,86,71,Media Communications,topic::media_communications,165,Trump,per::trump,13,"[{""node"":""topic::media_communications"",""label"":""Media Communications"",""count"":165},{""node"":""topic::health_public_health"",""label"":""Health Public Health"",""count"":88},{""node"":""topic::law_justice_crime"",""label"":""Law Justice Crime"",""count"":20},{""node"":""topic::energy_environment"",""label"":""Energy Environment"",""count"":19},{""node"":""mention::realdonaldtrump"",""label"":""@realdonaldtrump"",""count"":18},{""node"":""topic::congress_governance"",""label"":""Congress Governance"",""count"":17},{""node"":""topic::elections_campaigns"",""label"":""Elections Campaigns"",""count"":16},{""node"":""per::trump"",""label"":""Trump"",""count"":13},{""node"":""topic::foreign_policy_diplomacy"",""label"":""Foreign Policy Diplomacy"",""count"":13},{""node"":""mention::whitehouse"",""label"":""@whitehouse"",""count"":13},{""node"":""loc::china"",""label"":""China"",""count"":13},{""node"":""org::f"",""label"":""F"",""count"":10}]"
2020-W16,2020-04-13,2020-04-19,180,180,0,99,81,200,796,57,69,54,Media Communications,topic::media_communications,140,America,loc::america,9,"[{""node"":""topic::media_communications"",""label"":""Media Communications"",""count"":140},{""node"":""topic::health_public_health"",""label"":""Health Public Health"",""count"":78},{""node"":""topic::congress_governance"",""label"":""Congress Governance"",""count"":28},{""node"":""topic::energy_environment"",""label"":""Energy Environment"",""count"":25},{""node"":""mention::realdonaldtrump"",""label"":""@realdonaldtrump"",""count"":19},{""node"":""mention::whitehouse"",""label"":""@whitehouse"",""count"":15},{""node"":""topic::foreign_policy_diplomacy"",""label"":""Foreign Policy Diplomacy"",""count"":12},{""node"":""hashtag::paycheckprotectionprogram"",""label"":""#paycheckprotectionprogram"",""count"":12},{""node"":""topic::elections_campaigns"",""label"":""Elections Campaigns"",""count"":10},{""node"":""loc::america"",""label"":""America"",""count"":9},{""node"":""per::trump"",""label"":""Trump"",""count"":7},{""node"":""topic::law_justice_crime"",""label"":""Law Justice Crime"",""count"":7}]"
2020-W17,2020-04-20,2020-04-26,176,176,0,73,103,172,727,41,56,79,Media Communications,topic::media_communications,115,Cdc,org::cdc,9,"[{""node"":""topic::media_communications"",""label"":""Media Communications"",""count"":115},{""node"":""topic::health_public_health"",""label"":""Health Public Health"",""count"":79},{""node"":""mention::realdonaldtrump"",""label"":""@realdonaldtrump"",""count"":28},{""node"":""topic::energy_environment"",""label"":""Energy Environment"",""count"":22},{""node"":""topic::congress_governance"",""label"":""Congress Governance"",""count"":22},{""node"":""topic::law_justice_crime"",""label"":""Law Justice Crime"",""count"":20},{""node"":""topic::immigration_border"",""label"":""Immigration Border"",""count"":18},{""node"":""mention::whitehouse"",""label"":""@whitehouse"",""count"":14},{""node"":""topic::endorsements_appointments"",""label"":""Endorsements Appointments"",""count"":12},{""node"":""mention::cdcgov"",""label"":""@cdcgov"",""count"":11},{""node"":""hashtag::covid19"",""label"":""#covid19"",""count"":10},{""node"":""topic::foreign_policy_diplomacy"",""label"":""Foreign Policy Diplomacy"",""count"":10}]"
2020-W18,2020-04-27,2020-05-03,256,256,0,157,99,249,1030,87,94,75,Media Communications,topic::media_communications,201,Trump,per::trump,14,"[{""node"":""topic::media_communications"",""label"":""Media Communications"",""count"":201},{""node"":""topic::health_public_health"",""label"":""Health Public Health"",""count"":95},{""node"":""topic::law_justice_crime"",""label"":""Law Justice Crime"",""count"":53},{""node"":""mention::realdonaldtrump"",""label"":""@realdonaldtrump"",""count"":46},{""node"":""topic::energy_environment"",""label"":""Energy Environment"",""count"":25},{""node"":""topic::congress_governance"",""label"":""Congress Governance"",""count"":18},{""node"":""mention::whitehouse"",""label"":""@whitehouse"",""count"":16},{""node"":""per::trump"",""label"":""Trump"",""count"":14},{""node"":""topic::defense_military_veterans"",""label"":""Defense Military Veterans"",""count"":13},{""node"":""org::fbi"",""label"":""Fbi"",""count"":10},{""node"":""per::flynn"",""label"":""Flynn"",""count"":10},{""node"":""topic::endorsements_appointments"",""label"":""Endorsements Appointments"",""count"":9}]"
2020-W19,2020-05-04,2020-05-10,211,211,0,121,90,207,1081,53,92,66,Media Communications,topic::media_communications,159,Flynn,per::flynn,20,"[{""node"":""topic::media_communications"",""label"":""Media Communications"",""count"":159},{""node"":""topic::health_public_health"",""label"":""Health Public Health"",""count"":59},{""node"":""topic::law_justice_crime"",""label"":""Law Justice Crime"",""count"":59},{""node"":""mention::johnwhuber"",""label"":""@johnwhuber"",""count"":21},{""node"":""mention::realdonaldtrump"",""label"":""@realdonaldtrump"",""count"":20},{""node"":""per::flynn"",""label"":""Flynn"",""count"":20},{""node"":""org::johnwh"",""label"":""Johnwh"",""count"":18},{""node"":""topic::energy_environment"",""label"":""Energy Environment"",""count"":17},{""node"":""mention::andrewcmccarthy"",""label"":""@andrewcmccarthy"",""count"":16},{""node"":""topic::endorsements_appointments"",""label"":""Endorsements Appointments"",""count"":14},{""node"":""topic::congress_governance"",""label"":""Congress Governance"",""count"":13},{""node"":""topic::defense_military_veterans"",""label"":""Defense Military Veterans"",""count"":11}]"
2020-W20,2020-05-11,2020-05-17,294,294,0,158,136,290,1276,77,118,99,Media Communications,topic::media_communications,223,Obama,per::obama,17,"[{""node"":""topic::media_communications"",""label"":""Media Communications"",""count"":223},{""node"":""topic::health_public_health"",""label"":""Health Public Health"",""count"":98},{""node"":""topic::law_justice_crime"",""label"":""Law Justice Crime"",""count"":65},{""node"":""topic::energy_environment"",""label"":""Energy Environment"",""count"":33},{""node"":""mention::realdonaldtrump"",""label"":""@realdonaldtrump"",""count"":30},{""node"":""topic::foreign_policy_diplomacy"",""label"":""Foreign Policy Diplomacy"",""count"":26},{""node"":""topic::congress_governance"",""label"":""Congress Governance"",""count"":24},{""node"":""topic::elections_campaigns"",""label"":""Elections Campaigns"",""count"":21},{""node"":""per::obama"",""label"":""Obama"",""count"":17},{""node"":""mention::whitehouse"",""label"":""@whitehouse"",""count"":16},{""node"":""mention::paulsperry_"",""label"":""@paulsperry_"",""count"":15},{""node"":""per::trump"",""label"":""Trump"",""count"":13}]"
2020-W21,2020-05-18,2020-05-24,260,260,0,116,144,276,1244,84,73,103,Media Communications,topic::media_communications,196,Trump,per::trump,15,"[{""node"":""topic::media_communications"",""label"":""Media Communications"",""count"":196},{""node"":""topic::health_public_health"",""label"":""Health Public Health"",""count"":67},{""node"":""mention::realdonaldtrump"",""label"":""@realdonaldtrump"",""count"":53},{""node"":""topic::law_justice_crime"",""label"":""Law Justice Crime"",""count"":51},{""node"":""topic::energy_environment"",""label"":""Energy Environment"",""count"":26},{""node"":""topic::elections_campaigns"",""label"":""Elections Campaigns"",""count"":23},{""node"":""topic::endorsements_appointments"",""label"":""Endorsements Appointments"",""count"":22},{""node"":""topic::defense_military_veterans"",""label"":""Defense Military Veterans"",""count"":18},{""node"":""topic::foreign_policy_diplomacy"",""label"":""Foreign Policy Diplomacy"",""count"":15},{""node"":""per::trump"",""label"":""Trump"",""count"":15},{""node"":""topic::congress_governance"",""label"":""Congress Governance"",""count"":14},{""node"":""mention::whitehouse"",""label"":""@whitehouse"",""count"":11}]"
2020-W22,2020-05-25,2020-05-31,248,248,0,103,145,247,1031,93,96,59,Media Communications,topic::media_communications,167,Trump,per::trump,16,"[{""node"":""topic::media_communications"",""label"":""Media Communications"",""count"":167},{""node"":""topic::law_justice_crime"",""label"":""Law Justice Crime"",""count"":73},{""node"":""topic::health_public_health"",""label"":""Health Public Health"",""count"":53},{""node"":""mention::realdonaldtrump"",""label"":""@realdonaldtrump"",""count"":26},{""node"":""mention::greggjarrett"",""label"":""@greggjarrett"",""count"":18},{""node"":""topic::foreign_policy_diplomacy"",""label"":""Foreign Policy Diplomacy"",""count"":17},{""node"":""per::trump"",""label"":""Trump"",""count"":16},{""node"":""topic::congress_governance"",""label"":""Congress Governance"",""count"":13},{""node"":""topic::defense_military_veterans"",""label"":""Defense Military Veterans"",""count"":13},{""node"":""topic::elections_campaigns"",""label"":""Elections Campaigns"",""count"":12},{""node"":""per::george floyd"",""label"":""George Floyd"",""count"":12},{""node"":""loc::minneapolis"",""label"":""Minneapolis"",""count"":12}]"
2020-W23,2020-06-01,2020-06-07,501,501,0,317,184,410,1879,147,172,182,Media Communications,topic::media_communications,350,America,loc::america,18,"[{""node"":""topic::media_communications"",""label"":""Media Communications"",""count"":350},{""node"":""topic::health_public_health"",""label"":""Health Public Health"",""count"":137},{""node"":""topic::law_justice_crime"",""label"":""Law Justice Crime"",""count"":120},{""node"":""mention::realdonaldtrump"",""label"":""@realdonaldtrump"",""count"":64},{""node"":""topic::congress_governance"",""label"":""Congress Governance"",""count"":51},{""node"":""topic::defense_military_veterans"",""label"":""Defense Military Veterans"",""count"":42},{""node"":""topic::energy_environment"",""label"":""Energy Environment"",""count"":33},{""node"":""topic::endorsements_appointments"",""label"":""Endorsements Appointments"",""count"":30},{""node"":""topic::elections_campaigns"",""label"":""Elections Campaigns"",""count"":23},{""node"":""loc::america"",""label"":""America"",""count"":18},{""node"":""per::joe biden"",""label"":""Joe Biden"",""count"":16},{""node"":""per::trump"",""label"":""Trump"",""count"":16}]"
2020-W24,2020-06-08,2020-06-14,219,219,0,97,122,197,768,73,56,90,Media Communications,topic::media_communications,139,America,loc::america,13,"[{""node"":""topic::media_communications"",""label"":""Media Communications"",""count"":139},{""node"":""topic::health_public_health"",""label"":""Health Public Health"",""count"":54},{""node"":""topic::law_justice_crime"",""label"":""Law Justice Crime"",""count"":47},{""node"":""topic::endorsements_appointments"",""label"":""Endorsements Appointments"",""count"":24},{""node"":""topic::elections_campaigns"",""label"":""Elections Campaigns"",""count"":22},{""node"":""topic::defense_military_veterans"",""label"":""Defense Military Veterans"",""count"":20},{""node"":""topic::congress_governance"",""label"":""Congress Governance"",""count"":19},{""node"":""topic::energy_environment"",""label"":""Energy Environment"",""count"":18},{""node"":""mention::realdonaldtrump"",""label"":""@realdonaldtrump"",""count"":15},{""node"":""loc::america"",""label"":""America"",""count"":13},{""node"":""mention::whitehouse"",""label"":""@whitehouse"",""count"":13},{""node"":""per::trump"",""label"":""Trump"",""count"":10}]"
2020-W25,2020-06-15,2020-06-21,150,150,0,46,104,153,592,46,44,60,Media Communications,topic::media_communications,104,Trump,per::trump,7,"[{""node"":""topic::media_communications"",""label"":""Media Communications"",""count"":104},{""node"":""topic::health_public_health"",""label"":""Health Public Health"",""count"":28},{""node"":""topic::law_justice_crime"",""label"":""Law Justice Crime"",""count"":23},{""node"":""mention::realdonaldtrump"",""label"":""@realdonaldtrump"",""count"":22},{""node"":""mention::usdot"",""label"":""@usdot"",""count"":17},{""node"":""topic::elections_campaigns"",""label"":""Elections Campaigns"",""count"":14},{""node"":""topic::foreign_policy_diplomacy"",""label"":""Foreign Policy Diplomacy"",""count"":13},{""node"":""topic::congress_governance"",""label"":""Congress Governance"",""count"":12},{""node"":""topic::endorsements_appointments"",""label"":""Endorsements Appointments"",""count"":11},{""node"":""topic::energy_environment"",""label"":""Energy Environment"",""count"":8},{""node"":""topic::immigration_border"",""label"":""Immigration Border"",""count"":8},{""node"":""per::trump"",""label"":""Trump"",""count"":7}]"
2020-W26,2020-06-22,2020-06-28,168,168,0,57,111,169,705,53,64,51,Media Communications,topic::media_communications,112,Foxnews,org::foxnews,10,"[{""node"":""topic::media_communications"",""label"":""Media Communications"",""count"":112},{""node"":""topic::health_public_health"",""label"":""Health Public Health"",""count"":41},{""node"":""topic::law_justice_crime"",""label"":""Law Justice Crime"",""count"":38},{""node"":""mention::realdonaldtrump"",""label"":""@realdonaldtrump"",""count"":22},{""node"":""topic::energy_environment"",""label"":""Energy Environment"",""count"":13},{""node"":""topic::congress_governance"",""label"":""Congress Governance"",""count"":12},{""node"":""mention::foxnews"",""label"":""@foxnews"",""count"":11},{""node"":""org::foxnews"",""label"":""Foxnews"",""count"":10},{""node"":""per::trump"",""label"":""Trump"",""count"":10},{""node"":""topic::immigration_border"",""label"":""Immigration Border"",""count"":10},{""node"":""topic::foreign_policy_diplomacy"",""label"":""Foreign Policy Diplomacy"",""count"":9},{""node"":""mention::whitehouse"",""label"":""@whitehouse"",""count"":9}]"
2020-W27,2020-06-29,2020-07-05,268,268,0,156,112,235,971,86,97,85,Media Communications,topic::media_communications,207,Trump,per::trump,18,"[{""node"":""topic::media_communications"",""label"":""Media Communications"",""count"":207},{""node"":""mention::realdonaldtrump"",""label"":""@realdonaldtrump"",""count"":61},{""node"":""topic::health_public_health"",""label"":""Health Public Health"",""count"":46},{""node"":""topic::law_justice_crime"",""label"":""Law Justice Crime"",""count"":37},{""node"":""topic::elections_campaigns"",""label"":""Elections Campaigns"",""count"":27},{""node"":""topic::defense_military_veterans"",""label"":""Defense Military Veterans"",""count"":20},{""node"":""topic::congress_governance"",""label"":""Congress Governance"",""count"":20},{""node"":""per::trump"",""label"":""Trump"",""count"":18},{""node"":""topic::energy_environment"",""label"":""Energy Environment"",""count"":15},{""node"":""topic::endorsements_appointments"",""label"":""Endorsements Appointments"",""count"":15},{""node"":""loc::america"",""label"":""America"",""count"":15},{""node"":""mention::whitehouse"",""label"":""@whitehouse"",""count"":11}]"
2020-W28,2020-07-06,2020-07-12,151,151,0,59,92,153,621,60,54,37,Media Communications,topic::media_communications,100,Trump,per::trump,11,"[{""node"":""topic::media_communications"",""label"":""Media Communications"",""count"":100},{""node"":""topic::health_public_health"",""label"":""Health Public Health"",""count"":44},{""node"":""topic::law_justice_crime"",""label"":""Law Justice Crime"",""count"":40},{""node"":""mention::realdonaldtrump"",""label"":""@realdonaldtrump"",""count"":23},{""node"":""topic::elections_campaigns"",""label"":""Elections Campaigns"",""count"":16},{""node"":""topic::energy_environment"",""label"":""Energy Environment"",""count"":12},{""node"":""topic::foreign_policy_diplomacy"",""label"":""Foreign Policy Diplomacy"",""count"":11},{""node"":""per::trump"",""label"":""Trump"",""count"":11},{""node"":""topic::social_culture_education"",""label"":""Social Culture Education"",""count"":10},{""node"":""mention::whitehouse"",""label"":""@whitehouse"",""count"":10},{""node"":""per::joe biden"",""label"":""Joe Biden"",""count"":9},{""node"":""loc::china"",""label"":""China"",""count"":8}]"
2020-W29,2020-07-13,2020-07-19,175,175,0,128,47,204,845,64,62,49,Media Communications,topic::media_communications,130,Joe Biden,per::joe biden,21,"[{""node"":""topic::media_communications"",""label"":""Media Communications"",""count"":130},{""node"":""topic::law_justice_crime"",""label"":""Law Justice Crime"",""count"":45},{""node"":""topic::health_public_health"",""label"":""Health Public Health"",""count"":40},{""node"":""mention::realdonaldtrump"",""label"":""@realdonaldtrump"",""count"":38},{""node"":""per::joe biden"",""label"":""Joe Biden"",""count"":21},{""node"":""topic::elections_campaigns"",""label"":""Elections Campaigns"",""count"":17},{""node"":""topic::energy_environment"",""label"":""Energy Environment"",""count"":14},{""node"":""loc::america"",""label"":""America"",""count"":13},{""node"":""mention::teamtrump"",""label"":""@teamtrump"",""count"":13},{""node"":""topic::endorsements_appointments"",""label"":""Endorsements Appointments"",""count"":13},{""node"":""mention::whitehouse"",""label"":""@whitehouse"",""count"":12},{""node"":""per::b"",""label"":""B"",""count"":10}]"
2020-W30,2020-07-20,2020-07-26,150,150,0,95,55,167,681,48,69,33,Media Communications,topic::media_communications,117,Trump,per::trump,7,"[{""node"":""topic::media_communications"",""label"":""Media Communications"",""count"":117},{""node"":""topic::health_public_health"",""label"":""Health Public Health"",""count"":61},{""node"":""topic::law_justice_crime"",""label"":""Law Justice Crime"",""count"":32},{""node"":""mention::realdonaldtrump"",""label"":""@realdonaldtrump"",""count"":24},{""node"":""mention::whitehouse"",""label"":""@whitehouse"",""count"":17},{""node"":""topic::energy_environment"",""label"":""Energy Environment"",""count"":13},{""node"":""topic::endorsements_appointments"",""label"":""Endorsements Appointments"",""count"":12},{""node"":""mention::bucksexton"",""label"":""@bucksexton"",""count"":10},{""node"":""topic::foreign_policy_diplomacy"",""label"":""Foreign Policy Diplomacy"",""count"":9},{""node"":""topic::elections_campaigns"",""label"":""Elections Campaigns"",""count"":9},{""node"":""topic::congress_governance"",""label"":""Congress Governance"",""count"":7},{""node"":""mention::kimstrassel"",""label"":""@kimstrassel"",""count"":7}]"
2020-W31,2020-07-27,2020-08-02,301,301,0,196,105,277,1176,102,117,82,Media Communications,topic::media_communications,215,Portland,loc::portland,17,"[{""node"":""topic::media_communications"",""label"":""Media Communications"",""count"":215},{""node"":""topic::health_public_health"",""label"":""Health Public Health"",""count"":101},{""node"":""topic::law_justice_crime"",""label"":""Law Justice Crime"",""count"":64},{""node"":""mention::realdonaldtrump"",""label"":""@realdonaldtrump"",""count"":53},{""node"":""topic::congress_governance"",""label"":""Congress Governance"",""count"":42},{""node"":""topic::elections_campaigns"",""label"":""Elections Campaigns"",""count"":31},{""node"":""topic::energy_environment"",""label"":""Energy Environment"",""count"":20},{""node"":""topic::endorsements_appointments"",""label"":""Endorsements Appointments"",""count"":18},{""node"":""loc::portland"",""label"":""Portland"",""count"":17},{""node"":""per::trump"",""label"":""Trump"",""count"":16},{""node"":""per::joe biden"",""label"":""Joe Biden"",""count"":15},{""node"":""mention::whitehouse"",""label"":""@whitehouse"",""count"":15}]"
2020-W32,2020-08-03,2020-08-09,165,165,0,97,68,165,688,46,72,47,Media Communications,topic::media_communications,128,Joe Biden,per::joe biden,15,"[{""node"":""topic::media_communications"",""label"":""Media Communications"",""count"":128},{""node"":""mention::realdonaldtrump"",""label"":""@realdonaldtrump"",""count"":48},{""node"":""topic::health_public_health"",""label"":""Health Public Health"",""count"":46},{""node"":""mention::whitehouse"",""label"":""@whitehouse"",""count"":31},{""node"":""topic::law_justice_crime"",""label"":""Law Justice Crime"",""count"":19},{""node"":""per::joe biden"",""label"":""Joe Biden"",""count"":15},{""node"":""mention::teamtrump"",""label"":""@teamtrump"",""count"":12},{""node"":""topic::foreign_policy_diplomacy"",""label"":""Foreign Policy Diplomacy"",""count"":11},{""node"":""topic::energy_environment"",""label"":""Energy Environment"",""count"":10},{""node"":""topic::elections_campaigns"",""label"":""Elections Campaigns"",""count"":9},{""node"":""topic::congress_governance"",""label"":""Congress Governance"",""count"":9},{""node"":""org::h"",""label"":""H"",""count"":8}]"
2020-W33,2020-08-10,2020-08-16,251,251,0,129,122,239,884,61,93,97,Media Communications,topic::media_communications,183,Trump,per::trump,19,"[{""node"":""topic::media_communications"",""label"":""Media Communications"",""count"":183},{""node"":""topic::health_public_health"",""label"":""Health Public Health"",""count"":63},{""node"":""topic::elections_campaigns"",""label"":""Elections Campaigns"",""count"":31},{""node"":""mention::realdonaldtrump"",""label"":""@realdonaldtrump"",""count"":29},{""node"":""topic::law_justice_crime"",""label"":""Law Justice Crime"",""count"":26},{""node"":""topic::energy_environment"",""label"":""Energy Environment"",""count"":22},{""node"":""topic::endorsements_appointments"",""label"":""Endorsements Appointments"",""count"":20},{""node"":""per::trump"",""label"":""Trump"",""count"":19},{""node"":""topic::congress_governance"",""label"":""Congress Governance"",""count"":18},{""node"":""topic::foreign_policy_diplomacy"",""label"":""Foreign Policy Diplomacy"",""count"":18},{""node"":""mention::usdot"",""label"":""@usdot"",""count"":17},{""node"":""per::b"",""label"":""B"",""count"":14}]"
2020-W34,2020-08-17,2020-08-23,223,223,0,118,105,226,956,82,81,60,Media Communications,topic::media_communications,170,Trump,per::trump,13,"[{""node"":""topic::media_communications"",""label"":""Media Communications"",""count"":170},{""node"":""topic::health_public_health"",""label"":""Health Public Health"",""count"":71},{""node"":""topic::elections_campaigns"",""label"":""Elections Campaigns"",""count"":40},{""node"":""mention::realdonaldtrump"",""label"":""@realdonaldtrump"",""count"":39},{""node"":""topic::law_justice_crime"",""label"":""Law Justice Crime"",""count"":38},{""node"":""mention::teamtrump"",""label"":""@teamtrump"",""count"":16},{""node"":""topic::endorsements_appointments"",""label"":""Endorsements Appointments"",""count"":16},{""node"":""topic::energy_environment"",""label"":""Energy Environment"",""count"":14},{""node"":""per::trump"",""label"":""Trump"",""count"":13},{""node"":""mention::whitehouse"",""label"":""@whitehouse"",""count"":13},{""node"":""per::b"",""label"":""B"",""count"":10},{""node"":""topic::congress_governance"",""label"":""Congress Governance"",""count"":10}]"
2020-W35,2020-08-24,2020-08-30,369,369,0,142,227,177,739,79,231,59,Media Communications,topic::media_communications,283,Trump,per::trump,32,"[{""node"":""topic::media_communications"",""label"":""Media Communications"",""count"":283},{""node"":""topic::health_public_health"",""label"":""Health Public Health"",""count"":89},{""node"":""topic::law_justice_crime"",""label"":""Law Justice Crime"",""count"":56},{""node"":""topic::elections_campaigns"",""label"":""Elections Campaigns"",""count"":37},{""node"":""per::trump"",""label"":""Trump"",""count"":32},{""node"":""loc::portland"",""label"":""Portland"",""count"":27},{""node"":""mention::realdonaldtrump"",""label"":""@realdonaldtrump"",""count"":24},{""node"":""mention::pollwatch2020"",""label"":""@pollwatch2020"",""count"":21},{""node"":""topic::endorsements_appointments"",""label"":""Endorsements Appointments"",""count"":19},{""node"":""org::w"",""label"":""W"",""count"":18},{""node"":""per::ted wheeler"",""label"":""Ted Wheeler"",""count"":16},{""node"":""topic::energy_environment"",""label"":""Energy Environment"",""count"":15}]"
2020-W36,2020-08-31,2020-09-06,270,270,0,132,138,241,1017,92,101,77,Media Communications,topic::media_communications,209,Trump,per::trump,25,"[{""node"":""topic::media_communications"",""label"":""Media Communications"",""count"":209},{""node"":""topic::health_public_health"",""label"":""Health Public Health"",""count"":81},{""node"":""topic::law_justice_crime"",""label"":""Law Justice Crime"",""count"":43},{""node"":""mention::realdonaldtrump"",""label"":""@realdonaldtrump"",""count"":34},{""node"":""topic::energy_environment"",""label"":""Energy Environment"",""count"":28},{""node"":""per::trump"",""label"":""Trump"",""count"":25},{""node"":""topic::foreign_policy_diplomacy"",""label"":""Foreign Policy Diplomacy"",""count"":20},{""node"":""topic::elections_campaigns"",""label"":""Elections Campaigns"",""count"":19},{""node"":""topic::congress_governance"",""label"":""Congress Governance"",""count"":15},{""node"":""per::b"",""label"":""B"",""count"":11},{""node"":""mention::whitehouse"",""label"":""@whitehouse"",""count"":11},{""node"":""per::joe biden"",""label"":""Joe Biden"",""count"":9}]"
2020-W37,2020-09-07,2020-09-13,391,391,0,177,214,320,1596,117,150,124,Media Communications,topic::media_communications,288,Trump,per::trump,45,"[{""node"":""topic::media_communications"",""label"":""Media Communications"",""count"":288},{""node"":""topic::health_public_health"",""label"":""Health Public Health"",""count"":98},{""node"":""topic::law_justice_crime"",""label"":""Law Justice Crime"",""count"":60},{""node"":""topic::elections_campaigns"",""label"":""Elections Campaigns"",""count"":47},{""node"":""per::trump"",""label"":""Trump"",""count"":45},{""node"":""topic::endorsements_appointments"",""label"":""Endorsements Appointments"",""count"":38},{""node"":""topic::energy_environment"",""label"":""Energy Environment"",""count"":33},{""node"":""mention::realdonaldtrump"",""label"":""@realdonaldtrump"",""count"":33},{""node"":""per::b"",""label"":""B"",""count"":26},{""node"":""topic::foreign_policy_diplomacy"",""label"":""Foreign Policy Diplomacy"",""count"":24},{""node"":""per::iden"",""label"":""Iden"",""count"":23},{""node"":""topic::defense_military_veterans"",""label"":""Defense Military Veterans"",""count"":22}]"
2020-W38,2020-09-14,2020-09-20,294,294,0,123,171,258,1148,89,117,88,Media Communications,topic::media_communications,195,B,per::b,14,"[{""node"":""topic::media_communications"",""label"":""Media Communications"",""count"":195},{""node"":""topic::health_public_health"",""label"":""Health Public Health"",""count"":99},{""node"":""topic::law_justice_crime"",""label"":""Law Justice Crime"",""count"":51},{""node"":""topic::elections_campaigns"",""label"":""Elections Campaigns"",""count"":50},{""node"":""topic::energy_environment"",""label"":""Energy Environment"",""count"":39},{""node"":""mention::realdonaldtrump"",""label"":""@realdonaldtrump"",""count"":27},{""node"":""topic::foreign_policy_diplomacy"",""label"":""Foreign Policy Diplomacy"",""count"":22},{""node"":""topic::congress_governance"",""label"":""Congress Governance"",""count"":20},{""node"":""topic::endorsements_appointments"",""label"":""Endorsements Appointments"",""count"":19},{""node"":""per::b"",""label"":""B"",""count"":14},{""node"":""topic::defense_military_veterans"",""label"":""Defense Military Veterans"",""count"":14},{""node"":""per::joe biden"",""label"":""Joe Biden"",""count"":13}]"
2020-W39,2020-09-21,2020-09-27,278,278,0,153,125,298,1340,43,122,113,Media Communications,topic::media_communications,182,Supreme Court,org::supreme court,21,"[{""node"":""topic::media_communications"",""label"":""Media Communications"",""count"":182},{""node"":""topic::endorsements_appointments"",""label"":""Endorsements Appointments"",""count"":59},{""node"":""topic::health_public_health"",""label"":""Health Public Health"",""count"":58},{""node"":""topic::law_justice_crime"",""label"":""Law Justice Crime"",""count"":48},{""node"":""topic::congress_governance"",""label"":""Congress Governance"",""count"":35},{""node"":""mention::realdonaldtrump"",""label"":""@realdonaldtrump"",""count"":35},{""node"":""topic::elections_campaigns"",""label"":""Elections Campaigns"",""count"":29},{""node"":""org::supreme court"",""label"":""Supreme Court"",""count"":21},{""node"":""org::senate"",""label"":""Senate"",""count"":17},{""node"":""per::trump"",""label"":""Trump"",""count"":17},{""node"":""hashtag::maga"",""label"":""#maga"",""count"":16},{""node"":""mention::nra"",""label"":""@nra"",""count"":14}]"
2020-W40,2020-09-28,2020-10-04,224,224,0,101,123,162,661,69,103,52,Media Communications,topic::media_communications,179,B,per::b,15,"[{""node"":""topic::media_communications"",""label"":""Media Communications"",""count"":179},{""node"":""topic::health_public_health"",""label"":""Health Public Health"",""count"":56},{""node"":""topic::law_justice_crime"",""label"":""Law Justice Crime"",""count"":40},{""node"":""topic::elections_campaigns"",""label"":""Elections Campaigns"",""count"":29},{""node"":""mention::realdonaldtrump"",""label"":""@realdonaldtrump"",""count"":22},{""node"":""topic::energy_environment"",""label"":""Energy Environment"",""count"":20},{""node"":""per::b"",""label"":""B"",""count"":15},{""node"":""per::joe biden"",""label"":""Joe Biden"",""count"":14},{""node"":""per::trump"",""label"":""Trump"",""count"":13},{""node"":""per::iden"",""label"":""Iden"",""count"":11},{""node"":""mention::greggjarrett"",""label"":""@greggjarrett"",""count"":10},{""node"":""loc::minnesota"",""label"":""Minnesota"",""count"":9}]"
2020-W41,2020-10-05,2020-10-11,277,277,0,99,178,266,1186,88,114,75,Media Communications,topic::media_communications,172,B,per::b,17,"[{""node"":""topic::media_communications"",""label"":""Media Communications"",""count"":172},{""node"":""topic::health_public_health"",""label"":""Health Public Health"",""count"":73},{""node"":""topic::law_justice_crime"",""label"":""Law Justice Crime"",""count"":57},{""node"":""topic::elections_campaigns"",""label"":""Elections Campaigns"",""count"":44},{""node"":""topic::congress_governance"",""label"":""Congress Governance"",""count"":30},{""node"":""topic::endorsements_appointments"",""label"":""Endorsements Appointments"",""count"":21},{""node"":""topic::energy_environment"",""label"":""Energy Environment"",""count"":18},{""node"":""mention::realdonaldtrump"",""label"":""@realdonaldtrump"",""count"":18},{""node"":""per::b"",""label"":""B"",""count"":17},{""node"":""mention::paulsperry_"",""label"":""@paulsperry_"",""count"":16},{""node"":""per::iden"",""label"":""Iden"",""count"":13},{""node"":""topic::defense_military_veterans"",""label"":""Defense Military Veterans"",""count"":12}]"
2020-W42,2020-10-12,2020-10-18,449,449,0,216,233,343,1774,140,156,153,Media Communications,topic::media_communications,303,B,per::b,41,"[{""node"":""topic::media_communications"",""label"":""Media Communications"",""count"":303},{""node"":""topic::health_public_health"",""label"":""Health Public Health"",""count"":143},{""node"":""topic::elections_campaigns"",""label"":""Elections Campaigns"",""count"":79},{""node"":""topic::law_justice_crime"",""label"":""Law Justice Crime"",""count"":67},{""node"":""mention::realdonaldtrump"",""label"":""@realdonaldtrump"",""count"":57},{""node"":""per::b"",""label"":""B"",""count"":41},{""node"":""topic::energy_environment"",""label"":""Energy Environment"",""count"":37},{""node"":""topic::endorsements_appointments"",""label"":""Endorsements Appointments"",""count"":34},{""node"":""topic::congress_governance"",""label"":""Congress Governance"",""count"":31},{""node"":""per::iden"",""label"":""Iden"",""count"":30},{""node"":""per::trump"",""label"":""Trump"",""count"":28},{""node"":""per::joe biden"",""label"":""Joe Biden"",""count"":26}]"
2020-W43,2020-10-19,2020-10-25,268,268,0,96,172,237,1217,59,90,119,Media Communications,topic::media_communications,172,B,per::b,30,"[{""node"":""topic::media_communications"",""label"":""Media Communications"",""count"":172},{""node"":""topic::health_public_health"",""label"":""Health Public Health"",""count"":70},{""node"":""topic::elections_campaigns"",""label"":""Elections Campaigns"",""count"":60},{""node"":""mention::realdonaldtrump"",""label"":""@realdonaldtrump"",""count"":37},{""node"":""per::b"",""label"":""B"",""count"":30},{""node"":""per::joe biden"",""label"":""Joe Biden"",""count"":29},{""node"":""topic::law_justice_crime"",""label"":""Law Justice Crime"",""count"":27},{""node"":""per::iden"",""label"":""Iden"",""count"":25},{""node"":""topic::endorsements_appointments"",""label"":""Endorsements Appointments"",""count"":23},{""node"":""topic::energy_environment"",""label"":""Energy Environment"",""count"":22},{""node"":""topic::congress_governance"",""label"":""Congress Governance"",""count"":21},{""node"":""per::trump"",""label"":""Trump"",""count"":20}]"
2020-W44,2020-10-26,2020-11-01,410,410,0,97,313,273,1497,109,150,151,Media Communications,topic::media_communications,242,B,per::b,49,"[{""node"":""topic::media_communications"",""label"":""Media Communications"",""count"":242},{""node"":""topic::health_public_health"",""label"":""Health Public Health"",""count"":106},{""node"":""topic::elections_campaigns"",""label"":""Elections Campaigns"",""count"":84},{""node"":""topic::endorsements_appointments"",""label"":""Endorsements Appointments"",""count"":51},{""node"":""per::b"",""label"":""B"",""count"":49},{""node"":""topic::energy_environment"",""label"":""Energy Environment"",""count"":42},{""node"":""per::iden"",""label"":""Iden"",""count"":41},{""node"":""per::joe biden"",""label"":""Joe Biden"",""count"":34},{""node"":""topic::law_justice_crime"",""label"":""Law Justice Crime"",""count"":33},{""node"":""topic::congress_governance"",""label"":""Congress Governance"",""count"":33},{""node"":""hashtag::maga"",""label"":""#maga"",""count"":30},{""node"":""loc::pennsylvania"",""label"":""Pennsylvania"",""count"":28}]"
2020-W45,2020-11-02,2020-11-08,207,207,0,45,162,139,569,65,77,65,Media Communications,topic::media_communications,114,B,per::b,18,"[{""node"":""topic::media_communications"",""label"":""Media Communications"",""count"":114},{""node"":""topic::health_public_health"",""label"":""Health Public Health"",""count"":45},{""node"":""topic::elections_campaigns"",""label"":""Elections Campaigns"",""count"":42},{""node"":""topic::law_justice_crime"",""label"":""Law Justice Crime"",""count"":37},{""node"":""topic::energy_environment"",""label"":""Energy Environment"",""count"":22},{""node"":""mention::realdonaldtrump"",""label"":""@realdonaldtrump"",""count"":21},{""node"":""per::b"",""label"":""B"",""count"":18},{""node"":""loc::pennsylvania"",""label"":""Pennsylvania"",""count"":18},{""node"":""per::iden"",""label"":""Iden"",""count"":17},{""node"":""per::joe biden"",""label"":""Joe Biden"",""count"":14},{""node"":""topic::endorsements_appointments"",""label"":""Endorsements Appointments"",""count"":13},{""node"":""loc::michigan"",""label"":""Michigan"",""count"":11}]"
2020-W46,2020-11-09,2020-11-15,269,269,0,111,158,221,883,84,131,54,Media Communications,topic::media_communications,183,Georgia,loc::georgia,12,"[{""node"":""topic::media_communications"",""label"":""Media Communications"",""count"":183},{""node"":""topic::health_public_health"",""label"":""Health Public Health"",""count"":64},{""node"":""topic::law_justice_crime"",""label"":""Law Justice Crime"",""count"":57},{""node"":""topic::elections_campaigns"",""label"":""Elections Campaigns"",""count"":48},{""node"":""topic::energy_environment"",""label"":""Energy Environment"",""count"":26},{""node"":""mention::realdonaldtrump"",""label"":""@realdonaldtrump"",""count"":15},{""node"":""mention::greggutfeld"",""label"":""@greggutfeld"",""count"":15},{""node"":""mention::oseanessytweet"",""label"":""@oseanessytweet"",""count"":14},{""node"":""topic::congress_governance"",""label"":""Congress Governance"",""count"":13},{""node"":""topic::endorsements_appointments"",""label"":""Endorsements Appointments"",""count"":12},{""node"":""loc::georgia"",""label"":""Georgia"",""count"":12},{""node"":""per::trump"",""label"":""Trump"",""count"":10}]"
2020-W47,2020-11-16,2020-11-22,194,194,0,64,130,155,582,82,70,42,Media Communications,topic::media_communications,116,Trump,per::trump,11,"[{""node"":""topic::media_communications"",""label"":""Media Communications"",""count"":116},{""node"":""topic::health_public_health"",""label"":""Health Public Health"",""count"":68},{""node"":""topic::law_justice_crime"",""label"":""Law Justice Crime"",""count"":60},{""node"":""topic::elections_campaigns"",""label"":""Elections Campaigns"",""count"":32},{""node"":""topic::energy_environment"",""label"":""Energy Environment"",""count"":23},{""node"":""mention::realdonaldtrump"",""label"":""@realdonaldtrump"",""count"":13},{""node"":""per::trump"",""label"":""Trump"",""count"":11},{""node"":""loc::georgia"",""label"":""Georgia"",""count"":11},{""node"":""topic::congress_governance"",""label"":""Congress Governance"",""count"":10},{""node"":""mention::oann"",""label"":""@oann"",""count"":9},{""node"":""loc::michigan"",""label"":""Michigan"",""count"":8},{""node"":""per::b"",""label"":""B"",""count"":6}]"
2020-W48,2020-11-23,2020-11-29,151,151,0,70,81,133,570,49,70,32,Media Communications,topic::media_communications,108,Trump,per::trump,14,"[{""node"":""topic::media_communications"",""label"":""Media Communications"",""count"":108},{""node"":""topic::law_justice_crime"",""label"":""Law Justice Crime"",""count"":45},{""node"":""topic::health_public_health"",""label"":""Health Public Health"",""count"":38},{""node"":""topic::elections_campaigns"",""label"":""Elections Campaigns"",""count"":17},{""node"":""topic::energy_environment"",""label"":""Energy Environment"",""count"":15},{""node"":""per::trump"",""label"":""Trump"",""count"":14},{""node"":""per::b"",""label"":""B"",""count"":14},{""node"":""mention::realdonaldtrump"",""label"":""@realdonaldtrump"",""count"":12},{""node"":""per::iden"",""label"":""Iden"",""count"":10},{""node"":""topic::defense_military_veterans"",""label"":""Defense Military Veterans"",""count"":9},{""node"":""mention::newsmax"",""label"":""@newsmax"",""count"":8},{""node"":""mention::oann"",""label"":""@oann"",""count"":8}]"
2020-W49,2020-11-30,2020-12-06,230,230,0,89,141,171,729,67,113,50,Media Communications,topic::media_communications,168,Georgia,loc::georgia,27,"[{""node"":""topic::media_communications"",""label"":""Media Communications"",""count"":168},{""node"":""topic::health_public_health"",""label"":""Health Public Health"",""count"":56},{""node"":""topic::law_justice_crime"",""label"":""Law Justice Crime"",""count"":48},{""node"":""topic::elections_campaigns"",""label"":""Elections Campaigns"",""count"":38},{""node"":""mention::realdonaldtrump"",""label"":""@realdonaldtrump"",""count"":29},{""node"":""loc::georgia"",""label"":""Georgia"",""count"":27},{""node"":""topic::congress_governance"",""label"":""Congress Governance"",""count"":23},{""node"":""topic::energy_environment"",""label"":""Energy Environment"",""count"":20},{""node"":""mention::teamtrump"",""label"":""@teamtrump"",""count"":17},{""node"":""loc::arizona"",""label"":""Arizona"",""count"":12},{""node"":""mention::oann"",""label"":""@oann"",""count"":11},{""node"":""topic::endorsements_appointments"",""label"":""Endorsements Appointments"",""count"":11}]"
2020-W50,2020-12-07,2020-12-13,166,166,0,45,121,154,636,65,62,39,Media Communications,topic::media_communications,87,Georgia,loc::georgia,13,"[{""node"":""topic::media_communications"",""label"":""Media Communications"",""count"":87},{""node"":""topic::health_public_health"",""label"":""Health Public Health"",""count"":56},{""node"":""topic::law_justice_crime"",""label"":""Law Justice Crime"",""count"":53},{""node"":""topic::elections_campaigns"",""label"":""Elections Campaigns"",""count"":19},{""node"":""topic::congress_governance"",""label"":""Congress Governance"",""count"":15},{""node"":""loc::georgia"",""label"":""Georgia"",""count"":13},{""node"":""loc::texas"",""label"":""Texas"",""count"":12},{""node"":""org::supreme court"",""label"":""Supreme Court"",""count"":11},{""node"":""mention::briankempga"",""label"":""@briankempga"",""count"":10},{""node"":""topic::energy_environment"",""label"":""Energy Environment"",""count"":10},{""node"":""mention::realdonaldtrump"",""label"":""@realdonaldtrump"",""count"":10},{""node"":""topic::endorsements_appointments"",""label"":""Endorsements Appointments"",""count"":7}]"
2020-W51,2020-12-14,2020-12-20,135,135,0,54,81,146,611,51,51,33,Media Communications,topic::media_communications,89,Trump,per::trump,10,"[{""node"":""topic::media_communications"",""label"":""Media Communications"",""count"":89},{""node"":""topic::health_public_health"",""label"":""Health Public Health"",""count"":32},{""node"":""topic::law_justice_crime"",""label"":""Law Justice Crime"",""count"":32},{""node"":""topic::elections_campaigns"",""label"":""Elections Campaigns"",""count"":19},{""node"":""per::trump"",""label"":""Trump"",""count"":10},{""node"":""topic::energy_environment"",""label"":""Energy Environment"",""count"":10},{""node"":""topic::endorsements_appointments"",""label"":""Endorsements Appointments"",""count"":9},{""node"":""topic::congress_governance"",""label"":""Congress Governance"",""count"":9},{""node"":""loc::georgia"",""label"":""Georgia"",""count"":7},{""node"":""loc::michigan"",""label"":""Michigan"",""count"":7},{""node"":""per::b"",""label"":""B"",""count"":7},{""node"":""mention::gatewaypundit"",""label"":""@gatewaypundit"",""count"":7}]"
2020-W52,2020-12-21,2020-12-27,88,88,0,27,61,105,362,37,33,18,Media Communications,topic::media_communications,50,Trump,per::trump,5,"[{""node"":""topic::media_communications"",""label"":""Media Communications"",""count"":50},{""node"":""topic::law_justice_crime"",""label"":""Law Justice Crime"",""count"":20},{""node"":""topic::health_public_health"",""label"":""Health Public Health"",""count"":19},{""node"":""topic::elections_campaigns"",""label"":""Elections Campaigns"",""count"":12},{""node"":""topic::congress_governance"",""label"":""Congress Governance"",""count"":12},{""node"":""mention::senronjohnson"",""label"":""@senronjohnson"",""count"":9},{""node"":""mention::realdonaldtrump"",""label"":""@realdonaldtrump"",""count"":6},{""node"":""topic::defense_military_veterans"",""label"":""Defense Military Veterans"",""count"":6},{""node"":""per::trump"",""label"":""Trump"",""count"":5},{""node"":""topic::foreign_policy_diplomacy"",""label"":""Foreign Policy Diplomacy"",""count"":5},{""node"":""loc::america"",""label"":""America"",""count"":4},{""node"":""loc::georgia"",""label"":""Georgia"",""count"":4}]"
2020-W53,2020-12-28,2021-01-03,145,145,0,53,92,145,704,53,58,34,Media Communications,topic::media_communications,91,Georgia,loc::georgia,14,"[{""node"":""topic::media_communications"",""label"":""Media Communications"",""count"":91},{""node"":""topic::health_public_health"",""label"":""Health Public Health"",""count"":42},{""node"":""topic::law_justice_crime"",""label"":""Law Justice Crime"",""count"":26},{""node"":""topic::congress_governance"",""label"":""Congress Governance"",""count"":24},{""node"":""topic::elections_campaigns"",""label"":""Elections Campaigns"",""count"":15},{""node"":""loc::georgia"",""label"":""Georgia"",""count"":14},{""node"":""mention::realdonaldtrump"",""label"":""@realdonaldtrump"",""count"":11},{""node"":""topic::energy_environment"",""label"":""Energy Environment"",""count"":11},{""node"":""per::trump"",""label"":""Trump"",""count"":10},{""node"":""topic::endorsements_appointments"",""label"":""Endorsements Appointments"",""count"":9},{""node"":""mention::amykremer"",""label"":""@amykremer"",""count"":7},{""node"":""topic::foreign_policy_diplomacy"",""label"":""Foreign Policy Diplomacy"",""count"":6}]"
2021-W01,2021-01-04,2021-01-10,61,61,0,13,48,58,196,16,29,16,Media Communications,topic::media_communications,37,Georgia,loc::georgia,9,"[{""node"":""topic::media_communications"",""label"":""Media Communications"",""count"":37},{""node"":""topic::congress_governance"",""label"":""Congress Governance"",""count"":12},{""node"":""topic::elections_campaigns"",""label"":""Elections Campaigns"",""count"":12},{""node"":""loc::georgia"",""label"":""Georgia"",""count"":9},{""node"":""topic::law_justice_crime"",""label"":""Law Justice Crime"",""count"":8},{""node"":""topic::health_public_health"",""label"":""Health Public Health"",""count"":7},{""node"":""mention::kloeffler"",""label"":""@kloeffler"",""count"":5},{""node"":""topic::energy_environment"",""label"":""Energy Environment"",""count"":4},{""node"":""loc::states"",""label"":""States"",""count"":4},{""node"":""mention::realdonaldtrump"",""label"":""@realdonaldtrump"",""count"":3},{""node"":""per::k"",""label"":""K"",""count"":3},{""node"":""mention::sendavidperdue"",""label"":""@sendavidperdue"",""count"":3}]"
2022-W07,2022-02-14,2022-02-20,1,0,1,0,1,1,0,0,0,1,Endorsements Appointments,topic::endorsements_appointments,1,,,0,"[{""node"":""topic::endorsements_appointments"",""label"":""Endorsements Appointments"",""count"":1}]"
2022-W17,2022-04-25,2022-05-01,12,0,12,2,10,42,181,4,2,6,Media Communications,topic::media_communications,10,F,org::f,1,"[{""node"":""topic::media_communications"",""label"":""Media Communications"",""count"":10},{""node"":""topic::energy_environment"",""label"":""Energy Environment"",""count"":2},{""node"":""topic::defense_military_veterans"",""label"":""Defense Military Veterans"",""count"":1},{""node"":""hashtag::covfefe"",""label"":""#covfefe"",""count"":1},{""node"":""org::f"",""label"":""F"",""count"":1},{""node"":""org::social media"",""label"":""Social Media"",""count"":1},{""node"":""loc::seattle"",""label"":""Seattle"",""count"":1},{""node"":""org::air force one"",""label"":""Air Force One"",""count"":1},{""node"":""per::j"",""label"":""J"",""count"":1},{""node"":""org::truth social"",""label"":""Truth Social"",""count"":1},{""node"":""loc::palm beach"",""label"":""Palm Beach"",""count"":1},{""node"":""org::trump international"",""label"":""Trump International"",""count"":1}]"
2022-W18,2022-05-02,2022-05-08,23,0,23,8,15,34,95,4,5,14,Media Communications,topic::media_communications,15,Trump,per::trump,4,"[{""node"":""topic::media_communications"",""label"":""Media Communications"",""count"":15},{""node"":""topic::elections_campaigns"",""label"":""Elections Campaigns"",""count"":7},{""node"":""topic::health_public_health"",""label"":""Health Public Health"",""count"":5},{""node"":""per::trump"",""label"":""Trump"",""count"":4},{""node"":""topic::law_justice_crime"",""label"":""Law Justice Crime"",""count"":4},{""node"":""loc::ohio"",""label"":""Ohio"",""count"":3},{""node"":""mention::realdonaldtrump"",""label"":""@realdonaldtrump"",""count"":2},{""node"":""mention::rsbnpresident"",""label"":""@rsbnpresident"",""count"":2},{""node"":""loc::u. s"",""label"":""U. S"",""count"":2},{""node"":""loc::indiana"",""label"":""Indiana"",""count"":2},{""node"":""topic::endorsements_appointments"",""label"":""Endorsements Appointments"",""count"":2},{""node"":""per::b"",""label"":""B"",""count"":2}]"
2022-W19,2022-05-09,2022-05-15,39,0,39,3,36,77,243,15,8,16,Media Communications,topic::media_communications,16,Joe Biden,per::joe biden,5,"[{""node"":""topic::media_communications"",""label"":""Media Communications"",""count"":16},{""node"":""topic::elections_campaigns"",""label"":""Elections Campaigns"",""count"":9},{""node"":""topic::energy_environment"",""label"":""Energy Environment"",""count"":7},{""node"":""topic::health_public_health"",""label"":""Health Public Health"",""count"":5},{""node"":""topic::congress_governance"",""label"":""Congress Governance"",""count"":5},{""node"":""per::joe biden"",""label"":""Joe Biden"",""count"":5},{""node"":""topic::law_justice_crime"",""label"":""Law Justice Crime"",""count"":4},{""node"":""loc::pennsylvania"",""label"":""Pennsylvania"",""count"":4},{""node"":""topic::endorsements_appointments"",""label"":""Endorsements Appointments"",""count"":3},{""node"":""loc::america"",""label"":""America"",""count"":3},{""node"":""loc::u. s"",""label"":""U. S"",""count"":3},{""node"":""loc::ukraine"",""label"":""Ukraine"",""count"":3}]"
2022-W20,2022-05-16,2022-05-22,105,0,105,51,54,139,509,29,39,37,Media Communications,topic::media_communications,66,Pennsylvania,loc::pennsylvania,6,"[{""node"":""topic::media_communications"",""label"":""Media Communications"",""count"":66},{""node"":""topic::law_justice_crime"",""label"":""Law Justice Crime"",""count"":26},{""node"":""topic::elections_campaigns"",""label"":""Elections Campaigns"",""count"":18},{""node"":""topic::defense_military_veterans"",""label"":""Defense Military Veterans"",""count"":13},{""node"":""topic::energy_environment"",""label"":""Energy Environment"",""count"":13},{""node"":""topic::health_public_health"",""label"":""Health Public Health"",""count"":12},{""node"":""topic::congress_governance"",""label"":""Congress Governance"",""count"":11},{""node"":""topic::immigration_border"",""label"":""Immigration Border"",""count"":8},{""node"":""loc::pennsylvania"",""label"":""Pennsylvania"",""count"":6},{""node"":""mention::realdonaldtrump"",""label"":""@realdonaldtrump"",""count"":6},{""node"":""per::hillary clinton"",""label"":""Hillary Clinton"",""count"":6},{""node"":""per::trump"",""label"":""Trump"",""count"":5}]"
2022-W21,2022-05-23,2022-05-29,50,0,50,18,32,81,328,18,18,14,Media Communications,topic::media_communications,37,Trump,per::trump,10,"[{""node"":""topic::media_communications"",""label"":""Media Communications"",""count"":37},{""node"":""topic::elections_campaigns"",""label"":""Elections Campaigns"",""count"":14},{""node"":""per::trump"",""label"":""Trump"",""count"":10},{""node"":""topic::health_public_health"",""label"":""Health Public Health"",""count"":7},{""node"":""loc::pennsylvania"",""label"":""Pennsylvania"",""count"":7},{""node"":""mention::rsbnpresident"",""label"":""@rsbnpresident"",""count"":6},{""node"":""loc::georgia"",""label"":""Georgia"",""count"":5},{""node"":""loc::texas"",""label"":""Texas"",""count"":5},{""node"":""topic::law_justice_crime"",""label"":""Law Justice Crime"",""count"":4},{""node"":""org::senate"",""label"":""Senate"",""count"":4},{""node"":""loc::america"",""label"":""America"",""count"":4},{""node"":""topic::energy_environment"",""label"":""Energy Environment"",""count"":4}]"
2022-W22,2022-05-30,2022-06-05,59,0,59,26,33,110,469,17,18,24,Media Communications,topic::media_communications,43,Iowa,loc::iowa,4,"[{""node"":""topic::media_communications"",""label"":""Media Communications"",""count"":43},{""node"":""topic::health_public_health"",""label"":""Health Public Health"",""count"":9},{""node"":""topic::congress_governance"",""label"":""Congress Governance"",""count"":9},{""node"":""topic::defense_military_veterans"",""label"":""Defense Military Veterans"",""count"":9},{""node"":""topic::energy_environment"",""label"":""Energy Environment"",""count"":8},{""node"":""topic::elections_campaigns"",""label"":""Elections Campaigns"",""count"":8},{""node"":""topic::law_justice_crime"",""label"":""Law Justice Crime"",""count"":6},{""node"":""topic::social_culture_education"",""label"":""Social Culture Education"",""count"":4},{""node"":""mention::devinnunes"",""label"":""@devinnunes"",""count"":4},{""node"":""mention::donaldjtrumpjr"",""label"":""@donaldjtrumpjr"",""count"":4},{""node"":""mention::realdonaldtrump"",""label"":""@realdonaldtrump"",""count"":4},{""node"":""topic::endorsements_appointments"",""label"":""Endorsements Appointments"",""count"":4}]"
2022-W23,2022-06-06,2022-06-12,63,0,63,22,41,80,249,29,17,17,Media Communications,topic::media_communications,44,Unselects,org::unselects,5,"[{""node"":""topic::media_communications"",""label"":""Media Communications"",""count"":44},{""node"":""topic::law_justice_crime"",""label"":""Law Justice Crime"",""count"":10},{""node"":""topic::energy_environment"",""label"":""Energy Environment"",""count"":8},{""node"":""topic::defense_military_veterans"",""label"":""Defense Military Veterans"",""count"":6},{""node"":""topic::health_public_health"",""label"":""Health Public Health"",""count"":6},{""node"":""topic::elections_campaigns"",""label"":""Elections Campaigns"",""count"":6},{""node"":""org::unselects"",""label"":""Unselects"",""count"":5},{""node"":""per::trump"",""label"":""Trump"",""count"":4},{""node"":""org::unselect committee"",""label"":""Unselect Committee"",""count"":4},{""node"":""topic::congress_governance"",""label"":""Congress Governance"",""count"":4},{""node"":""mention::toket"",""label"":""@toket"",""count"":3},{""node"":""per::bill barr"",""label"":""Bill Barr"",""count"":3}]"
2022-W24,2022-06-13,2022-06-19,54,0,54,11,43,79,330,26,7,21,Media Communications,topic::media_communications,31,Unselect Committee,org::unselect committee,6,"[{""node"":""topic::media_communications"",""label"":""Media Communications"",""count"":31},{""node"":""topic::law_justice_crime"",""label"":""Law Justice Crime"",""count"":17},{""node"":""topic::congress_governance"",""label"":""Congress Governance"",""count"":11},{""node"":""topic::elections_campaigns"",""label"":""Elections Campaigns"",""count"":10},{""node"":""org::unselect committee"",""label"":""Unselect Committee"",""count"":6},{""node"":""topic::health_public_health"",""label"":""Health Public Health"",""count"":5},{""node"":""topic::defense_military_veterans"",""label"":""Defense Military Veterans"",""count"":5},{""node"":""loc::america"",""label"":""America"",""count"":4},{""node"":""topic::energy_environment"",""label"":""Energy Environment"",""count"":4},{""node"":""per::trump"",""label"":""Trump"",""count"":4},{""node"":""per::russell fry"",""label"":""Russell Fry"",""count"":3},{""node"":""loc::south carolina"",""label"":""South Carolina"",""count"":3}]"
2022-W25,2022-06-20,2022-06-26,39,0,39,17,22,72,294,16,5,18,Media Communications,topic::media_communications,28,Il,loc::il,5,"[{""node"":""topic::media_communications"",""label"":""Media Communications"",""count"":28},{""node"":""topic::congress_governance"",""label"":""Congress Governance"",""count"":10},{""node"":""topic::law_justice_crime"",""label"":""Law Justice Crime"",""count"":9},{""node"":""topic::elections_campaigns"",""label"":""Elections Campaigns"",""count"":6},{""node"":""loc::il"",""label"":""Il"",""count"":5},{""node"":""per::trump"",""label"":""Trump"",""count"":5},{""node"":""org::unselect committee"",""label"":""Unselect Committee"",""count"":4},{""node"":""org::newsmax"",""label"":""Newsmax"",""count"":4},{""node"":""mention::realdonaldtrump"",""label"":""@realdonaldtrump"",""count"":4},{""node"":""loc::texas"",""label"":""Texas"",""count"":3},{""node"":""org::senate"",""label"":""Senate"",""count"":3},{""node"":""per::mitch mcconnell"",""label"":""Mitch Mcconnell"",""count"":3}]"
2022-W26,2022-06-27,2022-07-03,55,0,55,7,48,88,358,29,7,19,Media Communications,topic::media_communications,30,Cassidy Hutchinson,per::cassidy hutchinson,6,"[{""node"":""topic::media_communications"",""label"":""Media Communications"",""count"":30},{""node"":""topic::law_justice_crime"",""label"":""Law Justice Crime"",""count"":19},{""node"":""topic::congress_governance"",""label"":""Congress Governance"",""count"":12},{""node"":""topic::elections_campaigns"",""label"":""Elections Campaigns"",""count"":12},{""node"":""topic::health_public_health"",""label"":""Health Public Health"",""count"":11},{""node"":""topic::defense_military_veterans"",""label"":""Defense Military Veterans"",""count"":7},{""node"":""per::cassidy hutchinson"",""label"":""Cassidy Hutchinson"",""count"":6},{""node"":""per::trump"",""label"":""Trump"",""count"":6},{""node"":""loc::illinois"",""label"":""Illinois"",""count"":5},{""node"":""loc::florida"",""label"":""Florida"",""count"":5},{""node"":""org::congress"",""label"":""Congress"",""count"":4},{""node"":""topic::energy_environment"",""label"":""Energy Environment"",""count"":4}]"
2022-W27,2022-07-04,2022-07-10,81,0,81,22,59,119,614,40,14,27,Media Communications,topic::media_communications,52,Trump,per::trump,10,"[{""node"":""topic::media_communications"",""label"":""Media Communications"",""count"":52},{""node"":""topic::law_justice_crime"",""label"":""Law Justice Crime"",""count"":26},{""node"":""topic::elections_campaigns"",""label"":""Elections Campaigns"",""count"":16},{""node"":""topic::congress_governance"",""label"":""Congress Governance"",""count"":12},{""node"":""per::trump"",""label"":""Trump"",""count"":10},{""node"":""topic::health_public_health"",""label"":""Health Public Health"",""count"":9},{""node"":""loc::alaska"",""label"":""Alaska"",""count"":9},{""node"":""loc::america"",""label"":""America"",""count"":7},{""node"":""topic::endorsements_appointments"",""label"":""Endorsements Appointments"",""count"":7},{""node"":""org::unselect committee"",""label"":""Unselect Committee"",""count"":6},{""node"":""per::donald j. trump"",""label"":""Donald J. Trump"",""count"":6},{""node"":""loc::wisconsin"",""label"":""Wisconsin"",""count"":6}]"
2022-W28,2022-07-11,2022-07-17,32,0,32,5,27,55,177,13,8,11,Media Communications,topic::media_communications,23,F,org::f,3,"[{""node"":""topic::media_communications"",""label"":""Media Communications"",""count"":23},{""node"":""topic::law_justice_crime"",""label"":""Law Justice Crime"",""count"":8},{""node"":""topic::elections_campaigns"",""label"":""Elections Campaigns"",""count"":6},{""node"":""org::f"",""label"":""F"",""count"":3},{""node"":""topic::energy_environment"",""label"":""Energy Environment"",""count"":3},{""node"":""topic::health_public_health"",""label"":""Health Public Health"",""count"":3},{""node"":""topic::congress_governance"",""label"":""Congress Governance"",""count"":3},{""node"":""org::unselect committee"",""label"":""Unselect Committee"",""count"":3},{""node"":""per::trump"",""label"":""Trump"",""count"":3},{""node"":""per::joe biden"",""label"":""Joe Biden"",""count"":2},{""node"":""org::wisconsin supreme court"",""label"":""Wisconsin Supreme Court"",""count"":2},{""node"":""per::jack"",""label"":""Jack"",""count"":2}]"
2022-W29,2022-07-18,2022-07-24,58,0,58,16,42,75,316,23,17,18,Media Communications,topic::media_communications,35,Trump,per::trump,8,"[{""node"":""topic::media_communications"",""label"":""Media Communications"",""count"":35},{""node"":""topic::law_justice_crime"",""label"":""Law Justice Crime"",""count"":17},{""node"":""topic::elections_campaigns"",""label"":""Elections Campaigns"",""count"":16},{""node"":""per::trump"",""label"":""Trump"",""count"":8},{""node"":""topic::congress_governance"",""label"":""Congress Governance"",""count"":7},{""node"":""topic::health_public_health"",""label"":""Health Public Health"",""count"":6},{""node"":""loc::arizona"",""label"":""Arizona"",""count"":6},{""node"":""topic::endorsements_appointments"",""label"":""Endorsements Appointments"",""count"":5},{""node"":""loc::maryland"",""label"":""Maryland"",""count"":5},{""node"":""per::larry hogan"",""label"":""Larry Hogan"",""count"":4},{""node"":""org::unselect committee"",""label"":""Unselect Committee"",""count"":4},{""node"":""per::donald j. trump"",""label"":""Donald J. Trump"",""count"":4}]"
2022-W30,2022-07-25,2022-07-31,44,0,44,20,24,84,267,18,6,20,Media Communications,topic::media_communications,29,Justice Department,org::justice department,3,"[{""node"":""topic::media_communications"",""label"":""Media Communications"",""count"":29},{""node"":""topic::law_justice_crime"",""label"":""Law Justice Crime"",""count"":10},{""node"":""topic::congress_governance"",""label"":""Congress Governance"",""count"":7},{""node"":""topic::elections_campaigns"",""label"":""Elections Campaigns"",""count"":6},{""node"":""topic::health_public_health"",""label"":""Health Public Health"",""count"":4},{""node"":""topic::immigration_border"",""label"":""Immigration Border"",""count"":4},{""node"":""mention::realdonaldtrump"",""label"":""@realdonaldtrump"",""count"":3},{""node"":""org::justice department"",""label"":""Justice Department"",""count"":3},{""node"":""per::robin vos"",""label"":""Robin Vos"",""count"":3},{""node"":""loc::missouri"",""label"":""Missouri"",""count"":3},{""node"":""per::joe biden"",""label"":""Joe Biden"",""count"":3},{""node"":""per::r"",""label"":""R"",""count"":2}]"
2022-W31,2022-08-01,2022-08-07,85,0,85,30,55,115,638,18,34,33,Media Communications,topic::media_communications,51,Trump,per::trump,13,"[{""node"":""topic::media_communications"",""label"":""Media Communications"",""count"":51},{""node"":""topic::elections_campaigns"",""label"":""Elections Campaigns"",""count"":23},{""node"":""topic::congress_governance"",""label"":""Congress Governance"",""count"":21},{""node"":""per::trump"",""label"":""Trump"",""count"":13},{""node"":""mention::realdonaldtrump"",""label"":""@realdonaldtrump"",""count"":12},{""node"":""topic::health_public_health"",""label"":""Health Public Health"",""count"":11},{""node"":""topic::defense_military_veterans"",""label"":""Defense Military Veterans"",""count"":9},{""node"":""topic::law_justice_crime"",""label"":""Law Justice Crime"",""count"":9},{""node"":""topic::endorsements_appointments"",""label"":""Endorsements Appointments"",""count"":8},{""node"":""topic::energy_environment"",""label"":""Energy Environment"",""count"":7},{""node"":""loc::arizona"",""label"":""Arizona"",""count"":6},{""node"":""loc::wisconsin"",""label"":""Wisconsin"",""count"":6}]"
2022-W32,2022-08-08,2022-08-14,77,0,77,29,48,108,478,31,24,22,Media Communications,topic::media_communications,51,Fbi,org::fbi,9,"[{""node"":""topic::media_communications"",""label"":""Media Communications"",""count"":51},{""node"":""topic::law_justice_crime"",""label"":""Law Justice Crime"",""count"":28},{""node"":""topic::elections_campaigns"",""label"":""Elections Campaigns"",""count"":14},{""node"":""topic::congress_governance"",""label"":""Congress Governance"",""count"":12},{""node"":""org::fbi"",""label"":""Fbi"",""count"":9},{""node"":""loc::mar - a - lago"",""label"":""Mar - A - Lago"",""count"":8},{""node"":""topic::health_public_health"",""label"":""Health Public Health"",""count"":7},{""node"":""per::obama"",""label"":""Obama"",""count"":7},{""node"":""org::congress"",""label"":""Congress"",""count"":4},{""node"":""topic::defense_military_veterans"",""label"":""Defense Military Veterans"",""count"":4},{""node"":""topic::immigration_border"",""label"":""Immigration Border"",""count"":4},{""node"":""mention::realdonaldtrump"",""label"":""@realdonaldtrump"",""count"":4}]"
2022-W33,2022-08-15,2022-08-21,87,0,87,20,67,106,466,39,29,19,Media Communications,topic::media_communications,40,Fbi,org::fbi,18,"[{""node"":""topic::media_communications"",""label"":""Media Communications"",""count"":40},{""node"":""topic::law_justice_crime"",""label"":""Law Justice Crime"",""count"":31},{""node"":""topic::elections_campaigns"",""label"":""Elections Campaigns"",""count"":19},{""node"":""org::fbi"",""label"":""Fbi"",""count"":18},{""node"":""topic::congress_governance"",""label"":""Congress Governance"",""count"":14},{""node"":""topic::health_public_health"",""label"":""Health Public Health"",""count"":12},{""node"":""topic::energy_environment"",""label"":""Energy Environment"",""count"":10},{""node"":""per::trump"",""label"":""Trump"",""count"":10},{""node"":""loc::mar - a - lago"",""label"":""Mar - A - Lago"",""count"":8},{""node"":""per::liz cheney"",""label"":""Liz Cheney"",""count"":8},{""node"":""loc::america"",""label"":""America"",""count"":7},{""node"":""org::congress"",""label"":""Congress"",""count"":6}]"
2022-W34,2022-08-22,2022-08-28,64,0,64,6,58,87,339,25,23,16,Media Communications,topic::media_communications,30,Trump,per::trump,15,"[{""node"":""topic::media_communications"",""label"":""Media Communications"",""count"":30},{""node"":""topic::law_justice_crime"",""label"":""Law Justice Crime"",""count"":28},{""node"":""per::trump"",""label"":""Trump"",""count"":15},{""node"":""org::fbi"",""label"":""Fbi"",""count"":13},{""node"":""topic::elections_campaigns"",""label"":""Elections Campaigns"",""count"":9},{""node"":""topic::health_public_health"",""label"":""Health Public Health"",""count"":8},{""node"":""topic::congress_governance"",""label"":""Congress Governance"",""count"":7},{""node"":""loc::mar - a - lago"",""label"":""Mar - A - Lago"",""count"":7},{""node"":""per::b"",""label"":""B"",""count"":5},{""node"":""loc::white house"",""label"":""White House"",""count"":4},{""node"":""per::iden"",""label"":""Iden"",""count"":4},{""node"":""org::doj"",""label"":""Doj"",""count"":4}]"
2022-W35,2022-08-29,2022-09-04,148,0,148,96,52,124,576,57,53,38,Media Communications,topic::media_communications,116,Fbi,org::fbi,21,"[{""node"":""topic::media_communications"",""label"":""Media Communications"",""count"":116},{""node"":""topic::law_justice_crime"",""label"":""Law Justice Crime"",""count"":37},{""node"":""org::fbi"",""label"":""Fbi"",""count"":21},{""node"":""topic::elections_campaigns"",""label"":""Elections Campaigns"",""count"":17},{""node"":""topic::health_public_health"",""label"":""Health Public Health"",""count"":16},{""node"":""topic::energy_environment"",""label"":""Energy Environment"",""count"":9},{""node"":""per::trump"",""label"":""Trump"",""count"":9},{""node"":""loc::pennsylvania"",""label"":""Pennsylvania"",""count"":9},{""node"":""loc::america"",""label"":""America"",""count"":7},{""node"":""topic::congress_governance"",""label"":""Congress Governance"",""count"":6},{""node"":""mention::realdonaldtrump"",""label"":""@realdonaldtrump"",""count"":6},{""node"":""per::b"",""label"":""B"",""count"":6}]"
2022-W36,2022-09-05,2022-09-11,60,0,60,14,46,112,554,35,10,15,Law Justice Crime,topic::law_justice_crime,32,Fbi,org::fbi,15,"[{""node"":""topic::law_justice_crime"",""label"":""Law Justice Crime"",""count"":32},{""node"":""topic::media_communications"",""label"":""Media Communications"",""count"":30},{""node"":""org::fbi"",""label"":""Fbi"",""count"":15},{""node"":""topic::elections_campaigns"",""label"":""Elections Campaigns"",""count"":9},{""node"":""per::trump"",""label"":""Trump"",""count"":8},{""node"":""topic::energy_environment"",""label"":""Energy Environment"",""count"":7},{""node"":""topic::health_public_health"",""label"":""Health Public Health"",""count"":6},{""node"":""org::doj"",""label"":""Doj"",""count"":5},{""node"":""topic::endorsements_appointments"",""label"":""Endorsements Appointments"",""count"":4},{""node"":""loc::hell"",""label"":""Hell"",""count"":4},{""node"":""loc::united states"",""label"":""United States"",""count"":4},{""node"":""per::mel"",""label"":""Mel"",""count"":4}]"
2022-W37,2022-09-12,2022-09-18,108,0,108,68,40,143,651,39,34,35,Media Communications,topic::media_communications,77,Fbi,org::fbi,11,"[{""node"":""topic::media_communications"",""label"":""Media Communications"",""count"":77},{""node"":""topic::law_justice_crime"",""label"":""Law Justice Crime"",""count"":22},{""node"":""topic::elections_campaigns"",""label"":""Elections Campaigns"",""count"":18},{""node"":""topic::health_public_health"",""label"":""Health Public Health"",""count"":14},{""node"":""topic::energy_environment"",""label"":""Energy Environment"",""count"":12},{""node"":""mention::realdonaldtrump"",""label"":""@realdonaldtrump"",""count"":12},{""node"":""org::fbi"",""label"":""Fbi"",""count"":11},{""node"":""per::trump"",""label"":""Trump"",""count"":10},{""node"":""loc::ohio"",""label"":""Ohio"",""count"":10},{""node"":""topic::congress_governance"",""label"":""Congress Governance"",""count"":9},{""node"":""per::mitch mcconnell"",""label"":""Mitch Mcconnell"",""count"":6},{""node"":""loc::america"",""label"":""America"",""count"":5}]"
2022-W38,2022-09-19,2022-09-25,91,0,91,33,58,125,522,35,31,25,Media Communications,topic::media_communications,56,Trump,per::trump,16,"[{""node"":""topic::media_communications"",""label"":""Media Communications"",""count"":56},{""node"":""topic::law_justice_crime"",""label"":""Law Justice Crime"",""count"":26},{""node"":""topic::elections_campaigns"",""label"":""Elections Campaigns"",""count"":16},{""node"":""per::trump"",""label"":""Trump"",""count"":16},{""node"":""topic::endorsements_appointments"",""label"":""Endorsements Appointments"",""count"":7},{""node"":""topic::health_public_health"",""label"":""Health Public Health"",""count"":7},{""node"":""mention::realdonaldtrump"",""label"":""@realdonaldtrump"",""count"":6},{""node"":""org::fbi"",""label"":""Fbi"",""count"":6},{""node"":""per::p"",""label"":""P"",""count"":6},{""node"":""topic::energy_environment"",""label"":""Energy Environment"",""count"":5},{""node"":""topic::congress_governance"",""label"":""Congress Governance"",""count"":5},{""node"":""mention::realamericasvoice"",""label"":""@realamericasvoice"",""count"":4}]"
2022-W39,2022-09-26,2022-10-02,85,0,85,43,42,117,551,28,34,23,Media Communications,topic::media_communications,57,Trump,per::trump,14,"[{""node"":""topic::media_communications"",""label"":""Media Communications"",""count"":57},{""node"":""topic::elections_campaigns"",""label"":""Elections Campaigns"",""count"":16},{""node"":""per::trump"",""label"":""Trump"",""count"":14},{""node"":""topic::law_justice_crime"",""label"":""Law Justice Crime"",""count"":11},{""node"":""topic::health_public_health"",""label"":""Health Public Health"",""count"":11},{""node"":""mention::realdonaldtrump"",""label"":""@realdonaldtrump"",""count"":11},{""node"":""topic::congress_governance"",""label"":""Congress Governance"",""count"":10},{""node"":""topic::energy_environment"",""label"":""Energy Environment"",""count"":9},{""node"":""topic::foreign_policy_diplomacy"",""label"":""Foreign Policy Diplomacy"",""count"":6},{""node"":""loc::russia"",""label"":""Russia"",""count"":5},{""node"":""topic::defense_military_veterans"",""label"":""Defense Military Veterans"",""count"":5},{""node"":""loc::warren"",""label"":""Warren"",""count"":5}]"
2022-W40,2022-10-03,2022-10-09,92,0,92,32,60,126,528,19,33,40,Media Communications,topic::media_communications,57,Trump,per::trump,16,"[{""node"":""topic::media_communications"",""label"":""Media Communications"",""count"":57},{""node"":""topic::law_justice_crime"",""label"":""Law Justice Crime"",""count"":21},{""node"":""per::trump"",""label"":""Trump"",""count"":16},{""node"":""topic::health_public_health"",""label"":""Health Public Health"",""count"":13},{""node"":""topic::elections_campaigns"",""label"":""Elections Campaigns"",""count"":11},{""node"":""topic::endorsements_appointments"",""label"":""Endorsements Appointments"",""count"":8},{""node"":""mention::realdonaldtrump"",""label"":""@realdonaldtrump"",""count"":8},{""node"":""loc::nevada"",""label"":""Nevada"",""count"":7},{""node"":""per::b"",""label"":""B"",""count"":6},{""node"":""loc::brazil"",""label"":""Brazil"",""count"":5},{""node"":""per::obama"",""label"":""Obama"",""count"":4},{""node"":""org::fbi"",""label"":""Fbi"",""count"":4}]"
2022-W41,2022-10-10,2022-10-16,90,0,90,27,63,117,491,24,38,28,Media Communications,topic::media_communications,54,Trump,per::trump,11,"[{""node"":""topic::media_communications"",""label"":""Media Communications"",""count"":54},{""node"":""topic::law_justice_crime"",""label"":""Law Justice Crime"",""count"":24},{""node"":""topic::health_public_health"",""label"":""Health Public Health"",""count"":13},{""node"":""topic::elections_campaigns"",""label"":""Elections Campaigns"",""count"":11},{""node"":""per::trump"",""label"":""Trump"",""count"":11},{""node"":""topic::energy_environment"",""label"":""Energy Environment"",""count"":10},{""node"":""mention::realdonaldtrump"",""label"":""@realdonaldtrump"",""count"":9},{""node"":""topic::congress_governance"",""label"":""Congress Governance"",""count"":9},{""node"":""topic::endorsements_appointments"",""label"":""Endorsements Appointments"",""count"":8},{""node"":""topic::defense_military_veterans"",""label"":""Defense Military Veterans"",""count"":7},{""node"":""org::fbi"",""label"":""Fbi"",""count"":7},{""node"":""org::unselect committee"",""label"":""Unselect Committee"",""count"":6}]"
2022-W42,2022-10-17,2022-10-23,70,0,70,34,36,122,545,25,20,25,Media Communications,topic::media_communications,44,Trump,per::trump,8,"[{""node"":""topic::media_communications"",""label"":""Media Communications"",""count"":44},{""node"":""topic::law_justice_crime"",""label"":""Law Justice Crime"",""count"":17},{""node"":""topic::elections_campaigns"",""label"":""Elections Campaigns"",""count"":14},{""node"":""mention::realdonaldtrump"",""label"":""@realdonaldtrump"",""count"":10},{""node"":""per::trump"",""label"":""Trump"",""count"":8},{""node"":""topic::defense_military_veterans"",""label"":""Defense Military Veterans"",""count"":7},{""node"":""topic::congress_governance"",""label"":""Congress Governance"",""count"":6},{""node"":""topic::health_public_health"",""label"":""Health Public Health"",""count"":6},{""node"":""topic::endorsements_appointments"",""label"":""Endorsements Appointments"",""count"":6},{""node"":""topic::energy_environment"",""label"":""Energy Environment"",""count"":4},{""node"":""org::military"",""label"":""Military"",""count"":4},{""node"":""per::b"",""label"":""B"",""count"":3}]"
2022-W43,2022-10-24,2022-10-30,92,0,92,34,58,122,470,26,32,34,Media Communications,topic::media_communications,50,Trump,per::trump,8,"[{""node"":""topic::media_communications"",""label"":""Media Communications"",""count"":50},{""node"":""topic::law_justice_crime"",""label"":""Law Justice Crime"",""count"":28},{""node"":""topic::elections_campaigns"",""label"":""Elections Campaigns"",""count"":18},{""node"":""topic::health_public_health"",""label"":""Health Public Health"",""count"":15},{""node"":""topic::defense_military_veterans"",""label"":""Defense Military Veterans"",""count"":8},{""node"":""per::trump"",""label"":""Trump"",""count"":8},{""node"":""topic::congress_governance"",""label"":""Congress Governance"",""count"":7},{""node"":""topic::endorsements_appointments"",""label"":""Endorsements Appointments"",""count"":6},{""node"":""mention::oksanatrump"",""label"":""@oksanatrump"",""count"":6},{""node"":""topic::energy_environment"",""label"":""Energy Environment"",""count"":4},{""node"":""topic::immigration_border"",""label"":""Immigration Border"",""count"":4},{""node"":""per::james"",""label"":""James"",""count"":3}]"
2022-W44,2022-10-31,2022-11-06,102,0,102,55,47,137,638,24,37,41,Media Communications,topic::media_communications,70,Trump,per::trump,14,"[{""node"":""topic::media_communications"",""label"":""Media Communications"",""count"":70},{""node"":""topic::law_justice_crime"",""label"":""Law Justice Crime"",""count"":17},{""node"":""per::trump"",""label"":""Trump"",""count"":14},{""node"":""topic::elections_campaigns"",""label"":""Elections Campaigns"",""count"":12},{""node"":""mention::realdonaldtrump"",""label"":""@realdonaldtrump"",""count"":12},{""node"":""topic::health_public_health"",""label"":""Health Public Health"",""count"":10},{""node"":""topic::congress_governance"",""label"":""Congress Governance"",""count"":10},{""node"":""mention::realamericasvoice"",""label"":""@realamericasvoice"",""count"":9},{""node"":""topic::endorsements_appointments"",""label"":""Endorsements Appointments"",""count"":7},{""node"":""topic::defense_military_veterans"",""label"":""Defense Military Veterans"",""count"":7},{""node"":""mention::oksanatrump"",""label"":""@oksanatrump"",""count"":6},{""node"":""per::donald j"",""label"":""Donald J"",""count"":6}]"
2022-W45,2022-11-07,2022-11-13,95,0,95,36,59,132,595,40,25,30,Media Communications,topic::media_communications,61,Arizona,loc::arizona,10,"[{""node"":""topic::media_communications"",""label"":""Media Communications"",""count"":61},{""node"":""topic::elections_campaigns"",""label"":""Elections Campaigns"",""count"":24},{""node"":""topic::congress_governance"",""label"":""Congress Governance"",""count"":15},{""node"":""topic::law_justice_crime"",""label"":""Law Justice Crime"",""count"":15},{""node"":""topic::health_public_health"",""label"":""Health Public Health"",""count"":13},{""node"":""loc::arizona"",""label"":""Arizona"",""count"":10},{""node"":""topic::endorsements_appointments"",""label"":""Endorsements Appointments"",""count"":8},{""node"":""per::trump"",""label"":""Trump"",""count"":7},{""node"":""topic::energy_environment"",""label"":""Energy Environment"",""count"":6},{""node"":""topic::immigration_border"",""label"":""Immigration Border"",""count"":6},{""node"":""loc::america"",""label"":""America"",""count"":5},{""node"":""loc::nevada"",""label"":""Nevada"",""count"":5}]"
2022-W46,2022-11-14,2022-11-20,95,0,95,63,32,120,444,29,38,28,Media Communications,topic::media_communications,60,Trump,per::trump,26,"[{""node"":""topic::media_communications"",""label"":""Media Communications"",""count"":60},{""node"":""per::trump"",""label"":""Trump"",""count"":26},{""node"":""topic::law_justice_crime"",""label"":""Law Justice Crime"",""count"":20},{""node"":""topic::elections_campaigns"",""label"":""Elections Campaigns"",""count"":15},{""node"":""topic::endorsements_appointments"",""label"":""Endorsements Appointments"",""count"":10},{""node"":""mention::realdonaldtrump"",""label"":""@realdonaldtrump"",""count"":7},{""node"":""topic::health_public_health"",""label"":""Health Public Health"",""count"":6},{""node"":""topic::congress_governance"",""label"":""Congress Governance"",""count"":5},{""node"":""loc::america"",""label"":""America"",""count"":5},{""node"":""mention::tonyxtwo"",""label"":""@tonyxtwo"",""count"":5},{""node"":""mention::oksanatrump"",""label"":""@oksanatrump"",""count"":5},{""node"":""org::fringe benefits"",""label"":""Fringe Benefits"",""count"":5}]"
2022-W47,2022-11-21,2022-11-27,116,0,116,86,30,118,438,38,65,13,Media Communications,topic::media_communications,102,Trump,per::trump,9,"[{""node"":""topic::media_communications"",""label"":""Media Communications"",""count"":102},{""node"":""topic::law_justice_crime"",""label"":""Law Justice Crime"",""count"":31},{""node"":""mention::oksanatrump"",""label"":""@oksanatrump"",""count"":13},{""node"":""topic::elections_campaigns"",""label"":""Elections Campaigns"",""count"":9},{""node"":""per::trump"",""label"":""Trump"",""count"":9},{""node"":""per::jack smith"",""label"":""Jack Smith"",""count"":7},{""node"":""per::joe biden"",""label"":""Joe Biden"",""count"":7},{""node"":""topic::health_public_health"",""label"":""Health Public Health"",""count"":6},{""node"":""per::ka"",""label"":""Ka"",""count"":6},{""node"":""org::supreme court"",""label"":""Supreme Court"",""count"":5},{""node"":""mention::tonyxtwo"",""label"":""@tonyxtwo"",""count"":5},{""node"":""mention::_ero"",""label"":""@_ero"",""count"":5}]"
2022-W48,2022-11-28,2022-12-04,67,0,67,24,43,101,377,45,10,12,Media Communications,topic::media_communications,40,Trump,per::trump,10,"[{""node"":""topic::media_communications"",""label"":""Media Communications"",""count"":40},{""node"":""topic::law_justice_crime"",""label"":""Law Justice Crime"",""count"":37},{""node"":""topic::elections_campaigns"",""label"":""Elections Campaigns"",""count"":14},{""node"":""per::trump"",""label"":""Trump"",""count"":10},{""node"":""topic::congress_governance"",""label"":""Congress Governance"",""count"":7},{""node"":""org::big tech"",""label"":""Big Tech"",""count"":6},{""node"":""per::jack smith"",""label"":""Jack Smith"",""count"":5},{""node"":""topic::health_public_health"",""label"":""Health Public Health"",""count"":4},{""node"":""org::fbi"",""label"":""Fbi"",""count"":4},{""node"":""loc::new york"",""label"":""New York"",""count"":3},{""node"":""loc::new york city"",""label"":""New York City"",""count"":3},{""node"":""loc::nyc"",""label"":""Nyc"",""count"":3}]"
2022-W49,2022-12-05,2022-12-11,109,0,109,71,38,112,411,53,35,21,Media Communications,topic::media_communications,83,Fbi,org::fbi,14,"[{""node"":""topic::media_communications"",""label"":""Media Communications"",""count"":83},{""node"":""topic::law_justice_crime"",""label"":""Law Justice Crime"",""count"":42},{""node"":""org::fbi"",""label"":""Fbi"",""count"":14},{""node"":""topic::health_public_health"",""label"":""Health Public Health"",""count"":12},{""node"":""topic::elections_campaigns"",""label"":""Elections Campaigns"",""count"":11},{""node"":""topic::foreign_policy_diplomacy"",""label"":""Foreign Policy Diplomacy"",""count"":10},{""node"":""per::trump"",""label"":""Trump"",""count"":9},{""node"":""topic::congress_governance"",""label"":""Congress Governance"",""count"":7},{""node"":""mention::realdonaldtrump"",""label"":""@realdonaldtrump"",""count"":6},{""node"":""loc::america"",""label"":""America"",""count"":5},{""node"":""org::fake news"",""label"":""Fake News"",""count"":4},{""node"":""loc::united states"",""label"":""United States"",""count"":4}]"
2022-W50,2022-12-12,2022-12-18,102,0,102,53,49,95,316,38,41,23,Media Communications,topic::media_communications,78,Fbi,org::fbi,12,"[{""node"":""topic::media_communications"",""label"":""Media Communications"",""count"":78},{""node"":""topic::law_justice_crime"",""label"":""Law Justice Crime"",""count"":27},{""node"":""topic::health_public_health"",""label"":""Health Public Health"",""count"":14},{""node"":""org::fbi"",""label"":""Fbi"",""count"":12},{""node"":""topic::elections_campaigns"",""label"":""Elections Campaigns"",""count"":10},{""node"":""per::trump"",""label"":""Trump"",""count"":10},{""node"":""mention::realdonaldtrumphttps"",""label"":""@realdonaldtrumphttps"",""count"":8},{""node"":""topic::social_culture_education"",""label"":""Social Culture Education"",""count"":6},{""node"":""topic::congress_governance"",""label"":""Congress Governance"",""count"":5},{""node"":""mention::realdonaldtrump"",""label"":""@realdonaldtrump"",""count"":4},{""node"":""topic::energy_environment"",""label"":""Energy Environment"",""count"":4},{""node"":""org::on"",""label"":""On"",""count"":3}]"
2022-W51,2022-12-19,2022-12-25,85,0,85,39,46,98,476,50,18,17,Media Communications,topic::media_communications,55,Fbi,org::fbi,17,"[{""node"":""topic::media_communications"",""label"":""Media Communications"",""count"":55},{""node"":""topic::law_justice_crime"",""label"":""Law Justice Crime"",""count"":38},{""node"":""org::fbi"",""label"":""Fbi"",""count"":17},{""node"":""per::trump"",""label"":""Trump"",""count"":14},{""node"":""topic::congress_governance"",""label"":""Congress Governance"",""count"":13},{""node"":""per::b"",""label"":""B"",""count"":10},{""node"":""per::iden"",""label"":""Iden"",""count"":10},{""node"":""topic::health_public_health"",""label"":""Health Public Health"",""count"":9},{""node"":""org::unselect committee"",""label"":""Unselect Committee"",""count"":8},{""node"":""topic::elections_campaigns"",""label"":""Elections Campaigns"",""count"":7},{""node"":""topic::immigration_border"",""label"":""Immigration Border"",""count"":5},{""node"":""loc::usa"",""label"":""Usa"",""count"":5}]"
2022-W52,2022-12-26,2023-01-01,52,0,52,18,34,86,342,32,9,11,Media Communications,topic::media_communications,33,Trump,per::trump,8,"[{""node"":""topic::media_communications"",""label"":""Media Communications"",""count"":33},{""node"":""topic::law_justice_crime"",""label"":""Law Justice Crime"",""count"":15},{""node"":""topic::congress_governance"",""label"":""Congress Governance"",""count"":9},{""node"":""per::trump"",""label"":""Trump"",""count"":8},{""node"":""topic::elections_campaigns"",""label"":""Elections Campaigns"",""count"":6},{""node"":""topic::health_public_health"",""label"":""Health Public Health"",""count"":6},{""node"":""org::fbi"",""label"":""Fbi"",""count"":5},{""node"":""topic::energy_environment"",""label"":""Energy Environment"",""count"":5},{""node"":""loc::usa"",""label"":""Usa"",""count"":4},{""node"":""topic::immigration_border"",""label"":""Immigration Border"",""count"":3},{""node"":""org::f"",""label"":""F"",""count"":3},{""node"":""per::mitch mcconnell"",""label"":""Mitch Mcconnell"",""count"":3}]"
2023-W01,2023-01-02,2023-01-08,43,0,43,4,39,76,355,25,1,17,Media Communications,topic::media_communications,27,Republican Party,org::republican party,6,"[{""node"":""topic::media_communications"",""label"":""Media Communications"",""count"":27},{""node"":""topic::law_justice_crime"",""label"":""Law Justice Crime"",""count"":13},{""node"":""topic::congress_governance"",""label"":""Congress Governance"",""count"":13},{""node"":""topic::health_public_health"",""label"":""Health Public Health"",""count"":6},{""node"":""org::republican party"",""label"":""Republican Party"",""count"":6},{""node"":""loc::u. s"",""label"":""U. S"",""count"":4},{""node"":""topic::elections_campaigns"",""label"":""Elections Campaigns"",""count"":4},{""node"":""loc::china"",""label"":""China"",""count"":4},{""node"":""loc::usa"",""label"":""Usa"",""count"":3},{""node"":""topic::foreign_policy_diplomacy"",""label"":""Foreign Policy Diplomacy"",""count"":3},{""node"":""per::trump"",""label"":""Trump"",""count"":3},{""node"":""org::fbi"",""label"":""Fbi"",""count"":3}]"
2023-W02,2023-01-09,2023-01-15,127,0,127,74,53,144,683,63,45,19,Media Communications,topic::media_communications,90,B,per::b,24,"[{""node"":""topic::media_communications"",""label"":""Media Communications"",""count"":90},{""node"":""topic::law_justice_crime"",""label"":""Law Justice Crime"",""count"":46},{""node"":""per::b"",""label"":""B"",""count"":24},{""node"":""org::fbi"",""label"":""Fbi"",""count"":14},{""node"":""per::trump"",""label"":""Trump"",""count"":14},{""node"":""per::iden"",""label"":""Iden"",""count"":14},{""node"":""topic::congress_governance"",""label"":""Congress Governance"",""count"":13},{""node"":""loc::china"",""label"":""China"",""count"":9},{""node"":""per::joe biden"",""label"":""Joe Biden"",""count"":9},{""node"":""org::b"",""label"":""B"",""count"":9},{""node"":""topic::health_public_health"",""label"":""Health Public Health"",""count"":7},{""node"":""topic::foreign_policy_diplomacy"",""label"":""Foreign Policy Diplomacy"",""count"":7}]"
2023-W03,2023-01-16,2023-01-22,72,0,72,35,37,123,575,29,30,13,Media Communications,topic::media_communications,46,B,per::b,13,"[{""node"":""topic::media_communications"",""label"":""Media Communications"",""count"":46},{""node"":""topic::law_justice_crime"",""label"":""Law Justice Crime"",""count"":29},{""node"":""per::b"",""label"":""B"",""count"":13},{""node"":""topic::health_public_health"",""label"":""Health Public Health"",""count"":12},{""node"":""per::iden"",""label"":""Iden"",""count"":9},{""node"":""topic::congress_governance"",""label"":""Congress Governance"",""count"":6},{""node"":""per::joe biden"",""label"":""Joe Biden"",""count"":4},{""node"":""org::b"",""label"":""B"",""count"":4},{""node"":""loc::china"",""label"":""China"",""count"":4},{""node"":""org::g"",""label"":""G"",""count"":4},{""node"":""loc::america"",""label"":""America"",""count"":3},{""node"":""loc::mar - a - lago"",""label"":""Mar - A - Lago"",""count"":3}]"
2023-W04,2023-01-23,2023-01-29,124,0,124,66,58,177,813,57,37,30,Media Communications,topic::media_communications,94,Trump,per::trump,10,"[{""node"":""topic::media_communications"",""label"":""Media Communications"",""count"":94},{""node"":""topic::law_justice_crime"",""label"":""Law Justice Crime"",""count"":39},{""node"":""topic::elections_campaigns"",""label"":""Elections Campaigns"",""count"":14},{""node"":""topic::health_public_health"",""label"":""Health Public Health"",""count"":11},{""node"":""per::trump"",""label"":""Trump"",""count"":10},{""node"":""topic::congress_governance"",""label"":""Congress Governance"",""count"":7},{""node"":""org::fbi"",""label"":""Fbi"",""count"":7},{""node"":""loc::new hampshire"",""label"":""New Hampshire"",""count"":7},{""node"":""mention::realdonaldtrumppage"",""label"":""@realdonaldtrumppage"",""count"":5},{""node"":""loc::r"",""label"":""R"",""count"":5},{""node"":""topic::endorsements_appointments"",""label"":""Endorsements Appointments"",""count"":5},{""node"":""per::joe biden"",""label"":""Joe Biden"",""count"":5}]"
2023-W05,2023-01-30,2023-02-05,142,0,142,68,74,185,910,63,42,37,Media Communications,topic::media_communications,100,Trump,per::trump,24,"[{""node"":""topic::media_communications"",""label"":""Media Communications"",""count"":100},{""node"":""topic::law_justice_crime"",""label"":""Law Justice Crime"",""count"":36},{""node"":""topic::health_public_health"",""label"":""Health Public Health"",""count"":25},{""node"":""per::trump"",""label"":""Trump"",""count"":24},{""node"":""topic::elections_campaigns"",""label"":""Elections Campaigns"",""count"":18},{""node"":""topic::foreign_policy_diplomacy"",""label"":""Foreign Policy Diplomacy"",""count"":10},{""node"":""per::b"",""label"":""B"",""count"":9},{""node"":""per::iden"",""label"":""Iden"",""count"":8},{""node"":""loc::china"",""label"":""China"",""count"":6},{""node"":""loc::america"",""label"":""America"",""count"":6},{""node"":""loc::united states"",""label"":""United States"",""count"":6},{""node"":""org::f"",""label"":""F"",""count"":6}]"
2023-W06,2023-02-06,2023-02-12,131,0,131,37,94,149,567,72,30,29,Media Communications,topic::media_communications,86,Trump,per::trump,9,"[{""node"":""topic::media_communications"",""label"":""Media Communications"",""count"":86},{""node"":""topic::law_justice_crime"",""label"":""Law Justice Crime"",""count"":27},{""node"":""topic::health_public_health"",""label"":""Health Public Health"",""count"":18},{""node"":""topic::congress_governance"",""label"":""Congress Governance"",""count"":13},{""node"":""topic::foreign_policy_diplomacy"",""label"":""Foreign Policy Diplomacy"",""count"":11},{""node"":""topic::elections_campaigns"",""label"":""Elections Campaigns"",""count"":10},{""node"":""per::trump"",""label"":""Trump"",""count"":9},{""node"":""topic::energy_environment"",""label"":""Energy Environment"",""count"":9},{""node"":""loc::america"",""label"":""America"",""count"":7},{""node"":""org::fbi"",""label"":""Fbi"",""count"":7},{""node"":""topic::endorsements_appointments"",""label"":""Endorsements Appointments"",""count"":6},{""node"":""per::joe"",""label"":""Joe"",""count"":6}]"
2023-W07,2023-02-13,2023-02-19,72,0,72,16,56,137,781,31,14,27,Media Communications,topic::media_communications,39,Trump,per::trump,13,"[{""node"":""topic::media_communications"",""label"":""Media Communications"",""count"":39},{""node"":""topic::health_public_health"",""label"":""Health Public Health"",""count"":19},{""node"":""topic::law_justice_crime"",""label"":""Law Justice Crime"",""count"":16},{""node"":""per::trump"",""label"":""Trump"",""count"":13},{""node"":""topic::elections_campaigns"",""label"":""Elections Campaigns"",""count"":10},{""node"":""org::r"",""label"":""R"",""count"":7},{""node"":""topic::energy_environment"",""label"":""Energy Environment"",""count"":6},{""node"":""topic::endorsements_appointments"",""label"":""Endorsements Appointments"",""count"":6},{""node"":""org::f"",""label"":""F"",""count"":5},{""node"":""topic::congress_governance"",""label"":""Congress Governance"",""count"":5},{""node"":""loc::america"",""label"":""America"",""count"":5},{""node"":""topic::foreign_policy_diplomacy"",""label"":""Foreign Policy Diplomacy"",""count"":5}]"
2023-W08,2023-02-20,2023-02-26,62,0,62,17,45,100,438,25,11,26,Media Communications,topic::media_communications,37,B,per::b,5,"[{""node"":""topic::media_communications"",""label"":""Media Communications"",""count"":37},{""node"":""topic::law_justice_crime"",""label"":""Law Justice Crime"",""count"":17},{""node"":""topic::health_public_health"",""label"":""Health Public Health"",""count"":13},{""node"":""topic::elections_campaigns"",""label"":""Elections Campaigns"",""count"":6},{""node"":""topic::foreign_policy_diplomacy"",""label"":""Foreign Policy Diplomacy"",""count"":6},{""node"":""topic::endorsements_appointments"",""label"":""Endorsements Appointments"",""count"":5},{""node"":""per::b"",""label"":""B"",""count"":5},{""node"":""per::iden"",""label"":""Iden"",""count"":5},{""node"":""topic::energy_environment"",""label"":""Energy Environment"",""count"":5},{""node"":""topic::congress_governance"",""label"":""Congress Governance"",""count"":4},{""node"":""per::paul ryan"",""label"":""Paul Ryan"",""count"":4},{""node"":""loc::ukraine"",""label"":""Ukraine"",""count"":4}]"
2023-W09,2023-02-27,2023-03-05,77,0,77,26,51,116,489,41,17,19,Media Communications,topic::media_communications,45,Foxnews,org::foxnews,7,"[{""node"":""topic::media_communications"",""label"":""Media Communications"",""count"":45},{""node"":""topic::law_justice_crime"",""label"":""Law Justice Crime"",""count"":20},{""node"":""topic::elections_campaigns"",""label"":""Elections Campaigns"",""count"":18},{""node"":""topic::health_public_health"",""label"":""Health Public Health"",""count"":13},{""node"":""org::foxnews"",""label"":""Foxnews"",""count"":7},{""node"":""loc::america"",""label"":""America"",""count"":6},{""node"":""hashtag::agenda47"",""label"":""#agenda47"",""count"":6},{""node"":""per::rupert murdoch"",""label"":""Rupert Murdoch"",""count"":6},{""node"":""org::cpac"",""label"":""Cpac"",""count"":6},{""node"":""per::paul ryan"",""label"":""Paul Ryan"",""count"":5},{""node"":""org::club for no growth"",""label"":""Club For No Growth"",""count"":5},{""node"":""per::trump"",""label"":""Trump"",""count"":5}]"
2023-W10,2023-03-06,2023-03-12,121,0,121,69,52,166,839,48,45,28,Media Communications,topic::media_communications,87,Trump,per::trump,20,"[{""node"":""topic::media_communications"",""label"":""Media Communications"",""count"":87},{""node"":""topic::law_justice_crime"",""label"":""Law Justice Crime"",""count"":42},{""node"":""per::trump"",""label"":""Trump"",""count"":20},{""node"":""topic::elections_campaigns"",""label"":""Elections Campaigns"",""count"":19},{""node"":""topic::health_public_health"",""label"":""Health Public Health"",""count"":17},{""node"":""per::ron des"",""label"":""Ron Des"",""count"":7},{""node"":""topic::energy_environment"",""label"":""Energy Environment"",""count"":7},{""node"":""loc::iowa"",""label"":""Iowa"",""count"":7},{""node"":""per::b"",""label"":""B"",""count"":7},{""node"":""loc::manhattan"",""label"":""Manhattan"",""count"":6},{""node"":""topic::congress_governance"",""label"":""Congress Governance"",""count"":6},{""node"":""mention::rsbntrump"",""label"":""@rsbntrump"",""count"":6}]"
2023-W11,2023-03-13,2023-03-19,87,0,87,53,34,136,567,37,33,17,Media Communications,topic::media_communications,70,Trump,per::trump,10,"[{""node"":""topic::media_communications"",""label"":""Media Communications"",""count"":70},{""node"":""topic::law_justice_crime"",""label"":""Law Justice Crime"",""count"":24},{""node"":""topic::health_public_health"",""label"":""Health Public Health"",""count"":11},{""node"":""per::trump"",""label"":""Trump"",""count"":10},{""node"":""topic::elections_campaigns"",""label"":""Elections Campaigns"",""count"":9},{""node"":""mention::realdonaldtrump"",""label"":""@realdonaldtrump"",""count"":8},{""node"":""loc::iowa"",""label"":""Iowa"",""count"":5},{""node"":""topic::congress_governance"",""label"":""Congress Governance"",""count"":4},{""node"":""topic::energy_environment"",""label"":""Energy Environment"",""count"":4},{""node"":""hashtag::maga"",""label"":""#maga"",""count"":4},{""node"":""loc::country"",""label"":""Country"",""count"":4},{""node"":""mention::realdonaldtrumphttps"",""label"":""@realdonaldtrumphttps"",""count"":3}]"
2023-W12,2023-03-20,2023-03-26,143,0,143,71,72,168,880,65,43,35,Media Communications,topic::media_communications,91,Trump,per::trump,26,"[{""node"":""topic::media_communications"",""label"":""Media Communications"",""count"":91},{""node"":""topic::law_justice_crime"",""label"":""Law Justice Crime"",""count"":60},{""node"":""topic::health_public_health"",""label"":""Health Public Health"",""count"":26},{""node"":""per::trump"",""label"":""Trump"",""count"":26},{""node"":""topic::elections_campaigns"",""label"":""Elections Campaigns"",""count"":23},{""node"":""mention::realdonaldtrump"",""label"":""@realdonaldtrump"",""count"":20},{""node"":""loc::florida"",""label"":""Florida"",""count"":14},{""node"":""per::ron"",""label"":""Ron"",""count"":13},{""node"":""per::alvin bragg"",""label"":""Alvin Bragg"",""count"":9},{""node"":""per::cohen"",""label"":""Cohen"",""count"":7},{""node"":""loc::texas"",""label"":""Texas"",""count"":7},{""node"":""topic::foreign_policy_diplomacy"",""label"":""Foreign Policy Diplomacy"",""count"":6}]"
2023-W13,2023-03-27,2023-04-02,99,0,99,49,50,111,478,44,40,15,Media Communications,topic::media_communications,55,Trump,per::trump,17,"[{""node"":""topic::media_communications"",""label"":""Media Communications"",""count"":55},{""node"":""topic::law_justice_crime"",""label"":""Law Justice Crime"",""count"":35},{""node"":""topic::health_public_health"",""label"":""Health Public Health"",""count"":21},{""node"":""per::trump"",""label"":""Trump"",""count"":17},{""node"":""topic::elections_campaigns"",""label"":""Elections Campaigns"",""count"":14},{""node"":""topic::congress_governance"",""label"":""Congress Governance"",""count"":8},{""node"":""mention::danscavino"",""label"":""@danscavino"",""count"":7},{""node"":""mention::realdonaldtrump"",""label"":""@realdonaldtrump"",""count"":6},{""node"":""topic::endorsements_appointments"",""label"":""Endorsements Appointments"",""count"":6},{""node"":""per::donald j. trump"",""label"":""Donald J. Trump"",""count"":6},{""node"":""topic::foreign_policy_diplomacy"",""label"":""Foreign Policy Diplomacy"",""count"":4},{""node"":""per::donald trump"",""label"":""Donald Trump"",""count"":4}]"
2023-W14,2023-04-03,2023-04-09,66,0,66,19,47,90,362,31,20,15,Media Communications,topic::media_communications,39,Trump,per::trump,11,"[{""node"":""topic::media_communications"",""label"":""Media Communications"",""count"":39},{""node"":""topic::law_justice_crime"",""label"":""Law Justice Crime"",""count"":21},{""node"":""per::trump"",""label"":""Trump"",""count"":11},{""node"":""topic::elections_campaigns"",""label"":""Elections Campaigns"",""count"":11},{""node"":""per::b"",""label"":""B"",""count"":10},{""node"":""per::iden"",""label"":""Iden"",""count"":9},{""node"":""topic::health_public_health"",""label"":""Health Public Health"",""count"":7},{""node"":""loc::america"",""label"":""America"",""count"":4},{""node"":""topic::foreign_policy_diplomacy"",""label"":""Foreign Policy Diplomacy"",""count"":4},{""node"":""mention::realdonaldtrump"",""label"":""@realdonaldtrump"",""count"":3},{""node"":""loc::new york"",""label"":""New York"",""count"":3},{""node"":""loc::courthouse"",""label"":""Courthouse"",""count"":3}]"
2023-W15,2023-04-10,2023-04-16,82,0,82,30,52,140,756,47,18,17,Media Communications,topic::media_communications,49,Trump,per::trump,17,"[{""node"":""topic::media_communications"",""label"":""Media Communications"",""count"":49},{""node"":""topic::law_justice_crime"",""label"":""Law Justice Crime"",""count"":38},{""node"":""topic::elections_campaigns"",""label"":""Elections Campaigns"",""count"":19},{""node"":""per::trump"",""label"":""Trump"",""count"":17},{""node"":""per::b"",""label"":""B"",""count"":15},{""node"":""topic::health_public_health"",""label"":""Health Public Health"",""count"":13},{""node"":""per::iden"",""label"":""Iden"",""count"":10},{""node"":""topic::foreign_policy_diplomacy"",""label"":""Foreign Policy Diplomacy"",""count"":5},{""node"":""topic::congress_governance"",""label"":""Congress Governance"",""count"":5},{""node"":""mention::realdonaldtrump"",""label"":""@realdonaldtrump"",""count"":5},{""node"":""per::joe biden"",""label"":""Joe Biden"",""count"":5},{""node"":""loc::new york"",""label"":""New York"",""count"":4}]"
2023-W16,2023-04-17,2023-04-23,65,0,65,30,35,103,454,18,20,27,Media Communications,topic::media_communications,48,Trump,per::trump,6,"[{""node"":""topic::media_communications"",""label"":""Media Communications"",""count"":48},{""node"":""topic::elections_campaigns"",""label"":""Elections Campaigns"",""count"":16},{""node"":""topic::health_public_health"",""label"":""Health Public Health"",""count"":7},{""node"":""topic::law_justice_crime"",""label"":""Law Justice Crime"",""count"":6},{""node"":""topic::congress_governance"",""label"":""Congress Governance"",""count"":6},{""node"":""per::trump"",""label"":""Trump"",""count"":6},{""node"":""per::b"",""label"":""B"",""count"":4},{""node"":""per::iden"",""label"":""Iden"",""count"":4},{""node"":""loc::florida"",""label"":""Florida"",""count"":4},{""node"":""mention::realdonaldtrump"",""label"":""@realdonaldtrump"",""count"":3},{""node"":""topic::energy_environment"",""label"":""Energy Environment"",""count"":3},{""node"":""per::ron"",""label"":""Ron"",""count"":3}]"
2023-W17,2023-04-24,2023-04-30,110,0,110,61,49,137,528,35,44,31,Media Communications,topic::media_communications,79,Trump,per::trump,18,"[{""node"":""topic::media_communications"",""label"":""Media Communications"",""count"":79},{""node"":""mention::realdonaldtrump"",""label"":""@realdonaldtrump"",""count"":20},{""node"":""per::trump"",""label"":""Trump"",""count"":18},{""node"":""topic::elections_campaigns"",""label"":""Elections Campaigns"",""count"":17},{""node"":""topic::law_justice_crime"",""label"":""Law Justice Crime"",""count"":16},{""node"":""topic::health_public_health"",""label"":""Health Public Health"",""count"":10},{""node"":""topic::endorsements_appointments"",""label"":""Endorsements Appointments"",""count"":7},{""node"":""mention::realdonaldtrumphttps"",""label"":""@realdonaldtrumphttps"",""count"":7},{""node"":""topic::energy_environment"",""label"":""Energy Environment"",""count"":6},{""node"":""per::b"",""label"":""B"",""count"":6},{""node"":""per::des"",""label"":""Des"",""count"":5},{""node"":""per::iden"",""label"":""Iden"",""count"":5}]"
2023-W18,2023-05-01,2023-05-07,58,0,58,24,34,92,359,22,18,18,Media Communications,topic::media_communications,30,Joe Biden,per::joe biden,7,"[{""node"":""topic::media_communications"",""label"":""Media Communications"",""count"":30},{""node"":""topic::law_justice_crime"",""label"":""Law Justice Crime"",""count"":14},{""node"":""topic::health_public_health"",""label"":""Health Public Health"",""count"":11},{""node"":""topic::elections_campaigns"",""label"":""Elections Campaigns"",""count"":8},{""node"":""per::joe biden"",""label"":""Joe Biden"",""count"":7},{""node"":""per::trump"",""label"":""Trump"",""count"":7},{""node"":""topic::foreign_policy_diplomacy"",""label"":""Foreign Policy Diplomacy"",""count"":5},{""node"":""topic::immigration_border"",""label"":""Immigration Border"",""count"":4},{""node"":""topic::endorsements_appointments"",""label"":""Endorsements Appointments"",""count"":4},{""node"":""per::c"",""label"":""C"",""count"":4},{""node"":""topic::energy_environment"",""label"":""Energy Environment"",""count"":4},{""node"":""loc::america"",""label"":""America"",""count"":4}]"
2023-W19,2023-05-08,2023-05-14,72,0,72,26,46,119,484,27,17,28,Media Communications,topic::media_communications,45,Trump,per::trump,10,"[{""node"":""topic::media_communications"",""label"":""Media Communications"",""count"":45},{""node"":""topic::elections_campaigns"",""label"":""Elections Campaigns"",""count"":18},{""node"":""topic::law_justice_crime"",""label"":""Law Justice Crime"",""count"":14},{""node"":""topic::health_public_health"",""label"":""Health Public Health"",""count"":11},{""node"":""per::trump"",""label"":""Trump"",""count"":10},{""node"":""org::cnn"",""label"":""Cnn"",""count"":9},{""node"":""per::b"",""label"":""B"",""count"":5},{""node"":""per::iden"",""label"":""Iden"",""count"":5},{""node"":""loc::new hampshire"",""label"":""New Hampshire"",""count"":5},{""node"":""topic::endorsements_appointments"",""label"":""Endorsements Appointments"",""count"":5},{""node"":""mention::realdonaldtrump"",""label"":""@realdonaldtrump"",""count"":5},{""node"":""per::joe biden"",""label"":""Joe Biden"",""count"":4}]"
2023-W20,2023-05-15,2023-05-21,102,0,102,47,55,160,826,46,33,23,Media Communications,topic::media_communications,63,Fbi,org::fbi,19,"[{""node"":""topic::media_communications"",""label"":""Media Communications"",""count"":63},{""node"":""topic::law_justice_crime"",""label"":""Law Justice Crime"",""count"":41},{""node"":""topic::elections_campaigns"",""label"":""Elections Campaigns"",""count"":22},{""node"":""org::fbi"",""label"":""Fbi"",""count"":19},{""node"":""per::trump"",""label"":""Trump"",""count"":18},{""node"":""topic::health_public_health"",""label"":""Health Public Health"",""count"":14},{""node"":""per::b"",""label"":""B"",""count"":10},{""node"":""topic::congress_governance"",""label"":""Congress Governance"",""count"":9},{""node"":""per::iden"",""label"":""Iden"",""count"":9},{""node"":""mention::realdonaldtrump"",""label"":""@realdonaldtrump"",""count"":8},{""node"":""loc::russia"",""label"":""Russia"",""count"":7},{""node"":""per::donald trump"",""label"":""Donald Trump"",""count"":6}]"
2023-W21,2023-05-22,2023-05-28,107,0,107,56,51,146,721,38,39,30,Media Communications,topic::media_communications,69,Trump,per::trump,12,"[{""node"":""topic::media_communications"",""label"":""Media Communications"",""count"":69},{""node"":""topic::elections_campaigns"",""label"":""Elections Campaigns"",""count"":25},{""node"":""topic::law_justice_crime"",""label"":""Law Justice Crime"",""count"":24},{""node"":""per::trump"",""label"":""Trump"",""count"":12},{""node"":""per::b"",""label"":""B"",""count"":10},{""node"":""topic::health_public_health"",""label"":""Health Public Health"",""count"":10},{""node"":""mention::realdonaldtrump"",""label"":""@realdonaldtrump"",""count"":9},{""node"":""org::fbi"",""label"":""Fbi"",""count"":7},{""node"":""per::iden"",""label"":""Iden"",""count"":7},{""node"":""topic::congress_governance"",""label"":""Congress Governance"",""count"":6},{""node"":""per::ron des"",""label"":""Ron Des"",""count"":6},{""node"":""topic::endorsements_appointments"",""label"":""Endorsements Appointments"",""count"":6}]"
2023-W22,2023-05-29,2023-06-04,125,0,125,69,56,143,658,39,50,36,Media Communications,topic::media_communications,84,Trump,per::trump,12,"[{""node"":""topic::media_communications"",""label"":""Media Communications"",""count"":84},{""node"":""topic::law_justice_crime"",""label"":""Law Justice Crime"",""count"":22},{""node"":""topic::elections_campaigns"",""label"":""Elections Campaigns"",""count"":21},{""node"":""topic::health_public_health"",""label"":""Health Public Health"",""count"":19},{""node"":""topic::energy_environment"",""label"":""Energy Environment"",""count"":12},{""node"":""per::trump"",""label"":""Trump"",""count"":12},{""node"":""mention::realdonaldtrump"",""label"":""@realdonaldtrump"",""count"":10},{""node"":""topic::foreign_policy_diplomacy"",""label"":""Foreign Policy Diplomacy"",""count"":7},{""node"":""loc::iowa"",""label"":""Iowa"",""count"":6},{""node"":""per::b"",""label"":""B"",""count"":5},{""node"":""topic::defense_military_veterans"",""label"":""Defense Military Veterans"",""count"":5},{""node"":""topic::endorsements_appointments"",""label"":""Endorsements Appointments"",""count"":5}]"
2023-W23,2023-06-05,2023-06-11,191,0,191,105,86,183,982,89,70,32,Media Communications,topic::media_communications,135,B,per::b,26,"[{""node"":""topic::media_communications"",""label"":""Media Communications"",""count"":135},{""node"":""topic::law_justice_crime"",""label"":""Law Justice Crime"",""count"":87},{""node"":""topic::elections_campaigns"",""label"":""Elections Campaigns"",""count"":31},{""node"":""per::b"",""label"":""B"",""count"":26},{""node"":""topic::health_public_health"",""label"":""Health Public Health"",""count"":26},{""node"":""per::trump"",""label"":""Trump"",""count"":24},{""node"":""per::iden"",""label"":""Iden"",""count"":20},{""node"":""per::joe biden"",""label"":""Joe Biden"",""count"":16},{""node"":""mention::realdonaldtrump"",""label"":""@realdonaldtrump"",""count"":16},{""node"":""topic::congress_governance"",""label"":""Congress Governance"",""count"":13},{""node"":""org::fbi"",""label"":""Fbi"",""count"":10},{""node"":""topic::energy_environment"",""label"":""Energy Environment"",""count"":10}]"
2023-W24,2023-06-12,2023-06-18,125,0,125,52,73,122,496,56,40,29,Media Communications,topic::media_communications,76,B,per::b,12,"[{""node"":""topic::media_communications"",""label"":""Media Communications"",""count"":76},{""node"":""topic::law_justice_crime"",""label"":""Law Justice Crime"",""count"":52},{""node"":""topic::health_public_health"",""label"":""Health Public Health"",""count"":21},{""node"":""topic::elections_campaigns"",""label"":""Elections Campaigns"",""count"":15},{""node"":""per::b"",""label"":""B"",""count"":12},{""node"":""per::trump"",""label"":""Trump"",""count"":12},{""node"":""per::joe biden"",""label"":""Joe Biden"",""count"":11},{""node"":""topic::energy_environment"",""label"":""Energy Environment"",""count"":10},{""node"":""per::iden"",""label"":""Iden"",""count"":7},{""node"":""topic::endorsements_appointments"",""label"":""Endorsements Appointments"",""count"":6},{""node"":""mention::judicialwatch"",""label"":""@judicialwatch"",""count"":5},{""node"":""topic::foreign_policy_diplomacy"",""label"":""Foreign Policy Diplomacy"",""count"":5}]"
2023-W25,2023-06-19,2023-06-25,128,0,128,71,57,124,597,45,57,26,Media Communications,topic::media_communications,80,Trump,per::trump,20,"[{""node"":""topic::media_communications"",""label"":""Media Communications"",""count"":80},{""node"":""topic::law_justice_crime"",""label"":""Law Justice Crime"",""count"":48},{""node"":""per::trump"",""label"":""Trump"",""count"":20},{""node"":""topic::elections_campaigns"",""label"":""Elections Campaigns"",""count"":18},{""node"":""topic::health_public_health"",""label"":""Health Public Health"",""count"":17},{""node"":""per::b"",""label"":""B"",""count"":15},{""node"":""mention::realdonaldtrump"",""label"":""@realdonaldtrump"",""count"":12},{""node"":""per::iden"",""label"":""Iden"",""count"":9},{""node"":""topic::congress_governance"",""label"":""Congress Governance"",""count"":9},{""node"":""org::fbi"",""label"":""Fbi"",""count"":9},{""node"":""topic::foreign_policy_diplomacy"",""label"":""Foreign Policy Diplomacy"",""count"":8},{""node"":""org::doj"",""label"":""Doj"",""count"":6}]"
2023-W26,2023-06-26,2023-07-02,125,0,125,54,71,142,632,35,41,49,Media Communications,topic::media_communications,89,Trump,per::trump,12,"[{""node"":""topic::media_communications"",""label"":""Media Communications"",""count"":89},{""node"":""topic::health_public_health"",""label"":""Health Public Health"",""count"":26},{""node"":""topic::law_justice_crime"",""label"":""Law Justice Crime"",""count"":22},{""node"":""topic::elections_campaigns"",""label"":""Elections Campaigns"",""count"":15},{""node"":""per::trump"",""label"":""Trump"",""count"":12},{""node"":""topic::endorsements_appointments"",""label"":""Endorsements Appointments"",""count"":11},{""node"":""topic::foreign_policy_diplomacy"",""label"":""Foreign Policy Diplomacy"",""count"":8},{""node"":""per::b"",""label"":""B"",""count"":8},{""node"":""mention::realdonaldtrump"",""label"":""@realdonaldtrump"",""count"":8},{""node"":""loc::america"",""label"":""America"",""count"":8},{""node"":""topic::energy_environment"",""label"":""Energy Environment"",""count"":7},{""node"":""per::joe biden"",""label"":""Joe Biden"",""count"":7}]"
2023-W27,2023-07-03,2023-07-09,106,0,106,74,32,118,544,41,39,26,Media Communications,topic::media_communications,77,Trump,per::trump,13,"[{""node"":""topic::media_communications"",""label"":""Media Communications"",""count"":77},{""node"":""topic::law_justice_crime"",""label"":""Law Justice Crime"",""count"":35},{""node"":""topic::elections_campaigns"",""label"":""Elections Campaigns"",""count"":16},{""node"":""topic::health_public_health"",""label"":""Health Public Health"",""count"":15},{""node"":""per::trump"",""label"":""Trump"",""count"":13},{""node"":""per::b"",""label"":""B"",""count"":13},{""node"":""topic::foreign_policy_diplomacy"",""label"":""Foreign Policy Diplomacy"",""count"":12},{""node"":""mention::realdonaldtrump"",""label"":""@realdonaldtrump"",""count"":11},{""node"":""per::iden"",""label"":""Iden"",""count"":9},{""node"":""loc::white house"",""label"":""White House"",""count"":8},{""node"":""per::jack smith"",""label"":""Jack Smith"",""count"":8},{""node"":""mention::rsbn"",""label"":""@rsbn"",""count"":8}]"
2023-W28,2023-07-10,2023-07-16,144,0,144,86,58,150,740,45,54,45,Media Communications,topic::media_communications,98,Trump,per::trump,15,"[{""node"":""topic::media_communications"",""label"":""Media Communications"",""count"":98},{""node"":""topic::law_justice_crime"",""label"":""Law Justice Crime"",""count"":25},{""node"":""topic::elections_campaigns"",""label"":""Elections Campaigns"",""count"":22},{""node"":""topic::health_public_health"",""label"":""Health Public Health"",""count"":16},{""node"":""per::trump"",""label"":""Trump"",""count"":15},{""node"":""per::b"",""label"":""B"",""count"":13},{""node"":""topic::endorsements_appointments"",""label"":""Endorsements Appointments"",""count"":12},{""node"":""per::iden"",""label"":""Iden"",""count"":8},{""node"":""per::c"",""label"":""C"",""count"":7},{""node"":""per::joe biden"",""label"":""Joe Biden"",""count"":7},{""node"":""loc::america"",""label"":""America"",""count"":7},{""node"":""mention::realdonaldtrump"",""label"":""@realdonaldtrump"",""count"":7}]"
2023-W29,2023-07-17,2023-07-23,168,0,168,121,47,151,666,48,78,42,Media Communications,topic::media_communications,132,Trump,per::trump,17,"[{""node"":""topic::media_communications"",""label"":""Media Communications"",""count"":132},{""node"":""topic::law_justice_crime"",""label"":""Law Justice Crime"",""count"":42},{""node"":""topic::elections_campaigns"",""label"":""Elections Campaigns"",""count"":28},{""node"":""topic::health_public_health"",""label"":""Health Public Health"",""count"":21},{""node"":""per::trump"",""label"":""Trump"",""count"":17},{""node"":""mention::realdonaldtrump"",""label"":""@realdonaldtrump"",""count"":13},{""node"":""per::b"",""label"":""B"",""count"":10},{""node"":""per::joe biden"",""label"":""Joe Biden"",""count"":10},{""node"":""topic::foreign_policy_diplomacy"",""label"":""Foreign Policy Diplomacy"",""count"":9},{""node"":""topic::energy_environment"",""label"":""Energy Environment"",""count"":7},{""node"":""per::iden"",""label"":""Iden"",""count"":7},{""node"":""topic::endorsements_appointments"",""label"":""Endorsements Appointments"",""count"":7}]"
2023-W30,2023-07-24,2023-07-30,198,0,198,132,66,192,1115,81,66,51,Media Communications,topic::media_communications,147,Trump,per::trump,29,"[{""node"":""topic::media_communications"",""label"":""Media Communications"",""count"":147},{""node"":""topic::law_justice_crime"",""label"":""Law Justice Crime"",""count"":66},{""node"":""topic::elections_campaigns"",""label"":""Elections Campaigns"",""count"":32},{""node"":""per::trump"",""label"":""Trump"",""count"":29},{""node"":""topic::congress_governance"",""label"":""Congress Governance"",""count"":22},{""node"":""topic::health_public_health"",""label"":""Health Public Health"",""count"":18},{""node"":""mention::realdonaldtrump"",""label"":""@realdonaldtrump"",""count"":16},{""node"":""per::joe biden"",""label"":""Joe Biden"",""count"":15},{""node"":""topic::endorsements_appointments"",""label"":""Endorsements Appointments"",""count"":14},{""node"":""per::b"",""label"":""B"",""count"":13},{""node"":""topic::foreign_policy_diplomacy"",""label"":""Foreign Policy Diplomacy"",""count"":13},{""node"":""per::jack smith"",""label"":""Jack Smith"",""count"":12}]"
2023-W31,2023-07-31,2023-08-06,155,0,155,83,72,170,860,76,55,24,Media Communications,topic::media_communications,113,Trump,per::trump,25,"[{""node"":""topic::media_communications"",""label"":""Media Communications"",""count"":113},{""node"":""topic::law_justice_crime"",""label"":""Law Justice Crime"",""count"":54},{""node"":""topic::elections_campaigns"",""label"":""Elections Campaigns"",""count"":43},{""node"":""topic::health_public_health"",""label"":""Health Public Health"",""count"":31},{""node"":""per::trump"",""label"":""Trump"",""count"":25},{""node"":""per::joe biden"",""label"":""Joe Biden"",""count"":16},{""node"":""per::b"",""label"":""B"",""count"":14},{""node"":""mention::realdonaldtrump"",""label"":""@realdonaldtrump"",""count"":13},{""node"":""org::foxnews"",""label"":""Foxnews"",""count"":12},{""node"":""per::iden"",""label"":""Iden"",""count"":12},{""node"":""per::jack smith"",""label"":""Jack Smith"",""count"":10},{""node"":""per::c"",""label"":""C"",""count"":10}]"
2023-W32,2023-08-07,2023-08-13,134,0,134,71,63,159,923,54,49,31,Media Communications,topic::media_communications,101,Trump,per::trump,14,"[{""node"":""topic::media_communications"",""label"":""Media Communications"",""count"":101},{""node"":""topic::law_justice_crime"",""label"":""Law Justice Crime"",""count"":50},{""node"":""topic::elections_campaigns"",""label"":""Elections Campaigns"",""count"":28},{""node"":""per::trump"",""label"":""Trump"",""count"":14},{""node"":""per::joe biden"",""label"":""Joe Biden"",""count"":14},{""node"":""mention::realdonaldtrump"",""label"":""@realdonaldtrump"",""count"":13},{""node"":""topic::health_public_health"",""label"":""Health Public Health"",""count"":12},{""node"":""per::c"",""label"":""C"",""count"":12},{""node"":""per::b"",""label"":""B"",""count"":11},{""node"":""topic::endorsements_appointments"",""label"":""Endorsements Appointments"",""count"":9},{""node"":""per::jack smith"",""label"":""Jack Smith"",""count"":9},{""node"":""org::doj"",""label"":""Doj"",""count"":7}]"
2023-W33,2023-08-14,2023-08-20,99,0,99,42,57,123,516,41,37,21,Media Communications,topic::media_communications,65,Joe Biden,per::joe biden,12,"[{""node"":""topic::media_communications"",""label"":""Media Communications"",""count"":65},{""node"":""topic::law_justice_crime"",""label"":""Law Justice Crime"",""count"":39},{""node"":""topic::elections_campaigns"",""label"":""Elections Campaigns"",""count"":22},{""node"":""per::joe biden"",""label"":""Joe Biden"",""count"":12},{""node"":""per::c"",""label"":""C"",""count"":11},{""node"":""per::trump"",""label"":""Trump"",""count"":10},{""node"":""topic::health_public_health"",""label"":""Health Public Health"",""count"":9},{""node"":""mention::realdonaldtrump"",""label"":""@realdonaldtrump"",""count"":6},{""node"":""loc::georgia"",""label"":""Georgia"",""count"":5},{""node"":""topic::endorsements_appointments"",""label"":""Endorsements Appointments"",""count"":5},{""node"":""loc::united states"",""label"":""United States"",""count"":4},{""node"":""topic::foreign_policy_diplomacy"",""label"":""Foreign Policy Diplomacy"",""count"":4}]"
2023-W34,2023-08-21,2023-08-27,133,0,133,53,80,144,595,51,44,38,Media Communications,topic::media_communications,93,Trump,per::trump,14,"[{""node"":""topic::media_communications"",""label"":""Media Communications"",""count"":93},{""node"":""topic::law_justice_crime"",""label"":""Law Justice Crime"",""count"":33},{""node"":""topic::health_public_health"",""label"":""Health Public Health"",""count"":19},{""node"":""topic::elections_campaigns"",""label"":""Elections Campaigns"",""count"":19},{""node"":""per::trump"",""label"":""Trump"",""count"":14},{""node"":""topic::endorsements_appointments"",""label"":""Endorsements Appointments"",""count"":11},{""node"":""per::c"",""label"":""C"",""count"":11},{""node"":""per::joe biden"",""label"":""Joe Biden"",""count"":11},{""node"":""per::b"",""label"":""B"",""count"":8},{""node"":""mention::realdonaldtrump"",""label"":""@realdonaldtrump"",""count"":7},{""node"":""org::foxnews"",""label"":""Foxnews"",""count"":6},{""node"":""loc::atlanta"",""label"":""Atlanta"",""count"":6}]"
2023-W35,2023-08-28,2023-09-03,204,0,204,81,123,167,855,86,53,65,Media Communications,topic::media_communications,107,Joe Biden,per::joe biden,19,"[{""node"":""topic::media_communications"",""label"":""Media Communications"",""count"":107},{""node"":""topic::law_justice_crime"",""label"":""Law Justice Crime"",""count"":67},{""node"":""topic::elections_campaigns"",""label"":""Elections Campaigns"",""count"":42},{""node"":""topic::health_public_health"",""label"":""Health Public Health"",""count"":33},{""node"":""per::joe biden"",""label"":""Joe Biden"",""count"":19},{""node"":""per::trump"",""label"":""Trump"",""count"":18},{""node"":""topic::energy_environment"",""label"":""Energy Environment"",""count"":15},{""node"":""loc::america"",""label"":""America"",""count"":13},{""node"":""per::b"",""label"":""B"",""count"":11},{""node"":""per::c"",""label"":""C"",""count"":9},{""node"":""topic::immigration_border"",""label"":""Immigration Border"",""count"":9},{""node"":""topic::endorsements_appointments"",""label"":""Endorsements Appointments"",""count"":9}]"
2023-W36,2023-09-04,2023-09-10,96,0,96,24,72,110,435,34,33,29,Media Communications,topic::media_communications,51,Trump,per::trump,11,"[{""node"":""topic::media_communications"",""label"":""Media Communications"",""count"":51},{""node"":""topic::law_justice_crime"",""label"":""Law Justice Crime"",""count"":24},{""node"":""topic::elections_campaigns"",""label"":""Elections Campaigns"",""count"":19},{""node"":""topic::health_public_health"",""label"":""Health Public Health"",""count"":15},{""node"":""topic::energy_environment"",""label"":""Energy Environment"",""count"":14},{""node"":""per::trump"",""label"":""Trump"",""count"":11},{""node"":""topic::endorsements_appointments"",""label"":""Endorsements Appointments"",""count"":8},{""node"":""per::b"",""label"":""B"",""count"":7},{""node"":""mention::realdonaldtrump"",""label"":""@realdonaldtrump"",""count"":6},{""node"":""per::c"",""label"":""C"",""count"":6},{""node"":""topic::congress_governance"",""label"":""Congress Governance"",""count"":6},{""node"":""loc::america"",""label"":""America"",""count"":5}]"
2023-W37,2023-09-11,2023-09-17,99,0,99,32,67,134,606,39,30,30,Media Communications,topic::media_communications,59,C,per::c,16,"[{""node"":""topic::media_communications"",""label"":""Media Communications"",""count"":59},{""node"":""topic::law_justice_crime"",""label"":""Law Justice Crime"",""count"":27},{""node"":""topic::elections_campaigns"",""label"":""Elections Campaigns"",""count"":23},{""node"":""per::c"",""label"":""C"",""count"":16},{""node"":""topic::health_public_health"",""label"":""Health Public Health"",""count"":14},{""node"":""per::trump"",""label"":""Trump"",""count"":13},{""node"":""per::joe biden"",""label"":""Joe Biden"",""count"":12},{""node"":""per::b"",""label"":""B"",""count"":11},{""node"":""mention::realdonaldtrump"",""label"":""@realdonaldtrump"",""count"":11},{""node"":""topic::endorsements_appointments"",""label"":""Endorsements Appointments"",""count"":6},{""node"":""topic::immigration_border"",""label"":""Immigration Border"",""count"":5},{""node"":""topic::foreign_policy_diplomacy"",""label"":""Foreign Policy Diplomacy"",""count"":5}]"
2023-W38,2023-09-18,2023-09-24,117,0,117,56,61,132,724,51,35,31,Media Communications,topic::media_communications,72,Trump,per::trump,26,"[{""node"":""topic::media_communications"",""label"":""Media Communications"",""count"":72},{""node"":""per::trump"",""label"":""Trump"",""count"":26},{""node"":""topic::law_justice_crime"",""label"":""Law Justice Crime"",""count"":22},{""node"":""per::joe biden"",""label"":""Joe Biden"",""count"":20},{""node"":""topic::elections_campaigns"",""label"":""Elections Campaigns"",""count"":19},{""node"":""topic::health_public_health"",""label"":""Health Public Health"",""count"":17},{""node"":""per::c"",""label"":""C"",""count"":15},{""node"":""topic::immigration_border"",""label"":""Immigration Border"",""count"":15},{""node"":""mention::realdonaldtrump"",""label"":""@realdonaldtrump"",""count"":14},{""node"":""topic::energy_environment"",""label"":""Energy Environment"",""count"":11},{""node"":""topic::congress_governance"",""label"":""Congress Governance"",""count"":10},{""node"":""per::b"",""label"":""B"",""count"":10}]"
2023-W39,2023-09-25,2023-10-01,194,0,194,102,92,202,1233,65,71,58,Media Communications,topic::media_communications,135,Trump,per::trump,35,"[{""node"":""topic::media_communications"",""label"":""Media Communications"",""count"":135},{""node"":""per::trump"",""label"":""Trump"",""count"":35},{""node"":""topic::elections_campaigns"",""label"":""Elections Campaigns"",""count"":33},{""node"":""topic::law_justice_crime"",""label"":""Law Justice Crime"",""count"":33},{""node"":""topic::health_public_health"",""label"":""Health Public Health"",""count"":21},{""node"":""mention::realdonaldtrump"",""label"":""@realdonaldtrump"",""count"":20},{""node"":""topic::energy_environment"",""label"":""Energy Environment"",""count"":15},{""node"":""loc::michigan"",""label"":""Michigan"",""count"":12},{""node"":""per::b"",""label"":""B"",""count"":11},{""node"":""per::joe biden"",""label"":""Joe Biden"",""count"":10},{""node"":""topic::endorsements_appointments"",""label"":""Endorsements Appointments"",""count"":10},{""node"":""loc::new york"",""label"":""New York"",""count"":10}]"
2023-W40,2023-10-02,2023-10-08,131,0,131,54,77,174,1163,65,44,22,Media Communications,topic::media_communications,87,Trump,per::trump,21,"[{""node"":""topic::media_communications"",""label"":""Media Communications"",""count"":87},{""node"":""topic::law_justice_crime"",""label"":""Law Justice Crime"",""count"":50},{""node"":""mention::realdonaldtrump"",""label"":""@realdonaldtrump"",""count"":22},{""node"":""topic::elections_campaigns"",""label"":""Elections Campaigns"",""count"":21},{""node"":""per::trump"",""label"":""Trump"",""count"":21},{""node"":""loc::new york"",""label"":""New York"",""count"":16},{""node"":""per::let"",""label"":""Let"",""count"":13},{""node"":""topic::health_public_health"",""label"":""Health Public Health"",""count"":12},{""node"":""per::joe biden"",""label"":""Joe Biden"",""count"":11},{""node"":""topic::immigration_border"",""label"":""Immigration Border"",""count"":11},{""node"":""loc::america"",""label"":""America"",""count"":10},{""node"":""per::c"",""label"":""C"",""count"":10}]"
2023-W41,2023-10-09,2023-10-15,122,0,122,34,88,147,787,63,29,30,Media Communications,topic::media_communications,58,Israel,loc::israel,14,"[{""node"":""topic::media_communications"",""label"":""Media Communications"",""count"":58},{""node"":""topic::law_justice_crime"",""label"":""Law Justice Crime"",""count"":32},{""node"":""topic::foreign_policy_diplomacy"",""label"":""Foreign Policy Diplomacy"",""count"":21},{""node"":""topic::elections_campaigns"",""label"":""Elections Campaigns"",""count"":16},{""node"":""loc::israel"",""label"":""Israel"",""count"":14},{""node"":""per::trump"",""label"":""Trump"",""count"":13},{""node"":""per::joe biden"",""label"":""Joe Biden"",""count"":11},{""node"":""per::b"",""label"":""B"",""count"":10},{""node"":""topic::health_public_health"",""label"":""Health Public Health"",""count"":10},{""node"":""topic::immigration_border"",""label"":""Immigration Border"",""count"":9},{""node"":""topic::endorsements_appointments"",""label"":""Endorsements Appointments"",""count"":9},{""node"":""per::c"",""label"":""C"",""count"":8}]"
2023-W42,2023-10-16,2023-10-22,131,0,131,66,65,148,812,50,47,34,Media Communications,topic::media_communications,81,Trump,per::trump,22,"[{""node"":""topic::media_communications"",""label"":""Media Communications"",""count"":81},{""node"":""topic::law_justice_crime"",""label"":""Law Justice Crime"",""count"":28},{""node"":""topic::elections_campaigns"",""label"":""Elections Campaigns"",""count"":22},{""node"":""per::trump"",""label"":""Trump"",""count"":22},{""node"":""topic::health_public_health"",""label"":""Health Public Health"",""count"":21},{""node"":""topic::foreign_policy_diplomacy"",""label"":""Foreign Policy Diplomacy"",""count"":16},{""node"":""topic::energy_environment"",""label"":""Energy Environment"",""count"":13},{""node"":""per::b"",""label"":""B"",""count"":12},{""node"":""per::joe biden"",""label"":""Joe Biden"",""count"":12},{""node"":""per::c"",""label"":""C"",""count"":9},{""node"":""loc::america"",""label"":""America"",""count"":8},{""node"":""loc::iowa"",""label"":""Iowa"",""count"":8}]"
2023-W43,2023-10-23,2023-10-29,137,0,137,67,70,177,1000,53,45,39,Media Communications,topic::media_communications,99,Trump,per::trump,24,"[{""node"":""topic::media_communications"",""label"":""Media Communications"",""count"":99},{""node"":""topic::law_justice_crime"",""label"":""Law Justice Crime"",""count"":29},{""node"":""per::trump"",""label"":""Trump"",""count"":24},{""node"":""topic::foreign_policy_diplomacy"",""label"":""Foreign Policy Diplomacy"",""count"":22},{""node"":""topic::elections_campaigns"",""label"":""Elections Campaigns"",""count"":16},{""node"":""topic::health_public_health"",""label"":""Health Public Health"",""count"":15},{""node"":""mention::realdonaldtrump"",""label"":""@realdonaldtrump"",""count"":12},{""node"":""per::b"",""label"":""B"",""count"":11},{""node"":""topic::endorsements_appointments"",""label"":""Endorsements Appointments"",""count"":11},{""node"":""loc::israel"",""label"":""Israel"",""count"":10},{""node"":""loc::new hampshire"",""label"":""New Hampshire"",""count"":9},{""node"":""topic::congress_governance"",""label"":""Congress Governance"",""count"":9}]"
2023-W44,2023-10-30,2023-11-05,105,0,105,15,90,152,793,51,22,32,Media Communications,topic::media_communications,43,Trump,per::trump,12,"[{""node"":""topic::media_communications"",""label"":""Media Communications"",""count"":43},{""node"":""topic::law_justice_crime"",""label"":""Law Justice Crime"",""count"":37},{""node"":""topic::elections_campaigns"",""label"":""Elections Campaigns"",""count"":27},{""node"":""topic::health_public_health"",""label"":""Health Public Health"",""count"":16},{""node"":""per::trump"",""label"":""Trump"",""count"":12},{""node"":""per::joe biden"",""label"":""Joe Biden"",""count"":11},{""node"":""per::c"",""label"":""C"",""count"":10},{""node"":""topic::immigration_border"",""label"":""Immigration Border"",""count"":10},{""node"":""loc::america"",""label"":""America"",""count"":8},{""node"":""loc::florida"",""label"":""Florida"",""count"":7},{""node"":""topic::energy_environment"",""label"":""Energy Environment"",""count"":7},{""node"":""topic::endorsements_appointments"",""label"":""Endorsements Appointments"",""count"":6}]"
2023-W45,2023-11-06,2023-11-12,104,0,104,38,66,165,1070,39,29,36,Media Communications,topic::media_communications,63,Trump,per::trump,29,"[{""node"":""topic::media_communications"",""label"":""Media Communications"",""count"":63},{""node"":""topic::law_justice_crime"",""label"":""Law Justice Crime"",""count"":37},{""node"":""topic::elections_campaigns"",""label"":""Elections Campaigns"",""count"":31},{""node"":""per::trump"",""label"":""Trump"",""count"":29},{""node"":""loc::florida"",""label"":""Florida"",""count"":14},{""node"":""topic::health_public_health"",""label"":""Health Public Health"",""count"":13},{""node"":""mention::realdonaldtrump"",""label"":""@realdonaldtrump"",""count"":8},{""node"":""topic::energy_environment"",""label"":""Energy Environment"",""count"":6},{""node"":""org::a"",""label"":""A"",""count"":6},{""node"":""org::g"",""label"":""G"",""count"":6},{""node"":""per::joe biden"",""label"":""Joe Biden"",""count"":6},{""node"":""mention::rsbn"",""label"":""@rsbn"",""count"":6}]"
2023-W46,2023-11-13,2023-11-19,114,0,114,38,76,169,997,40,29,45,Media Communications,topic::media_communications,76,Trump,per::trump,23,"[{""node"":""topic::media_communications"",""label"":""Media Communications"",""count"":76},{""node"":""topic::law_justice_crime"",""label"":""Law Justice Crime"",""count"":30},{""node"":""topic::elections_campaigns"",""label"":""Elections Campaigns"",""count"":24},{""node"":""per::trump"",""label"":""Trump"",""count"":23},{""node"":""topic::health_public_health"",""label"":""Health Public Health"",""count"":13},{""node"":""topic::endorsements_appointments"",""label"":""Endorsements Appointments"",""count"":11},{""node"":""per::b"",""label"":""B"",""count"":9},{""node"":""loc::iowa"",""label"":""Iowa"",""count"":9},{""node"":""topic::foreign_policy_diplomacy"",""label"":""Foreign Policy Diplomacy"",""count"":8},{""node"":""mention::realdonaldtrump"",""label"":""@realdonaldtrump"",""count"":8},{""node"":""loc::new york"",""label"":""New York"",""count"":7},{""node"":""org::a"",""label"":""A"",""count"":7}]"
2023-W47,2023-11-20,2023-11-26,88,0,88,15,73,103,420,44,15,29,Media Communications,topic::media_communications,42,Trump,per::trump,10,"[{""node"":""topic::media_communications"",""label"":""Media Communications"",""count"":42},{""node"":""topic::law_justice_crime"",""label"":""Law Justice Crime"",""count"":30},{""node"":""topic::elections_campaigns"",""label"":""Elections Campaigns"",""count"":14},{""node"":""topic::health_public_health"",""label"":""Health Public Health"",""count"":12},{""node"":""per::trump"",""label"":""Trump"",""count"":10},{""node"":""topic::endorsements_appointments"",""label"":""Endorsements Appointments"",""count"":7},{""node"":""topic::congress_governance"",""label"":""Congress Governance"",""count"":6},{""node"":""topic::energy_environment"",""label"":""Energy Environment"",""count"":5},{""node"":""topic::foreign_policy_diplomacy"",""label"":""Foreign Policy Diplomacy"",""count"":5},{""node"":""per::c"",""label"":""C"",""count"":5},{""node"":""loc::america"",""label"":""America"",""count"":5},{""node"":""per::andrew c. mccarthy"",""label"":""Andrew C. Mccarthy"",""count"":5}]"
2023-W48,2023-11-27,2023-12-03,163,0,163,56,107,188,1031,53,52,58,Media Communications,topic::media_communications,103,Trump,per::trump,44,"[{""node"":""topic::media_communications"",""label"":""Media Communications"",""count"":103},{""node"":""per::trump"",""label"":""Trump"",""count"":44},{""node"":""topic::law_justice_crime"",""label"":""Law Justice Crime"",""count"":40},{""node"":""topic::elections_campaigns"",""label"":""Elections Campaigns"",""count"":30},{""node"":""topic::endorsements_appointments"",""label"":""Endorsements Appointments"",""count"":20},{""node"":""topic::health_public_health"",""label"":""Health Public Health"",""count"":15},{""node"":""loc::iowa"",""label"":""Iowa"",""count"":14},{""node"":""mention::realdonaldtrump"",""label"":""@realdonaldtrump"",""count"":12},{""node"":""topic::energy_environment"",""label"":""Energy Environment"",""count"":9},{""node"":""per::joe biden"",""label"":""Joe Biden"",""count"":9},{""node"":""per::williams"",""label"":""Williams"",""count"":9},{""node"":""topic::immigration_border"",""label"":""Immigration Border"",""count"":8}]"
2023-W49,2023-12-04,2023-12-10,93,0,93,16,77,152,804,39,32,22,Media Communications,topic::media_communications,50,Trump,per::trump,19,"[{""node"":""topic::media_communications"",""label"":""Media Communications"",""count"":50},{""node"":""topic::law_justice_crime"",""label"":""Law Justice Crime"",""count"":39},{""node"":""topic::elections_campaigns"",""label"":""Elections Campaigns"",""count"":20},{""node"":""per::trump"",""label"":""Trump"",""count"":19},{""node"":""topic::health_public_health"",""label"":""Health Public Health"",""count"":12},{""node"":""topic::endorsements_appointments"",""label"":""Endorsements Appointments"",""count"":10},{""node"":""per::joe biden"",""label"":""Joe Biden"",""count"":9},{""node"":""topic::congress_governance"",""label"":""Congress Governance"",""count"":8},{""node"":""loc::new york"",""label"":""New York"",""count"":8},{""node"":""per::c"",""label"":""C"",""count"":7},{""node"":""per::b"",""label"":""B"",""count"":7},{""node"":""loc::iowa"",""label"":""Iowa"",""count"":6}]"
2023-W50,2023-12-11,2023-12-17,94,0,94,20,74,108,500,35,24,35,Media Communications,topic::media_communications,53,Trump,per::trump,18,"[{""node"":""topic::media_communications"",""label"":""Media Communications"",""count"":53},{""node"":""topic::elections_campaigns"",""label"":""Elections Campaigns"",""count"":22},{""node"":""per::trump"",""label"":""Trump"",""count"":18},{""node"":""topic::law_justice_crime"",""label"":""Law Justice Crime"",""count"":17},{""node"":""topic::health_public_health"",""label"":""Health Public Health"",""count"":13},{""node"":""mention::rsbn"",""label"":""@rsbn"",""count"":8},{""node"":""per::b"",""label"":""B"",""count"":7},{""node"":""loc::america"",""label"":""America"",""count"":7},{""node"":""per::iden"",""label"":""Iden"",""count"":5},{""node"":""loc::iowa"",""label"":""Iowa"",""count"":5},{""node"":""topic::congress_governance"",""label"":""Congress Governance"",""count"":5},{""node"":""mention::realdonaldtrump"",""label"":""@realdonaldtrump"",""count"":5}]"
2023-W51,2023-12-18,2023-12-24,198,0,198,98,100,188,1219,83,65,50,Media Communications,topic::media_communications,123,Trump,per::trump,45,"[{""node"":""topic::media_communications"",""label"":""Media Communications"",""count"":123},{""node"":""topic::law_justice_crime"",""label"":""Law Justice Crime"",""count"":62},{""node"":""per::trump"",""label"":""Trump"",""count"":45},{""node"":""topic::elections_campaigns"",""label"":""Elections Campaigns"",""count"":39},{""node"":""topic::health_public_health"",""label"":""Health Public Health"",""count"":22},{""node"":""loc::america"",""label"":""America"",""count"":18},{""node"":""loc::nevada"",""label"":""Nevada"",""count"":15},{""node"":""mention::rsbn"",""label"":""@rsbn"",""count"":15},{""node"":""loc::reno"",""label"":""Reno"",""count"":14},{""node"":""per::joe biden"",""label"":""Joe Biden"",""count"":13},{""node"":""topic::energy_environment"",""label"":""Energy Environment"",""count"":11},{""node"":""per::b"",""label"":""B"",""count"":10}]"
2023-W52,2023-12-25,2023-12-31,118,0,118,29,89,167,1067,54,36,28,Media Communications,topic::media_communications,60,Trump,per::trump,30,"[{""node"":""topic::media_communications"",""label"":""Media Communications"",""count"":60},{""node"":""topic::law_justice_crime"",""label"":""Law Justice Crime"",""count"":33},{""node"":""topic::elections_campaigns"",""label"":""Elections Campaigns"",""count"":33},{""node"":""per::trump"",""label"":""Trump"",""count"":30},{""node"":""per::joe biden"",""label"":""Joe Biden"",""count"":17},{""node"":""per::c"",""label"":""C"",""count"":12},{""node"":""topic::health_public_health"",""label"":""Health Public Health"",""count"":11},{""node"":""per::b"",""label"":""B"",""count"":9},{""node"":""topic::endorsements_appointments"",""label"":""Endorsements Appointments"",""count"":9},{""node"":""org::supreme court"",""label"":""Supreme Court"",""count"":8},{""node"":""per::iden"",""label"":""Iden"",""count"":7},{""node"":""topic::immigration_border"",""label"":""Immigration Border"",""count"":7}]"
2024-W01,2024-01-01,2024-01-07,225,0,225,101,124,223,1345,99,87,39,Media Communications,topic::media_communications,161,E,per::e,44,"[{""node"":""topic::media_communications"",""label"":""Media Communications"",""count"":161},{""node"":""topic::law_justice_crime"",""label"":""Law Justice Crime"",""count"":86},{""node"":""per::e"",""label"":""E"",""count"":44},{""node"":""per::jean carroll"",""label"":""Jean Carroll"",""count"":43},{""node"":""topic::elections_campaigns"",""label"":""Elections Campaigns"",""count"":40},{""node"":""topic::endorsements_appointments"",""label"":""Endorsements Appointments"",""count"":39},{""node"":""per::trump"",""label"":""Trump"",""count"":38},{""node"":""per::joe biden"",""label"":""Joe Biden"",""count"":22},{""node"":""topic::health_public_health"",""label"":""Health Public Health"",""count"":20},{""node"":""loc::iowa"",""label"":""Iowa"",""count"":20},{""node"":""per::b"",""label"":""B"",""count"":18},{""node"":""per::iden"",""label"":""Iden"",""count"":16}]"
2024-W02,2024-01-08,2024-01-14,159,0,159,30,129,181,1120,67,55,37,Law Justice Crime,topic::law_justice_crime,77,Trump,per::trump,29,"[{""node"":""topic::law_justice_crime"",""label"":""Law Justice Crime"",""count"":77},{""node"":""topic::media_communications"",""label"":""Media Communications"",""count"":76},{""node"":""topic::elections_campaigns"",""label"":""Elections Campaigns"",""count"":30},{""node"":""per::trump"",""label"":""Trump"",""count"":29},{""node"":""topic::health_public_health"",""label"":""Health Public Health"",""count"":26},{""node"":""loc::iowa"",""label"":""Iowa"",""count"":14},{""node"":""per::b"",""label"":""B"",""count"":14},{""node"":""per::c"",""label"":""C"",""count"":12},{""node"":""per::joe biden"",""label"":""Joe Biden"",""count"":12},{""node"":""topic::endorsements_appointments"",""label"":""Endorsements Appointments"",""count"":9},{""node"":""per::iden"",""label"":""Iden"",""count"":9},{""node"":""mention::realdonaldtrump"",""label"":""@realdonaldtrump"",""count"":7}]"
2024-W03,2024-01-15,2024-01-21,164,0,164,50,114,195,1263,55,49,60,Media Communications,topic::media_communications,103,New Hampshire,loc::new hampshire,19,"[{""node"":""topic::media_communications"",""label"":""Media Communications"",""count"":103},{""node"":""topic::elections_campaigns"",""label"":""Elections Campaigns"",""count"":42},{""node"":""topic::law_justice_crime"",""label"":""Law Justice Crime"",""count"":34},{""node"":""topic::health_public_health"",""label"":""Health Public Health"",""count"":28},{""node"":""mention::realdonaldtrump"",""label"":""@realdonaldtrump"",""count"":22},{""node"":""loc::new hampshire"",""label"":""New Hampshire"",""count"":19},{""node"":""per::trump"",""label"":""Trump"",""count"":19},{""node"":""per::jean carroll"",""label"":""Jean Carroll"",""count"":17},{""node"":""topic::endorsements_appointments"",""label"":""Endorsements Appointments"",""count"":16},{""node"":""per::e"",""label"":""E"",""count"":16},{""node"":""per::c"",""label"":""C"",""count"":13},{""node"":""per::joe biden"",""label"":""Joe Biden"",""count"":13}]"
2024-W04,2024-01-22,2024-01-28,182,0,182,51,131,192,1062,70,60,52,Media Communications,topic::media_communications,109,Trump,per::trump,23,"[{""node"":""topic::media_communications"",""label"":""Media Communications"",""count"":109},{""node"":""topic::law_justice_crime"",""label"":""Law Justice Crime"",""count"":46},{""node"":""topic::elections_campaigns"",""label"":""Elections Campaigns"",""count"":38},{""node"":""per::trump"",""label"":""Trump"",""count"":23},{""node"":""topic::health_public_health"",""label"":""Health Public Health"",""count"":23},{""node"":""per::e"",""label"":""E"",""count"":23},{""node"":""per::jean carroll"",""label"":""Jean Carroll"",""count"":23},{""node"":""loc::new hampshire"",""label"":""New Hampshire"",""count"":21},{""node"":""mention::realdonaldtrump"",""label"":""@realdonaldtrump"",""count"":16},{""node"":""topic::endorsements_appointments"",""label"":""Endorsements Appointments"",""count"":15},{""node"":""topic::immigration_border"",""label"":""Immigration Border"",""count"":15},{""node"":""org::vanity fair"",""label"":""Vanity Fair"",""count"":13}]"
2024-W05,2024-01-29,2024-02-04,92,0,92,23,69,145,806,35,19,38,Media Communications,topic::media_communications,29,Texas,loc::texas,19,"[{""node"":""topic::media_communications"",""label"":""Media Communications"",""count"":29},{""node"":""topic::immigration_border"",""label"":""Immigration Border"",""count"":22},{""node"":""topic::elections_campaigns"",""label"":""Elections Campaigns"",""count"":21},{""node"":""topic::congress_governance"",""label"":""Congress Governance"",""count"":21},{""node"":""loc::texas"",""label"":""Texas"",""count"":19},{""node"":""topic::defense_military_veterans"",""label"":""Defense Military Veterans"",""count"":17},{""node"":""topic::law_justice_crime"",""label"":""Law Justice Crime"",""count"":15},{""node"":""topic::energy_environment"",""label"":""Energy Environment"",""count"":12},{""node"":""org::congress"",""label"":""Congress"",""count"":10},{""node"":""topic::endorsements_appointments"",""label"":""Endorsements Appointments"",""count"":9},{""node"":""org::texas elected leadership team"",""label"":""Texas Elected Leadership Team"",""count"":8},{""node"":""mention::realdonaldtrump"",""label"":""@realdonaldtrump"",""count"":8}]"
2024-W06,2024-02-05,2024-02-11,137,0,137,42,95,140,708,58,34,45,Media Communications,topic::media_communications,67,Joe Biden,per::joe biden,17,"[{""node"":""topic::media_communications"",""label"":""Media Communications"",""count"":67},{""node"":""topic::law_justice_crime"",""label"":""Law Justice Crime"",""count"":34},{""node"":""topic::elections_campaigns"",""label"":""Elections Campaigns"",""count"":34},{""node"":""topic::health_public_health"",""label"":""Health Public Health"",""count"":25},{""node"":""per::joe biden"",""label"":""Joe Biden"",""count"":17},{""node"":""per::trump"",""label"":""Trump"",""count"":16},{""node"":""per::b"",""label"":""B"",""count"":15},{""node"":""mention::realdonaldtrump"",""label"":""@realdonaldtrump"",""count"":15},{""node"":""topic::congress_governance"",""label"":""Congress Governance"",""count"":10},{""node"":""per::iden"",""label"":""Iden"",""count"":10},{""node"":""per::c"",""label"":""C"",""count"":10},{""node"":""topic::immigration_border"",""label"":""Immigration Border"",""count"":9}]"
2024-W07,2024-02-12,2024-02-18,130,0,130,50,80,155,776,50,53,27,Media Communications,topic::media_communications,77,Trump,per::trump,13,"[{""node"":""topic::media_communications"",""label"":""Media Communications"",""count"":77},{""node"":""topic::law_justice_crime"",""label"":""Law Justice Crime"",""count"":41},{""node"":""topic::elections_campaigns"",""label"":""Elections Campaigns"",""count"":19},{""node"":""topic::health_public_health"",""label"":""Health Public Health"",""count"":16},{""node"":""mention::realdonaldtrump"",""label"":""@realdonaldtrump"",""count"":14},{""node"":""topic::energy_environment"",""label"":""Energy Environment"",""count"":14},{""node"":""per::trump"",""label"":""Trump"",""count"":13},{""node"":""per::joe biden"",""label"":""Joe Biden"",""count"":13},{""node"":""per::c"",""label"":""C"",""count"":9},{""node"":""loc::michigan"",""label"":""Michigan"",""count"":8},{""node"":""loc::america"",""label"":""America"",""count"":7},{""node"":""loc::south carolina"",""label"":""South Carolina"",""count"":6}]"
2024-W08,2024-02-19,2024-02-25,92,0,92,15,77,136,678,26,26,40,Media Communications,topic::media_communications,43,South Carolina,loc::south carolina,12,"[{""node"":""topic::media_communications"",""label"":""Media Communications"",""count"":43},{""node"":""topic::law_justice_crime"",""label"":""Law Justice Crime"",""count"":25},{""node"":""topic::elections_campaigns"",""label"":""Elections Campaigns"",""count"":25},{""node"":""loc::south carolina"",""label"":""South Carolina"",""count"":12},{""node"":""topic::congress_governance"",""label"":""Congress Governance"",""count"":10},{""node"":""per::joe biden"",""label"":""Joe Biden"",""count"":9},{""node"":""topic::health_public_health"",""label"":""Health Public Health"",""count"":9},{""node"":""per::trump"",""label"":""Trump"",""count"":9},{""node"":""topic::immigration_border"",""label"":""Immigration Border"",""count"":7},{""node"":""mention::realdonaldtrump"",""label"":""@realdonaldtrump"",""count"":7},{""node"":""per::c"",""label"":""C"",""count"":6},{""node"":""topic::defense_military_veterans"",""label"":""Defense Military Veterans"",""count"":6}]"
2024-W09,2024-02-26,2024-03-03,117,0,117,14,103,199,1175,26,31,60,Media Communications,topic::media_communications,33,Texas,loc::texas,31,"[{""node"":""topic::media_communications"",""label"":""Media Communications"",""count"":33},{""node"":""topic::congress_governance"",""label"":""Congress Governance"",""count"":33},{""node"":""topic::law_justice_crime"",""label"":""Law Justice Crime"",""count"":32},{""node"":""topic::elections_campaigns"",""label"":""Elections Campaigns"",""count"":31},{""node"":""loc::texas"",""label"":""Texas"",""count"":31},{""node"":""topic::immigration_border"",""label"":""Immigration Border"",""count"":31},{""node"":""topic::defense_military_veterans"",""label"":""Defense Military Veterans"",""count"":24},{""node"":""topic::health_public_health"",""label"":""Health Public Health"",""count"":16},{""node"":""per::trump"",""label"":""Trump"",""count"":12},{""node"":""org::america first"",""label"":""America First"",""count"":11},{""node"":""org::state house"",""label"":""State House"",""count"":10},{""node"":""org::congress"",""label"":""Congress"",""count"":10}]"
2024-W10,2024-03-04,2024-03-10,186,0,186,50,136,229,1349,65,41,80,Media Communications,topic::media_communications,70,Texas,loc::texas,19,"[{""node"":""topic::media_communications"",""label"":""Media Communications"",""count"":70},{""node"":""topic::congress_governance"",""label"":""Congress Governance"",""count"":39},{""node"":""topic::health_public_health"",""label"":""Health Public Health"",""count"":35},{""node"":""topic::elections_campaigns"",""label"":""Elections Campaigns"",""count"":32},{""node"":""topic::immigration_border"",""label"":""Immigration Border"",""count"":32},{""node"":""topic::law_justice_crime"",""label"":""Law Justice Crime"",""count"":25},{""node"":""loc::texas"",""label"":""Texas"",""count"":19},{""node"":""topic::defense_military_veterans"",""label"":""Defense Military Veterans"",""count"":19},{""node"":""org::congress"",""label"":""Congress"",""count"":18},{""node"":""topic::energy_environment"",""label"":""Energy Environment"",""count"":18},{""node"":""topic::foreign_policy_diplomacy"",""label"":""Foreign Policy Diplomacy"",""count"":17},{""node"":""topic::endorsements_appointments"",""label"":""Endorsements Appointments"",""count"":17}]"
2024-W11,2024-03-11,2024-03-17,134,0,134,61,73,190,1039,47,52,35,Media Communications,topic::media_communications,87,Trump,per::trump,30,"[{""node"":""topic::media_communications"",""label"":""Media Communications"",""count"":87},{""node"":""topic::law_justice_crime"",""label"":""Law Justice Crime"",""count"":42},{""node"":""per::trump"",""label"":""Trump"",""count"":30},{""node"":""topic::elections_campaigns"",""label"":""Elections Campaigns"",""count"":24},{""node"":""per::b"",""label"":""B"",""count"":24},{""node"":""per::iden"",""label"":""Iden"",""count"":20},{""node"":""topic::health_public_health"",""label"":""Health Public Health"",""count"":18},{""node"":""per::joe biden"",""label"":""Joe Biden"",""count"":14},{""node"":""topic::immigration_border"",""label"":""Immigration Border"",""count"":12},{""node"":""topic::congress_governance"",""label"":""Congress Governance"",""count"":10},{""node"":""per::c"",""label"":""C"",""count"":9},{""node"":""mention::realdonaldtrump"",""label"":""@realdonaldtrump"",""count"":9}]"
2024-W12,2024-03-18,2024-03-24,152,0,152,39,113,180,1149,68,42,42,Media Communications,topic::media_communications,75,Trump,per::trump,17,"[{""node"":""topic::media_communications"",""label"":""Media Communications"",""count"":75},{""node"":""topic::law_justice_crime"",""label"":""Law Justice Crime"",""count"":53},{""node"":""topic::elections_campaigns"",""label"":""Elections Campaigns"",""count"":26},{""node"":""topic::immigration_border"",""label"":""Immigration Border"",""count"":21},{""node"":""topic::health_public_health"",""label"":""Health Public Health"",""count"":19},{""node"":""per::trump"",""label"":""Trump"",""count"":17},{""node"":""topic::congress_governance"",""label"":""Congress Governance"",""count"":16},{""node"":""topic::defense_military_veterans"",""label"":""Defense Military Veterans"",""count"":15},{""node"":""per::joe biden"",""label"":""Joe Biden"",""count"":15},{""node"":""topic::energy_environment"",""label"":""Energy Environment"",""count"":11},{""node"":""loc::new york"",""label"":""New York"",""count"":10},{""node"":""org::a"",""label"":""A"",""count"":10}]"
2024-W13,2024-03-25,2024-03-31,121,0,121,25,96,157,897,54,33,34,Media Communications,topic::media_communications,60,Trump,per::trump,18,"[{""node"":""topic::media_communications"",""label"":""Media Communications"",""count"":60},{""node"":""topic::law_justice_crime"",""label"":""Law Justice Crime"",""count"":49},{""node"":""topic::health_public_health"",""label"":""Health Public Health"",""count"":21},{""node"":""per::trump"",""label"":""Trump"",""count"":18},{""node"":""topic::elections_campaigns"",""label"":""Elections Campaigns"",""count"":17},{""node"":""per::joe biden"",""label"":""Joe Biden"",""count"":13},{""node"":""per::c"",""label"":""C"",""count"":9},{""node"":""topic::immigration_border"",""label"":""Immigration Border"",""count"":9},{""node"":""topic::endorsements_appointments"",""label"":""Endorsements Appointments"",""count"":9},{""node"":""loc::new york"",""label"":""New York"",""count"":8},{""node"":""topic::congress_governance"",""label"":""Congress Governance"",""count"":7},{""node"":""loc::white house"",""label"":""White House"",""count"":6}]"
2024-W14,2024-04-01,2024-04-07,104,0,104,31,73,148,780,29,33,42,Media Communications,topic::media_communications,51,Trump,per::trump,15,"[{""node"":""topic::media_communications"",""label"":""Media Communications"",""count"":51},{""node"":""topic::law_justice_crime"",""label"":""Law Justice Crime"",""count"":29},{""node"":""topic::immigration_border"",""label"":""Immigration Border"",""count"":16},{""node"":""per::trump"",""label"":""Trump"",""count"":15},{""node"":""topic::congress_governance"",""label"":""Congress Governance"",""count"":14},{""node"":""topic::elections_campaigns"",""label"":""Elections Campaigns"",""count"":14},{""node"":""topic::health_public_health"",""label"":""Health Public Health"",""count"":14},{""node"":""topic::defense_military_veterans"",""label"":""Defense Military Veterans"",""count"":10},{""node"":""per::joe biden"",""label"":""Joe Biden"",""count"":8},{""node"":""mention::realdonaldtrump"",""label"":""@realdonaldtrump"",""count"":8},{""node"":""topic::energy_environment"",""label"":""Energy Environment"",""count"":7},{""node"":""topic::endorsements_appointments"",""label"":""Endorsements Appointments"",""count"":7}]"
2024-W15,2024-04-08,2024-04-14,134,0,134,31,103,152,806,51,40,43,Media Communications,topic::media_communications,51,Joe Biden,per::joe biden,16,"[{""node"":""topic::media_communications"",""label"":""Media Communications"",""count"":51},{""node"":""topic::law_justice_crime"",""label"":""Law Justice Crime"",""count"":44},{""node"":""topic::elections_campaigns"",""label"":""Elections Campaigns"",""count"":27},{""node"":""topic::health_public_health"",""label"":""Health Public Health"",""count"":26},{""node"":""topic::immigration_border"",""label"":""Immigration Border"",""count"":17},{""node"":""topic::congress_governance"",""label"":""Congress Governance"",""count"":16},{""node"":""per::joe biden"",""label"":""Joe Biden"",""count"":16},{""node"":""topic::defense_military_veterans"",""label"":""Defense Military Veterans"",""count"":13},{""node"":""loc::pennsylvania"",""label"":""Pennsylvania"",""count"":11},{""node"":""per::trump"",""label"":""Trump"",""count"":10},{""node"":""loc::states"",""label"":""States"",""count"":8},{""node"":""per::c"",""label"":""C"",""count"":8}]"
2024-W16,2024-04-15,2024-04-21,142,0,142,26,116,133,599,53,47,42,Media Communications,topic::media_communications,59,Trump,per::trump,17,"[{""node"":""topic::media_communications"",""label"":""Media Communications"",""count"":59},{""node"":""topic::law_justice_crime"",""label"":""Law Justice Crime"",""count"":47},{""node"":""topic::health_public_health"",""label"":""Health Public Health"",""count"":29},{""node"":""topic::elections_campaigns"",""label"":""Elections Campaigns"",""count"":23},{""node"":""per::trump"",""label"":""Trump"",""count"":17},{""node"":""per::joe biden"",""label"":""Joe Biden"",""count"":13},{""node"":""per::donald trump"",""label"":""Donald Trump"",""count"":12},{""node"":""per::c"",""label"":""C"",""count"":10},{""node"":""topic::foreign_policy_diplomacy"",""label"":""Foreign Policy Diplomacy"",""count"":8},{""node"":""loc::north carolina"",""label"":""North Carolina"",""count"":8},{""node"":""loc::america"",""label"":""America"",""count"":7},{""node"":""per::b"",""label"":""B"",""count"":7}]"
2024-W17,2024-04-22,2024-04-28,158,0,158,61,97,190,1109,74,57,27,Media Communications,topic::media_communications,95,Trump,per::trump,20,"[{""node"":""topic::media_communications"",""label"":""Media Communications"",""count"":95},{""node"":""topic::law_justice_crime"",""label"":""Law Justice Crime"",""count"":45},{""node"":""topic::elections_campaigns"",""label"":""Elections Campaigns"",""count"":33},{""node"":""per::trump"",""label"":""Trump"",""count"":20},{""node"":""per::c"",""label"":""C"",""count"":14},{""node"":""topic::health_public_health"",""label"":""Health Public Health"",""count"":14},{""node"":""per::joe biden"",""label"":""Joe Biden"",""count"":13},{""node"":""per::b"",""label"":""B"",""count"":13},{""node"":""loc::courthouse"",""label"":""Courthouse"",""count"":9},{""node"":""topic::energy_environment"",""label"":""Energy Environment"",""count"":9},{""node"":""topic::congress_governance"",""label"":""Congress Governance"",""count"":9},{""node"":""topic::endorsements_appointments"",""label"":""Endorsements Appointments"",""count"":9}]"
2024-W18,2024-04-29,2024-05-05,198,0,198,68,130,210,1354,72,77,49,Media Communications,topic::media_communications,123,Trump,per::trump,42,"[{""node"":""topic::media_communications"",""label"":""Media Communications"",""count"":123},{""node"":""topic::law_justice_crime"",""label"":""Law Justice Crime"",""count"":66},{""node"":""topic::elections_campaigns"",""label"":""Elections Campaigns"",""count"":43},{""node"":""per::trump"",""label"":""Trump"",""count"":42},{""node"":""topic::health_public_health"",""label"":""Health Public Health"",""count"":30},{""node"":""per::bragg"",""label"":""Bragg"",""count"":16},{""node"":""per::donald trump"",""label"":""Donald Trump"",""count"":12},{""node"":""per::joe biden"",""label"":""Joe Biden"",""count"":11},{""node"":""topic::congress_governance"",""label"":""Congress Governance"",""count"":11},{""node"":""per::b"",""label"":""B"",""count"":10},{""node"":""topic::energy_environment"",""label"":""Energy Environment"",""count"":10},{""node"":""mention::realdonaldtrump"",""label"":""@realdonaldtrump"",""count"":10}]"
2024-W19,2024-05-06,2024-05-12,188,0,188,65,123,195,1055,70,64,54,Media Communications,topic::media_communications,123,Trump,per::trump,19,"[{""node"":""topic::media_communications"",""label"":""Media Communications"",""count"":123},{""node"":""topic::law_justice_crime"",""label"":""Law Justice Crime"",""count"":60},{""node"":""topic::elections_campaigns"",""label"":""Elections Campaigns"",""count"":33},{""node"":""topic::health_public_health"",""label"":""Health Public Health"",""count"":29},{""node"":""per::trump"",""label"":""Trump"",""count"":19},{""node"":""per::joe biden"",""label"":""Joe Biden"",""count"":18},{""node"":""per::c"",""label"":""C"",""count"":14},{""node"":""topic::congress_governance"",""label"":""Congress Governance"",""count"":11},{""node"":""per::b"",""label"":""B"",""count"":9},{""node"":""per::iden"",""label"":""Iden"",""count"":8},{""node"":""topic::foreign_policy_diplomacy"",""label"":""Foreign Policy Diplomacy"",""count"":8},{""node"":""topic::defense_military_veterans"",""label"":""Defense Military Veterans"",""count"":8}]"
2024-W20,2024-05-13,2024-05-19,118,0,118,20,98,151,934,59,28,31,Media Communications,topic::media_communications,70,Trump,per::trump,26,"[{""node"":""topic::media_communications"",""label"":""Media Communications"",""count"":70},{""node"":""topic::law_justice_crime"",""label"":""Law Justice Crime"",""count"":53},{""node"":""topic::elections_campaigns"",""label"":""Elections Campaigns"",""count"":39},{""node"":""per::trump"",""label"":""Trump"",""count"":26},{""node"":""topic::health_public_health"",""label"":""Health Public Health"",""count"":12},{""node"":""per::b"",""label"":""B"",""count"":12},{""node"":""per::bragg"",""label"":""Bragg"",""count"":12},{""node"":""per::c"",""label"":""C"",""count"":12},{""node"":""per::joe biden"",""label"":""Joe Biden"",""count"":12},{""node"":""topic::congress_governance"",""label"":""Congress Governance"",""count"":9},{""node"":""per::iden"",""label"":""Iden"",""count"":9},{""node"":""loc::new york"",""label"":""New York"",""count"":8}]"
2024-W21,2024-05-20,2024-05-26,205,0,205,38,167,255,1621,47,36,122,Congress Governance,topic::congress_governance,91,Joe Biden,per::joe biden,24,"[{""node"":""topic::congress_governance"",""label"":""Congress Governance"",""count"":91},{""node"":""topic::defense_military_veterans"",""label"":""Defense Military Veterans"",""count"":75},{""node"":""topic::media_communications"",""label"":""Media Communications"",""count"":74},{""node"":""topic::law_justice_crime"",""label"":""Law Justice Crime"",""count"":37},{""node"":""topic::immigration_border"",""label"":""Immigration Border"",""count"":36},{""node"":""topic::elections_campaigns"",""label"":""Elections Campaigns"",""count"":32},{""node"":""topic::health_public_health"",""label"":""Health Public Health"",""count"":29},{""node"":""per::joe biden"",""label"":""Joe Biden"",""count"":24},{""node"":""topic::energy_environment"",""label"":""Energy Environment"",""count"":19},{""node"":""per::trump"",""label"":""Trump"",""count"":18},{""node"":""loc::new york"",""label"":""New York"",""count"":15},{""node"":""per::c"",""label"":""C"",""count"":15}]"
2024-W22,2024-05-27,2024-06-02,184,0,184,27,157,154,865,79,67,38,Law Justice Crime,topic::law_justice_crime,107,Trump,per::trump,24,"[{""node"":""topic::law_justice_crime"",""label"":""Law Justice Crime"",""count"":107},{""node"":""topic::media_communications"",""label"":""Media Communications"",""count"":84},{""node"":""topic::elections_campaigns"",""label"":""Elections Campaigns"",""count"":34},{""node"":""topic::health_public_health"",""label"":""Health Public Health"",""count"":32},{""node"":""per::trump"",""label"":""Trump"",""count"":24},{""node"":""topic::defense_military_veterans"",""label"":""Defense Military Veterans"",""count"":13},{""node"":""per::joe biden"",""label"":""Joe Biden"",""count"":12},{""node"":""per::c"",""label"":""C"",""count"":10},{""node"":""per::alvin bragg"",""label"":""Alvin Bragg"",""count"":10},{""node"":""per::gregg jarrett"",""label"":""Gregg Jarrett"",""count"":10},{""node"":""per::bragg"",""label"":""Bragg"",""count"":9},{""node"":""topic::congress_governance"",""label"":""Congress Governance"",""count"":9}]"
2024-W23,2024-06-03,2024-06-09,143,0,143,38,105,161,842,49,42,52,Media Communications,topic::media_communications,78,Joe Biden,per::joe biden,23,"[{""node"":""topic::media_communications"",""label"":""Media Communications"",""count"":78},{""node"":""topic::law_justice_crime"",""label"":""Law Justice Crime"",""count"":44},{""node"":""topic::elections_campaigns"",""label"":""Elections Campaigns"",""count"":37},{""node"":""per::joe biden"",""label"":""Joe Biden"",""count"":23},{""node"":""per::trump"",""label"":""Trump"",""count"":21},{""node"":""topic::immigration_border"",""label"":""Immigration Border"",""count"":21},{""node"":""topic::health_public_health"",""label"":""Health Public Health"",""count"":18},{""node"":""per::c"",""label"":""C"",""count"":16},{""node"":""topic::defense_military_veterans"",""label"":""Defense Military Veterans"",""count"":14},{""node"":""topic::congress_governance"",""label"":""Congress Governance"",""count"":13},{""node"":""loc::las vegas"",""label"":""Las Vegas"",""count"":13},{""node"":""loc::new york"",""label"":""New York"",""count"":9}]"
2024-W24,2024-06-10,2024-06-16,110,0,110,34,76,162,997,20,29,61,Media Communications,topic::media_communications,58,Trump,per::trump,19,"[{""node"":""topic::media_communications"",""label"":""Media Communications"",""count"":58},{""node"":""topic::elections_campaigns"",""label"":""Elections Campaigns"",""count"":31},{""node"":""topic::defense_military_veterans"",""label"":""Defense Military Veterans"",""count"":28},{""node"":""topic::congress_governance"",""label"":""Congress Governance"",""count"":23},{""node"":""per::trump"",""label"":""Trump"",""count"":19},{""node"":""mention::realdonaldtrump"",""label"":""@realdonaldtrump"",""count"":19},{""node"":""topic::health_public_health"",""label"":""Health Public Health"",""count"":17},{""node"":""topic::immigration_border"",""label"":""Immigration Border"",""count"":16},{""node"":""topic::law_justice_crime"",""label"":""Law Justice Crime"",""count"":15},{""node"":""per::joe biden"",""label"":""Joe Biden"",""count"":11},{""node"":""mention::realamericasvoice"",""label"":""@realamericasvoice"",""count"":11},{""node"":""per::b"",""label"":""B"",""count"":10}]"
2024-W25,2024-06-17,2024-06-23,146,0,146,65,81,182,1103,32,53,61,Media Communications,topic::media_communications,86,Trump,per::trump,27,"[{""node"":""topic::media_communications"",""label"":""Media Communications"",""count"":86},{""node"":""per::trump"",""label"":""Trump"",""count"":27},{""node"":""topic::elections_campaigns"",""label"":""Elections Campaigns"",""count"":24},{""node"":""topic::congress_governance"",""label"":""Congress Governance"",""count"":24},{""node"":""topic::immigration_border"",""label"":""Immigration Border"",""count"":23},{""node"":""topic::defense_military_veterans"",""label"":""Defense Military Veterans"",""count"":22},{""node"":""topic::law_justice_crime"",""label"":""Law Justice Crime"",""count"":20},{""node"":""mention::realdonaldtrump"",""label"":""@realdonaldtrump"",""count"":18},{""node"":""topic::health_public_health"",""label"":""Health Public Health"",""count"":13},{""node"":""mention::rsbn"",""label"":""@rsbn"",""count"":12},{""node"":""loc::new york"",""label"":""New York"",""count"":12},{""node"":""topic::energy_environment"",""label"":""Energy Environment"",""count"":11}]"
2024-W26,2024-06-24,2024-06-30,154,0,154,71,83,151,893,47,73,34,Media Communications,topic::media_communications,105,Joe Biden,per::joe biden,15,"[{""node"":""topic::media_communications"",""label"":""Media Communications"",""count"":105},{""node"":""topic::health_public_health"",""label"":""Health Public Health"",""count"":28},{""node"":""topic::law_justice_crime"",""label"":""Law Justice Crime"",""count"":22},{""node"":""per::joe biden"",""label"":""Joe Biden"",""count"":15},{""node"":""per::b"",""label"":""B"",""count"":15},{""node"":""per::trump"",""label"":""Trump"",""count"":14},{""node"":""mention::realdonaldtrump"",""label"":""@realdonaldtrump"",""count"":14},{""node"":""topic::elections_campaigns"",""label"":""Elections Campaigns"",""count"":13},{""node"":""per::c"",""label"":""C"",""count"":13},{""node"":""topic::immigration_border"",""label"":""Immigration Border"",""count"":12},{""node"":""per::iden"",""label"":""Iden"",""count"":8},{""node"":""topic::congress_governance"",""label"":""Congress Governance"",""count"":7}]"
2024-W27,2024-07-01,2024-07-07,100,0,100,41,59,132,737,29,40,31,Media Communications,topic::media_communications,70,B,per::b,15,"[{""node"":""topic::media_communications"",""label"":""Media Communications"",""count"":70},{""node"":""topic::law_justice_crime"",""label"":""Law Justice Crime"",""count"":25},{""node"":""topic::health_public_health"",""label"":""Health Public Health"",""count"":16},{""node"":""per::b"",""label"":""B"",""count"":15},{""node"":""topic::elections_campaigns"",""label"":""Elections Campaigns"",""count"":15},{""node"":""per::joe biden"",""label"":""Joe Biden"",""count"":14},{""node"":""topic::energy_environment"",""label"":""Energy Environment"",""count"":10},{""node"":""per::c"",""label"":""C"",""count"":10},{""node"":""per::trump"",""label"":""Trump"",""count"":8},{""node"":""per::iden"",""label"":""Iden"",""count"":7},{""node"":""topic::immigration_border"",""label"":""Immigration Border"",""count"":7},{""node"":""loc::america"",""label"":""America"",""count"":7}]"
2024-W28,2024-07-08,2024-07-14,116,0,116,30,86,139,776,44,42,30,Media Communications,topic::media_communications,87,Trump,per::trump,25,"[{""node"":""topic::media_communications"",""label"":""Media Communications"",""count"":87},{""node"":""topic::law_justice_crime"",""label"":""Law Justice Crime"",""count"":27},{""node"":""per::trump"",""label"":""Trump"",""count"":25},{""node"":""topic::elections_campaigns"",""label"":""Elections Campaigns"",""count"":23},{""node"":""topic::health_public_health"",""label"":""Health Public Health"",""count"":20},{""node"":""per::b"",""label"":""B"",""count"":12},{""node"":""topic::congress_governance"",""label"":""Congress Governance"",""count"":12},{""node"":""topic::energy_environment"",""label"":""Energy Environment"",""count"":8},{""node"":""per::iden"",""label"":""Iden"",""count"":8},{""node"":""per::c"",""label"":""C"",""count"":8},{""node"":""per::joe biden"",""label"":""Joe Biden"",""count"":7},{""node"":""mention::realdonaldtrump"",""label"":""@realdonaldtrump"",""count"":7}]"
2024-W29,2024-07-15,2024-07-21,73,0,73,18,55,116,654,17,13,43,Media Communications,topic::media_communications,40,Joe Biden,per::joe biden,9,"[{""node"":""topic::media_communications"",""label"":""Media Communications"",""count"":40},{""node"":""topic::health_public_health"",""label"":""Health Public Health"",""count"":22},{""node"":""topic::elections_campaigns"",""label"":""Elections Campaigns"",""count"":17},{""node"":""topic::law_justice_crime"",""label"":""Law Justice Crime"",""count"":13},{""node"":""per::joe biden"",""label"":""Joe Biden"",""count"":9},{""node"":""mention::realdonaldtrump"",""label"":""@realdonaldtrump"",""count"":8},{""node"":""per::c"",""label"":""C"",""count"":8},{""node"":""topic::defense_military_veterans"",""label"":""Defense Military Veterans"",""count"":7},{""node"":""loc::united states"",""label"":""United States"",""count"":7},{""node"":""loc::america"",""label"":""America"",""count"":6},{""node"":""loc::michigan"",""label"":""Michigan"",""count"":6},{""node"":""topic::endorsements_appointments"",""label"":""Endorsements Appointments"",""count"":4}]"
2024-W30,2024-07-22,2024-07-28,133,0,133,38,95,170,1059,45,35,53,Media Communications,topic::media_communications,75,Joe Biden,per::joe biden,15,"[{""node"":""topic::media_communications"",""label"":""Media Communications"",""count"":75},{""node"":""topic::health_public_health"",""label"":""Health Public Health"",""count"":28},{""node"":""topic::law_justice_crime"",""label"":""Law Justice Crime"",""count"":28},{""node"":""topic::elections_campaigns"",""label"":""Elections Campaigns"",""count"":25},{""node"":""topic::congress_governance"",""label"":""Congress Governance"",""count"":16},{""node"":""per::joe biden"",""label"":""Joe Biden"",""count"":15},{""node"":""per::trump"",""label"":""Trump"",""count"":14},{""node"":""topic::defense_military_veterans"",""label"":""Defense Military Veterans"",""count"":14},{""node"":""per::kamal"",""label"":""Kamal"",""count"":13},{""node"":""per::kamala harris"",""label"":""Kamala Harris"",""count"":13},{""node"":""per::c"",""label"":""C"",""count"":11},{""node"":""per::b"",""label"":""B"",""count"":11}]"
2024-W31,2024-07-29,2024-08-04,178,0,178,75,103,205,1272,62,59,57,Media Communications,topic::media_communications,116,Kamal,per::kamal,30,"[{""node"":""topic::media_communications"",""label"":""Media Communications"",""count"":116},{""node"":""topic::health_public_health"",""label"":""Health Public Health"",""count"":38},{""node"":""topic::elections_campaigns"",""label"":""Elections Campaigns"",""count"":36},{""node"":""per::kamal"",""label"":""Kamal"",""count"":30},{""node"":""per::a harris"",""label"":""A Harris"",""count"":22},{""node"":""topic::law_justice_crime"",""label"":""Law Justice Crime"",""count"":19},{""node"":""topic::congress_governance"",""label"":""Congress Governance"",""count"":18},{""node"":""topic::energy_environment"",""label"":""Energy Environment"",""count"":16},{""node"":""per::kamala harris"",""label"":""Kamala Harris"",""count"":14},{""node"":""mention::realdonaldtrump"",""label"":""@realdonaldtrump"",""count"":14},{""node"":""topic::immigration_border"",""label"":""Immigration Border"",""count"":13},{""node"":""topic::endorsements_appointments"",""label"":""Endorsements Appointments"",""count"":12}]"
2024-W32,2024-08-05,2024-08-11,203,0,203,83,120,196,983,70,75,58,Media Communications,topic::media_communications,121,Kamal,per::kamal,27,"[{""node"":""topic::media_communications"",""label"":""Media Communications"",""count"":121},{""node"":""topic::elections_campaigns"",""label"":""Elections Campaigns"",""count"":39},{""node"":""topic::health_public_health"",""label"":""Health Public Health"",""count"":31},{""node"":""topic::law_justice_crime"",""label"":""Law Justice Crime"",""count"":30},{""node"":""per::kamal"",""label"":""Kamal"",""count"":27},{""node"":""topic::immigration_border"",""label"":""Immigration Border"",""count"":19},{""node"":""mention::realdonaldtrump"",""label"":""@realdonaldtrump"",""count"":17},{""node"":""topic::energy_environment"",""label"":""Energy Environment"",""count"":13},{""node"":""topic::defense_military_veterans"",""label"":""Defense Military Veterans"",""count"":13},{""node"":""topic::congress_governance"",""label"":""Congress Governance"",""count"":13},{""node"":""topic::endorsements_appointments"",""label"":""Endorsements Appointments"",""count"":9},{""node"":""per::trump"",""label"":""Trump"",""count"":8}]"
2024-W33,2024-08-12,2024-08-18,174,0,174,35,139,211,1245,48,37,89,Media Communications,topic::media_communications,64,Florida,loc::florida,26,"[{""node"":""topic::media_communications"",""label"":""Media Communications"",""count"":64},{""node"":""topic::congress_governance"",""label"":""Congress Governance"",""count"":49},{""node"":""topic::elections_campaigns"",""label"":""Elections Campaigns"",""count"":47},{""node"":""topic::defense_military_veterans"",""label"":""Defense Military Veterans"",""count"":42},{""node"":""topic::immigration_border"",""label"":""Immigration Border"",""count"":32},{""node"":""topic::health_public_health"",""label"":""Health Public Health"",""count"":28},{""node"":""loc::florida"",""label"":""Florida"",""count"":26},{""node"":""topic::law_justice_crime"",""label"":""Law Justice Crime"",""count"":25},{""node"":""topic::energy_environment"",""label"":""Energy Environment"",""count"":24},{""node"":""topic::endorsements_appointments"",""label"":""Endorsements Appointments"",""count"":20},{""node"":""per::kamal"",""label"":""Kamal"",""count"":20},{""node"":""per::kamala harris"",""label"":""Kamala Harris"",""count"":12}]"
2024-W34,2024-08-19,2024-08-25,193,0,193,61,132,189,1218,88,55,50,Media Communications,topic::media_communications,121,Kamala Harris,per::kamala harris,21,"[{""node"":""topic::media_communications"",""label"":""Media Communications"",""count"":121},{""node"":""topic::law_justice_crime"",""label"":""Law Justice Crime"",""count"":41},{""node"":""topic::health_public_health"",""label"":""Health Public Health"",""count"":38},{""node"":""topic::immigration_border"",""label"":""Immigration Border"",""count"":36},{""node"":""mention::teamtrumppresident"",""label"":""@teamtrumppresident"",""count"":27},{""node"":""topic::energy_environment"",""label"":""Energy Environment"",""count"":21},{""node"":""topic::elections_campaigns"",""label"":""Elections Campaigns"",""count"":21},{""node"":""per::kamala harris"",""label"":""Kamala Harris"",""count"":21},{""node"":""loc::america"",""label"":""America"",""count"":17},{""node"":""per::kamal"",""label"":""Kamal"",""count"":17},{""node"":""per::b"",""label"":""B"",""count"":15},{""node"":""topic::foreign_policy_diplomacy"",""label"":""Foreign Policy Diplomacy"",""count"":15}]"
2024-W35,2024-08-26,2024-09-01,194,0,194,95,99,201,1361,70,70,54,Media Communications,topic::media_communications,140,Kamala Harris,per::kamala harris,25,"[{""node"":""topic::media_communications"",""label"":""Media Communications"",""count"":140},{""node"":""topic::elections_campaigns"",""label"":""Elections Campaigns"",""count"":42},{""node"":""topic::law_justice_crime"",""label"":""Law Justice Crime"",""count"":35},{""node"":""topic::health_public_health"",""label"":""Health Public Health"",""count"":28},{""node"":""per::kamala harris"",""label"":""Kamala Harris"",""count"":25},{""node"":""mention::teamtrumppresident"",""label"":""@teamtrumppresident"",""count"":25},{""node"":""per::trump"",""label"":""Trump"",""count"":24},{""node"":""per::kamal"",""label"":""Kamal"",""count"":23},{""node"":""topic::immigration_border"",""label"":""Immigration Border"",""count"":17},{""node"":""topic::defense_military_veterans"",""label"":""Defense Military Veterans"",""count"":17},{""node"":""per::co"",""label"":""Co"",""count"":14},{""node"":""per::b"",""label"":""B"",""count"":13}]"
2024-W36,2024-09-02,2024-09-08,123,0,123,23,100,148,837,36,43,44,Media Communications,topic::media_communications,67,Kamala Harris,per::kamala harris,16,"[{""node"":""topic::media_communications"",""label"":""Media Communications"",""count"":67},{""node"":""topic::law_justice_crime"",""label"":""Law Justice Crime"",""count"":31},{""node"":""topic::health_public_health"",""label"":""Health Public Health"",""count"":25},{""node"":""topic::elections_campaigns"",""label"":""Elections Campaigns"",""count"":24},{""node"":""per::kamala harris"",""label"":""Kamala Harris"",""count"":16},{""node"":""topic::energy_environment"",""label"":""Energy Environment"",""count"":12},{""node"":""topic::endorsements_appointments"",""label"":""Endorsements Appointments"",""count"":9},{""node"":""per::kamal"",""label"":""Kamal"",""count"":8},{""node"":""loc::pennsylvania"",""label"":""Pennsylvania"",""count"":8},{""node"":""per::trump"",""label"":""Trump"",""count"":8},{""node"":""topic::immigration_border"",""label"":""Immigration Border"",""count"":7},{""node"":""per::co"",""label"":""Co"",""count"":7}]"
2024-W37,2024-09-09,2024-09-15,137,0,137,44,93,167,896,52,47,38,Media Communications,topic::media_communications,93,Kamala Harris,per::kamala harris,16,"[{""node"":""topic::media_communications"",""label"":""Media Communications"",""count"":93},{""node"":""topic::elections_campaigns"",""label"":""Elections Campaigns"",""count"":27},{""node"":""topic::health_public_health"",""label"":""Health Public Health"",""count"":26},{""node"":""per::kamala harris"",""label"":""Kamala Harris"",""count"":16},{""node"":""topic::law_justice_crime"",""label"":""Law Justice Crime"",""count"":15},{""node"":""per::kamal"",""label"":""Kamal"",""count"":13},{""node"":""per::trump"",""label"":""Trump"",""count"":13},{""node"":""mention::realdonaldtrump"",""label"":""@realdonaldtrump"",""count"":12},{""node"":""topic::immigration_border"",""label"":""Immigration Border"",""count"":12},{""node"":""per::harris"",""label"":""Harris"",""count"":9},{""node"":""topic::foreign_policy_diplomacy"",""label"":""Foreign Policy Diplomacy"",""count"":8},{""node"":""topic::endorsements_appointments"",""label"":""Endorsements Appointments"",""count"":8}]"
2024-W38,2024-09-16,2024-09-22,151,0,151,69,82,162,816,29,59,63,Media Communications,topic::media_communications,102,Trump,per::trump,21,"[{""node"":""topic::media_communications"",""label"":""Media Communications"",""count"":102},{""node"":""topic::elections_campaigns"",""label"":""Elections Campaigns"",""count"":31},{""node"":""topic::law_justice_crime"",""label"":""Law Justice Crime"",""count"":25},{""node"":""mention::teamtrumppresident"",""label"":""@teamtrumppresident"",""count"":22},{""node"":""per::trump"",""label"":""Trump"",""count"":21},{""node"":""topic::health_public_health"",""label"":""Health Public Health"",""count"":18},{""node"":""topic::immigration_border"",""label"":""Immigration Border"",""count"":18},{""node"":""topic::congress_governance"",""label"":""Congress Governance"",""count"":13},{""node"":""per::kamal"",""label"":""Kamal"",""count"":12},{""node"":""topic::defense_military_veterans"",""label"":""Defense Military Veterans"",""count"":12},{""node"":""topic::endorsements_appointments"",""label"":""Endorsements Appointments"",""count"":10},{""node"":""topic::foreign_policy_diplomacy"",""label"":""Foreign Policy Diplomacy"",""count"":9}]"
2024-W39,2024-09-23,2024-09-29,151,0,151,48,103,152,870,66,34,51,Media Communications,topic::media_communications,89,Kamal,per::kamal,37,"[{""node"":""topic::media_communications"",""label"":""Media Communications"",""count"":89},{""node"":""topic::law_justice_crime"",""label"":""Law Justice Crime"",""count"":43},{""node"":""per::kamal"",""label"":""Kamal"",""count"":37},{""node"":""topic::immigration_border"",""label"":""Immigration Border"",""count"":32},{""node"":""topic::elections_campaigns"",""label"":""Elections Campaigns"",""count"":30},{""node"":""per::trump"",""label"":""Trump"",""count"":26},{""node"":""topic::health_public_health"",""label"":""Health Public Health"",""count"":20},{""node"":""per::kamala harris"",""label"":""Kamala Harris"",""count"":19},{""node"":""mention::teamtrumppresident"",""label"":""@teamtrumppresident"",""count"":16},{""node"":""loc::pennsylvania"",""label"":""Pennsylvania"",""count"":14},{""node"":""topic::energy_environment"",""label"":""Energy Environment"",""count"":11},{""node"":""loc::america"",""label"":""America"",""count"":9}]"
2024-W40,2024-09-30,2024-10-06,171,0,171,53,118,182,1218,77,48,46,Media Communications,topic::media_communications,119,Kamal,per::kamal,20,"[{""node"":""topic::media_communications"",""label"":""Media Communications"",""count"":119},{""node"":""topic::law_justice_crime"",""label"":""Law Justice Crime"",""count"":41},{""node"":""topic::health_public_health"",""label"":""Health Public Health"",""count"":37},{""node"":""topic::elections_campaigns"",""label"":""Elections Campaigns"",""count"":32},{""node"":""mention::teamtrumppresident"",""label"":""@teamtrumppresident"",""count"":22},{""node"":""per::kamal"",""label"":""Kamal"",""count"":20},{""node"":""topic::energy_environment"",""label"":""Energy Environment"",""count"":14},{""node"":""per::trump"",""label"":""Trump"",""count"":13},{""node"":""loc::north carolina"",""label"":""North Carolina"",""count"":12},{""node"":""topic::endorsements_appointments"",""label"":""Endorsements Appointments"",""count"":10},{""node"":""per::l"",""label"":""L"",""count"":9},{""node"":""topic::immigration_border"",""label"":""Immigration Border"",""count"":9}]"
2024-W41,2024-10-07,2024-10-13,169,0,169,41,128,183,1178,54,54,61,Media Communications,topic::media_communications,100,Trump,per::trump,26,"[{""node"":""topic::media_communications"",""label"":""Media Communications"",""count"":100},{""node"":""topic::law_justice_crime"",""label"":""Law Justice Crime"",""count"":31},{""node"":""topic::elections_campaigns"",""label"":""Elections Campaigns"",""count"":30},{""node"":""per::trump"",""label"":""Trump"",""count"":26},{""node"":""per::kamal"",""label"":""Kamal"",""count"":24},{""node"":""topic::health_public_health"",""label"":""Health Public Health"",""count"":24},{""node"":""topic::immigration_border"",""label"":""Immigration Border"",""count"":17},{""node"":""topic::energy_environment"",""label"":""Energy Environment"",""count"":15},{""node"":""topic::congress_governance"",""label"":""Congress Governance"",""count"":15},{""node"":""loc::aurora"",""label"":""Aurora"",""count"":12},{""node"":""per::kamala harris"",""label"":""Kamala Harris"",""count"":11},{""node"":""mention::realamericasvoice"",""label"":""@realamericasvoice"",""count"":11}]"
2024-W42,2024-10-14,2024-10-20,123,0,123,53,70,126,612,43,38,42,Media Communications,topic::media_communications,80,Kamal,per::kamal,27,"[{""node"":""topic::media_communications"",""label"":""Media Communications"",""count"":80},{""node"":""topic::elections_campaigns"",""label"":""Elections Campaigns"",""count"":32},{""node"":""per::kamal"",""label"":""Kamal"",""count"":27},{""node"":""topic::health_public_health"",""label"":""Health Public Health"",""count"":24},{""node"":""per::trump"",""label"":""Trump"",""count"":19},{""node"":""topic::immigration_border"",""label"":""Immigration Border"",""count"":14},{""node"":""per::l"",""label"":""L"",""count"":12},{""node"":""topic::law_justice_crime"",""label"":""Law Justice Crime"",""count"":10},{""node"":""per::kamala harris"",""label"":""Kamala Harris"",""count"":10},{""node"":""topic::energy_environment"",""label"":""Energy Environment"",""count"":10},{""node"":""mention::teamtrumppresident"",""label"":""@teamtrumppresident"",""count"":8},{""node"":""per::a harris"",""label"":""A Harris"",""count"":7}]"
2024-W43,2024-10-21,2024-10-27,182,0,182,63,119,166,1028,47,55,80,Media Communications,topic::media_communications,100,Trump,per::trump,30,"[{""node"":""topic::media_communications"",""label"":""Media Communications"",""count"":100},{""node"":""topic::elections_campaigns"",""label"":""Elections Campaigns"",""count"":61},{""node"":""topic::health_public_health"",""label"":""Health Public Health"",""count"":40},{""node"":""per::trump"",""label"":""Trump"",""count"":30},{""node"":""topic::law_justice_crime"",""label"":""Law Justice Crime"",""count"":29},{""node"":""mention::teamtrumppresident"",""label"":""@teamtrumppresident"",""count"":24},{""node"":""per::kamal"",""label"":""Kamal"",""count"":22},{""node"":""per::kamala harris"",""label"":""Kamala Harris"",""count"":14},{""node"":""topic::endorsements_appointments"",""label"":""Endorsements Appointments"",""count"":13},{""node"":""loc::america"",""label"":""America"",""count"":13},{""node"":""mention::rsbn"",""label"":""@rsbn"",""count"":12},{""node"":""per::donald j"",""label"":""Donald J"",""count"":11}]"
2024-W44,2024-10-28,2024-11-03,194,0,194,55,139,173,1084,52,46,96,Media Communications,topic::media_communications,101,Kamal,per::kamal,35,"[{""node"":""topic::media_communications"",""label"":""Media Communications"",""count"":101},{""node"":""topic::elections_campaigns"",""label"":""Elections Campaigns"",""count"":72},{""node"":""per::kamal"",""label"":""Kamal"",""count"":35},{""node"":""topic::health_public_health"",""label"":""Health Public Health"",""count"":30},{""node"":""per::trump"",""label"":""Trump"",""count"":26},{""node"":""mention::teamtrumppresident"",""label"":""@teamtrumppresident"",""count"":23},{""node"":""loc::america"",""label"":""America"",""count"":20},{""node"":""topic::immigration_border"",""label"":""Immigration Border"",""count"":19},{""node"":""topic::defense_military_veterans"",""label"":""Defense Military Veterans"",""count"":17},{""node"":""topic::law_justice_crime"",""label"":""Law Justice Crime"",""count"":16},{""node"":""per::donald j"",""label"":""Donald J"",""count"":16},{""node"":""topic::congress_governance"",""label"":""Congress Governance"",""count"":15}]"
2024-W45,2024-11-04,2024-11-10,66,0,66,17,49,79,262,9,24,33,Media Communications,topic::media_communications,33,Pennsylvania,loc::pennsylvania,8,"[{""node"":""topic::media_communications"",""label"":""Media Communications"",""count"":33},{""node"":""topic::elections_campaigns"",""label"":""Elections Campaigns"",""count"":21},{""node"":""topic::health_public_health"",""label"":""Health Public Health"",""count"":10},{""node"":""loc::pennsylvania"",""label"":""Pennsylvania"",""count"":8},{""node"":""per::trump"",""label"":""Trump"",""count"":7},{""node"":""topic::congress_governance"",""label"":""Congress Governance"",""count"":7},{""node"":""topic::law_justice_crime"",""label"":""Law Justice Crime"",""count"":6},{""node"":""loc::america"",""label"":""America"",""count"":5},{""node"":""topic::endorsements_appointments"",""label"":""Endorsements Appointments"",""count"":5},{""node"":""topic::defense_military_veterans"",""label"":""Defense Military Veterans"",""count"":4},{""node"":""loc::pittsburgh"",""label"":""Pittsburgh"",""count"":4},{""node"":""topic::immigration_border"",""label"":""Immigration Border"",""count"":3}]"
2024-W46,2024-11-11,2024-11-17,36,0,36,9,27,96,424,4,10,22,Endorsements Appointments,topic::endorsements_appointments,16,Congress,org::congress,3,"[{""node"":""topic::endorsements_appointments"",""label"":""Endorsements Appointments"",""count"":16},{""node"":""topic::media_communications"",""label"":""Media Communications"",""count"":13},{""node"":""topic::health_public_health"",""label"":""Health Public Health"",""count"":4},{""node"":""topic::law_justice_crime"",""label"":""Law Justice Crime"",""count"":4},{""node"":""topic::immigration_border"",""label"":""Immigration Border"",""count"":3},{""node"":""topic::foreign_policy_diplomacy"",""label"":""Foreign Policy Diplomacy"",""count"":3},{""node"":""org::congress"",""label"":""Congress"",""count"":3},{""node"":""loc::united states"",""label"":""United States"",""count"":3},{""node"":""loc::america"",""label"":""America"",""count"":3},{""node"":""topic::congress_governance"",""label"":""Congress Governance"",""count"":3},{""node"":""topic::elections_campaigns"",""label"":""Elections Campaigns"",""count"":2},{""node"":""org::r"",""label"":""R"",""count"":2}]"
2024-W47,2024-11-18,2024-11-24,27,0,27,1,26,56,213,7,7,13,Health Public Health,topic::health_public_health,7,Foxnews,org::foxnews,2,"[{""node"":""topic::health_public_health"",""label"":""Health Public Health"",""count"":7},{""node"":""topic::media_communications"",""label"":""Media Communications"",""count"":6},{""node"":""topic::law_justice_crime"",""label"":""Law Justice Crime"",""count"":6},{""node"":""topic::endorsements_appointments"",""label"":""Endorsements Appointments"",""count"":6},{""node"":""topic::defense_military_veterans"",""label"":""Defense Military Veterans"",""count"":4},{""node"":""topic::energy_environment"",""label"":""Energy Environment"",""count"":4},{""node"":""topic::congress_governance"",""label"":""Congress Governance"",""count"":4},{""node"":""topic::elections_campaigns"",""label"":""Elections Campaigns"",""count"":3},{""node"":""org::foxnews"",""label"":""Foxnews"",""count"":2},{""node"":""per::trump"",""label"":""Trump"",""count"":2},{""node"":""loc::america"",""label"":""America"",""count"":2},{""node"":""loc::florida"",""label"":""Florida"",""count"":2}]"
2024-W48,2024-11-25,2024-12-01,32,0,32,5,27,80,457,10,8,14,Media Communications,topic::media_communications,13,United States,loc::united states,5,"[{""node"":""topic::media_communications"",""label"":""Media Communications"",""count"":13},{""node"":""topic::law_justice_crime"",""label"":""Law Justice Crime"",""count"":8},{""node"":""topic::foreign_policy_diplomacy"",""label"":""Foreign Policy Diplomacy"",""count"":8},{""node"":""topic::endorsements_appointments"",""label"":""Endorsements Appointments"",""count"":7},{""node"":""topic::immigration_border"",""label"":""Immigration Border"",""count"":6},{""node"":""loc::united states"",""label"":""United States"",""count"":5},{""node"":""loc::america"",""label"":""America"",""count"":5},{""node"":""topic::elections_campaigns"",""label"":""Elections Campaigns"",""count"":4},{""node"":""loc::mexico"",""label"":""Mexico"",""count"":4},{""node"":""topic::health_public_health"",""label"":""Health Public Health"",""count"":4},{""node"":""loc::u. s"",""label"":""U. S"",""count"":4},{""node"":""topic::congress_governance"",""label"":""Congress Governance"",""count"":3}]"
2024-W49,2024-12-02,2024-12-08,65,0,65,7,58,169,960,6,16,43,Endorsements Appointments,topic::endorsements_appointments,31,United States,loc::united states,8,"[{""node"":""topic::endorsements_appointments"",""label"":""Endorsements Appointments"",""count"":31},{""node"":""topic::media_communications"",""label"":""Media Communications"",""count"":21},{""node"":""topic::foreign_policy_diplomacy"",""label"":""Foreign Policy Diplomacy"",""count"":12},{""node"":""topic::defense_military_veterans"",""label"":""Defense Military Veterans"",""count"":9},{""node"":""loc::united states"",""label"":""United States"",""count"":8},{""node"":""loc::u. s"",""label"":""U. S"",""count"":7},{""node"":""topic::immigration_border"",""label"":""Immigration Border"",""count"":7},{""node"":""topic::law_justice_crime"",""label"":""Law Justice Crime"",""count"":6},{""node"":""loc::america"",""label"":""America"",""count"":6},{""node"":""loc::white house"",""label"":""White House"",""count"":5},{""node"":""org::senate"",""label"":""Senate"",""count"":5},{""node"":""topic::congress_governance"",""label"":""Congress Governance"",""count"":5}]"
2024-W50,2024-12-09,2024-12-15,48,0,48,3,45,130,704,6,4,38,Media Communications,topic::media_communications,25,United States,loc::united states,7,"[{""node"":""topic::media_communications"",""label"":""Media Communications"",""count"":25},{""node"":""topic::endorsements_appointments"",""label"":""Endorsements Appointments"",""count"":22},{""node"":""topic::foreign_policy_diplomacy"",""label"":""Foreign Policy Diplomacy"",""count"":13},{""node"":""loc::united states"",""label"":""United States"",""count"":7},{""node"":""topic::defense_military_veterans"",""label"":""Defense Military Veterans"",""count"":6},{""node"":""loc::america"",""label"":""America"",""count"":6},{""node"":""topic::law_justice_crime"",""label"":""Law Justice Crime"",""count"":5},{""node"":""loc::u. s"",""label"":""U. S"",""count"":5},{""node"":""topic::health_public_health"",""label"":""Health Public Health"",""count"":4},{""node"":""org::u"",""label"":""U"",""count"":4},{""node"":""org::america first"",""label"":""America First"",""count"":3},{""node"":""topic::congress_governance"",""label"":""Congress Governance"",""count"":3}]"
2024-W51,2024-12-16,2024-12-22,79,0,79,17,62,174,1090,20,15,44,Media Communications,topic::media_communications,39,United States,loc::united states,18,"[{""node"":""topic::media_communications"",""label"":""Media Communications"",""count"":39},{""node"":""topic::endorsements_appointments"",""label"":""Endorsements Appointments"",""count"":28},{""node"":""topic::foreign_policy_diplomacy"",""label"":""Foreign Policy Diplomacy"",""count"":19},{""node"":""loc::united states"",""label"":""United States"",""count"":18},{""node"":""topic::congress_governance"",""label"":""Congress Governance"",""count"":15},{""node"":""loc::america"",""label"":""America"",""count"":12},{""node"":""per::trump"",""label"":""Trump"",""count"":10},{""node"":""topic::health_public_health"",""label"":""Health Public Health"",""count"":10},{""node"":""topic::law_justice_crime"",""label"":""Law Justice Crime"",""count"":9},{""node"":""topic::immigration_border"",""label"":""Immigration Border"",""count"":6},{""node"":""loc::u. s"",""label"":""U. S"",""count"":6},{""node"":""per::b"",""label"":""B"",""count"":5}]"
2024-W52,2024-12-23,2024-12-29,30,0,30,6,24,79,331,5,10,15,Media Communications,topic::media_communications,16,United States,loc::united states,5,"[{""node"":""topic::media_communications"",""label"":""Media Communications"",""count"":16},{""node"":""topic::law_justice_crime"",""label"":""Law Justice Crime"",""count"":8},{""node"":""topic::endorsements_appointments"",""label"":""Endorsements Appointments"",""count"":6},{""node"":""topic::foreign_policy_diplomacy"",""label"":""Foreign Policy Diplomacy"",""count"":6},{""node"":""loc::united states"",""label"":""United States"",""count"":5},{""node"":""per::joe biden"",""label"":""Joe Biden"",""count"":4},{""node"":""topic::congress_governance"",""label"":""Congress Governance"",""count"":3},{""node"":""loc::america"",""label"":""America"",""count"":3},{""node"":""per::trump"",""label"":""Trump"",""count"":3},{""node"":""per::donald trump"",""label"":""Donald Trump"",""count"":2},{""node"":""topic::defense_military_veterans"",""label"":""Defense Military Veterans"",""count"":2},{""node"":""loc::canada"",""label"":""Canada"",""count"":2}]"
2025-W01,2024-12-30,2025-01-05,33,0,33,3,30,119,733,13,1,19,Media Communications,topic::media_communications,16,America,loc::america,7,"[{""node"":""topic::media_communications"",""label"":""Media Communications"",""count"":16},{""node"":""topic::endorsements_appointments"",""label"":""Endorsements Appointments"",""count"":11},{""node"":""topic::law_justice_crime"",""label"":""Law Justice Crime"",""count"":10},{""node"":""loc::america"",""label"":""America"",""count"":7},{""node"":""loc::united states"",""label"":""United States"",""count"":6},{""node"":""org::me"",""label"":""Me"",""count"":5},{""node"":""topic::foreign_policy_diplomacy"",""label"":""Foreign Policy Diplomacy"",""count"":5},{""node"":""topic::congress_governance"",""label"":""Congress Governance"",""count"":4},{""node"":""per::mike"",""label"":""Mike"",""count"":3},{""node"":""per::mike johnson"",""label"":""Mike Johnson"",""count"":3},{""node"":""topic::immigration_border"",""label"":""Immigration Border"",""count"":3},{""node"":""topic::health_public_health"",""label"":""Health Public Health"",""count"":3}]"
2025-W02,2025-01-06,2025-01-12,67,0,67,19,48,110,402,19,15,33,Media Communications,topic::media_communications,35,United States,loc::united states,8,"[{""node"":""topic::media_communications"",""label"":""Media Communications"",""count"":35},{""node"":""topic::energy_environment"",""label"":""Energy Environment"",""count"":12},{""node"":""topic::endorsements_appointments"",""label"":""Endorsements Appointments"",""count"":12},{""node"":""loc::united states"",""label"":""United States"",""count"":8},{""node"":""topic::health_public_health"",""label"":""Health Public Health"",""count"":8},{""node"":""topic::law_justice_crime"",""label"":""Law Justice Crime"",""count"":6},{""node"":""topic::congress_governance"",""label"":""Congress Governance"",""count"":5},{""node"":""per::gavin newscum"",""label"":""Gavin Newscum"",""count"":5},{""node"":""topic::defense_military_veterans"",""label"":""Defense Military Veterans"",""count"":5},{""node"":""loc::greenland"",""label"":""Greenland"",""count"":4},{""node"":""topic::foreign_policy_diplomacy"",""label"":""Foreign Policy Diplomacy"",""count"":4},{""node"":""mention::realdonaldtrump"",""label"":""@realdonaldtrump"",""count"":4}]"
2025-W03,2025-01-13,2025-01-19,85,0,85,37,48,120,489,17,30,38,Media Communications,topic::media_communications,58,United States,loc::united states,11,"[{""node"":""topic::media_communications"",""label"":""Media Communications"",""count"":58},{""node"":""topic::endorsements_appointments"",""label"":""Endorsements Appointments"",""count"":22},{""node"":""topic::energy_environment"",""label"":""Energy Environment"",""count"":13},{""node"":""topic::law_justice_crime"",""label"":""Law Justice Crime"",""count"":12},{""node"":""loc::united states"",""label"":""United States"",""count"":11},{""node"":""topic::foreign_policy_diplomacy"",""label"":""Foreign Policy Diplomacy"",""count"":8},{""node"":""topic::health_public_health"",""label"":""Health Public Health"",""count"":8},{""node"":""per::trump"",""label"":""Trump"",""count"":8},{""node"":""mention::realdonaldtrump"",""label"":""@realdonaldtrump"",""count"":5},{""node"":""topic::defense_military_veterans"",""label"":""Defense Military Veterans"",""count"":5},{""node"":""topic::congress_governance"",""label"":""Congress Governance"",""count"":4},{""node"":""org::air force"",""label"":""Air Force"",""count"":3}]"
2025-W04,2025-01-20,2025-01-26,54,0,54,24,30,91,333,6,16,32,Media Communications,topic::media_communications,39,Trump,per::trump,13,"[{""node"":""topic::media_communications"",""label"":""Media Communications"",""count"":39},{""node"":""per::trump"",""label"":""Trump"",""count"":13},{""node"":""mention::teamtrump"",""label"":""@teamtrump"",""count"":9},{""node"":""topic::endorsements_appointments"",""label"":""Endorsements Appointments"",""count"":7},{""node"":""topic::foreign_policy_diplomacy"",""label"":""Foreign Policy Diplomacy"",""count"":7},{""node"":""topic::health_public_health"",""label"":""Health Public Health"",""count"":7},{""node"":""loc::united states"",""label"":""United States"",""count"":5},{""node"":""topic::defense_military_veterans"",""label"":""Defense Military Veterans"",""count"":4},{""node"":""topic::law_justice_crime"",""label"":""Law Justice Crime"",""count"":4},{""node"":""topic::energy_environment"",""label"":""Energy Environment"",""count"":4},{""node"":""topic::immigration_border"",""label"":""Immigration Border"",""count"":4},{""node"":""org::t"",""label"":""T"",""count"":3}]"
2025-W05,2025-01-27,2025-02-02,51,0,51,4,47,82,323,14,7,30,Media Communications,topic::media_communications,18,United States,loc::united states,4,"[{""node"":""topic::media_communications"",""label"":""Media Communications"",""count"":18},{""node"":""topic::health_public_health"",""label"":""Health Public Health"",""count"":13},{""node"":""topic::law_justice_crime"",""label"":""Law Justice Crime"",""count"":12},{""node"":""topic::endorsements_appointments"",""label"":""Endorsements Appointments"",""count"":8},{""node"":""topic::energy_environment"",""label"":""Energy Environment"",""count"":8},{""node"":""topic::foreign_policy_diplomacy"",""label"":""Foreign Policy Diplomacy"",""count"":6},{""node"":""topic::economy_trade_taxes"",""label"":""Economy Trade Taxes"",""count"":5},{""node"":""loc::united states"",""label"":""United States"",""count"":4},{""node"":""loc::china"",""label"":""China"",""count"":4},{""node"":""per::god"",""label"":""God"",""count"":4},{""node"":""topic::elections_campaigns"",""label"":""Elections Campaigns"",""count"":3},{""node"":""loc::usa"",""label"":""Usa"",""count"":3}]"
2025-W06,2025-02-03,2025-02-09,64,0,64,13,51,114,500,14,9,41,Media Communications,topic::media_communications,29,United States,loc::united states,12,"[{""node"":""topic::media_communications"",""label"":""Media Communications"",""count"":29},{""node"":""topic::health_public_health"",""label"":""Health Public Health"",""count"":17},{""node"":""topic::endorsements_appointments"",""label"":""Endorsements Appointments"",""count"":13},{""node"":""topic::foreign_policy_diplomacy"",""label"":""Foreign Policy Diplomacy"",""count"":13},{""node"":""topic::law_justice_crime"",""label"":""Law Justice Crime"",""count"":13},{""node"":""loc::united states"",""label"":""United States"",""count"":12},{""node"":""loc::america"",""label"":""America"",""count"":6},{""node"":""topic::energy_environment"",""label"":""Energy Environment"",""count"":5},{""node"":""topic::congress_governance"",""label"":""Congress Governance"",""count"":4},{""node"":""loc::u. s"",""label"":""U. S"",""count"":4},{""node"":""topic::defense_military_veterans"",""label"":""Defense Military Veterans"",""count"":4},{""node"":""loc::california"",""label"":""California"",""count"":3}]"
2025-W07,2025-02-10,2025-02-16,69,0,69,8,61,116,491,17,23,29,Media Communications,topic::media_communications,25,Trump,per::trump,10,"[{""node"":""topic::media_communications"",""label"":""Media Communications"",""count"":25},{""node"":""topic::law_justice_crime"",""label"":""Law Justice Crime"",""count"":12},{""node"":""topic::endorsements_appointments"",""label"":""Endorsements Appointments"",""count"":11},{""node"":""per::trump"",""label"":""Trump"",""count"":10},{""node"":""topic::foreign_policy_diplomacy"",""label"":""Foreign Policy Diplomacy"",""count"":8},{""node"":""topic::health_public_health"",""label"":""Health Public Health"",""count"":8},{""node"":""topic::energy_environment"",""label"":""Energy Environment"",""count"":8},{""node"":""loc::united states"",""label"":""United States"",""count"":7},{""node"":""topic::economy_trade_taxes"",""label"":""Economy Trade Taxes"",""count"":7},{""node"":""topic::defense_military_veterans"",""label"":""Defense Military Veterans"",""count"":6},{""node"":""loc::america"",""label"":""America"",""count"":5},{""node"":""loc::u. s"",""label"":""U. S"",""count"":5}]"
2025-W08,2025-02-17,2025-02-23,54,0,54,5,49,99,480,12,19,23,Media Communications,topic::media_communications,28,America,loc::america,5,"[{""node"":""topic::media_communications"",""label"":""Media Communications"",""count"":28},{""node"":""topic::congress_governance"",""label"":""Congress Governance"",""count"":11},{""node"":""topic::law_justice_crime"",""label"":""Law Justice Crime"",""count"":6},{""node"":""topic::health_public_health"",""label"":""Health Public Health"",""count"":6},{""node"":""topic::immigration_border"",""label"":""Immigration Border"",""count"":6},{""node"":""loc::america"",""label"":""America"",""count"":5},{""node"":""topic::energy_environment"",""label"":""Energy Environment"",""count"":5},{""node"":""topic::elections_campaigns"",""label"":""Elections Campaigns"",""count"":5},{""node"":""topic::endorsements_appointments"",""label"":""Endorsements Appointments"",""count"":4},{""node"":""loc::u. s"",""label"":""U. S"",""count"":4},{""node"":""loc::united states"",""label"":""United States"",""count"":4},{""node"":""topic::foreign_policy_diplomacy"",""label"":""Foreign Policy Diplomacy"",""count"":4}]"
2025-W09,2025-02-24,2025-03-02,76,0,76,14,62,125,573,14,17,45,Media Communications,topic::media_communications,31,America,loc::america,8,"[{""node"":""topic::media_communications"",""label"":""Media Communications"",""count"":31},{""node"":""topic::law_justice_crime"",""label"":""Law Justice Crime"",""count"":13},{""node"":""topic::health_public_health"",""label"":""Health Public Health"",""count"":13},{""node"":""topic::endorsements_appointments"",""label"":""Endorsements Appointments"",""count"":9},{""node"":""topic::foreign_policy_diplomacy"",""label"":""Foreign Policy Diplomacy"",""count"":9},{""node"":""loc::america"",""label"":""America"",""count"":8},{""node"":""topic::energy_environment"",""label"":""Energy Environment"",""count"":7},{""node"":""per::trump"",""label"":""Trump"",""count"":7},{""node"":""loc::united states"",""label"":""United States"",""count"":6},{""node"":""topic::immigration_border"",""label"":""Immigration Border"",""count"":5},{""node"":""loc::u. s"",""label"":""U. S"",""count"":5},{""node"":""topic::congress_governance"",""label"":""Congress Governance"",""count"":5}]"
2025-W10,2025-03-03,2025-03-09,43,0,43,2,41,84,351,17,10,16,Media Communications,topic::media_communications,20,United States,loc::united states,9,"[{""node"":""topic::media_communications"",""label"":""Media Communications"",""count"":20},{""node"":""topic::foreign_policy_diplomacy"",""label"":""Foreign Policy Diplomacy"",""count"":16},{""node"":""loc::united states"",""label"":""United States"",""count"":9},{""node"":""topic::congress_governance"",""label"":""Congress Governance"",""count"":7},{""node"":""loc::canada"",""label"":""Canada"",""count"":6},{""node"":""topic::endorsements_appointments"",""label"":""Endorsements Appointments"",""count"":6},{""node"":""topic::immigration_border"",""label"":""Immigration Border"",""count"":5},{""node"":""loc::u. s"",""label"":""U. S"",""count"":5},{""node"":""topic::energy_environment"",""label"":""Energy Environment"",""count"":5},{""node"":""loc::america"",""label"":""America"",""count"":5},{""node"":""topic::health_public_health"",""label"":""Health Public Health"",""count"":4},{""node"":""topic::law_justice_crime"",""label"":""Law Justice Crime"",""count"":4}]"
2025-W11,2025-03-10,2025-03-16,75,0,75,4,71,117,524,26,11,38,Media Communications,topic::media_communications,28,America,loc::america,13,"[{""node"":""topic::media_communications"",""label"":""Media Communications"",""count"":28},{""node"":""topic::foreign_policy_diplomacy"",""label"":""Foreign Policy Diplomacy"",""count"":22},{""node"":""topic::law_justice_crime"",""label"":""Law Justice Crime"",""count"":15},{""node"":""topic::endorsements_appointments"",""label"":""Endorsements Appointments"",""count"":14},{""node"":""topic::energy_environment"",""label"":""Energy Environment"",""count"":13},{""node"":""loc::america"",""label"":""America"",""count"":13},{""node"":""loc::united states"",""label"":""United States"",""count"":8},{""node"":""topic::health_public_health"",""label"":""Health Public Health"",""count"":7},{""node"":""topic::congress_governance"",""label"":""Congress Governance"",""count"":7},{""node"":""loc::u. s"",""label"":""U. S"",""count"":7},{""node"":""per::trump"",""label"":""Trump"",""count"":6},{""node"":""loc::russia"",""label"":""Russia"",""count"":5}]"
2025-W12,2025-03-17,2025-03-23,80,0,80,3,77,133,596,22,20,38,Media Communications,topic::media_communications,31,Trump,per::trump,12,"[{""node"":""topic::media_communications"",""label"":""Media Communications"",""count"":31},{""node"":""topic::law_justice_crime"",""label"":""Law Justice Crime"",""count"":18},{""node"":""topic::endorsements_appointments"",""label"":""Endorsements Appointments"",""count"":15},{""node"":""topic::energy_environment"",""label"":""Energy Environment"",""count"":15},{""node"":""per::trump"",""label"":""Trump"",""count"":12},{""node"":""topic::immigration_border"",""label"":""Immigration Border"",""count"":9},{""node"":""topic::defense_military_veterans"",""label"":""Defense Military Veterans"",""count"":9},{""node"":""topic::foreign_policy_diplomacy"",""label"":""Foreign Policy Diplomacy"",""count"":8},{""node"":""loc::america"",""label"":""America"",""count"":5},{""node"":""topic::health_public_health"",""label"":""Health Public Health"",""count"":4},{""node"":""per::b"",""label"":""B"",""count"":4},{""node"":""loc::u. s"",""label"":""U. S"",""count"":4}]"
2025-W13,2025-03-24,2025-03-30,76,0,76,3,73,167,902,19,14,43,Media Communications,topic::media_communications,26,United States,loc::united states,8,"[{""node"":""topic::media_communications"",""label"":""Media Communications"",""count"":26},{""node"":""topic::law_justice_crime"",""label"":""Law Justice Crime"",""count"":21},{""node"":""topic::health_public_health"",""label"":""Health Public Health"",""count"":19},{""node"":""topic::defense_military_veterans"",""label"":""Defense Military Veterans"",""count"":16},{""node"":""topic::congress_governance"",""label"":""Congress Governance"",""count"":13},{""node"":""topic::energy_environment"",""label"":""Energy Environment"",""count"":13},{""node"":""topic::endorsements_appointments"",""label"":""Endorsements Appointments"",""count"":10},{""node"":""topic::elections_campaigns"",""label"":""Elections Campaigns"",""count"":9},{""node"":""topic::immigration_border"",""label"":""Immigration Border"",""count"":8},{""node"":""loc::united states"",""label"":""United States"",""count"":8},{""node"":""topic::foreign_policy_diplomacy"",""label"":""Foreign Policy Diplomacy"",""count"":8},{""node"":""org::congress"",""label"":""Congress"",""count"":7}]"
2025-W14,2025-03-31,2025-04-06,58,0,58,5,53,106,490,13,13,32,Media Communications,topic::media_communications,19,Trump,per::trump,8,"[{""node"":""topic::media_communications"",""label"":""Media Communications"",""count"":19},{""node"":""topic::health_public_health"",""label"":""Health Public Health"",""count"":11},{""node"":""topic::foreign_policy_diplomacy"",""label"":""Foreign Policy Diplomacy"",""count"":11},{""node"":""topic::congress_governance"",""label"":""Congress Governance"",""count"":10},{""node"":""topic::energy_environment"",""label"":""Energy Environment"",""count"":9},{""node"":""topic::elections_campaigns"",""label"":""Elections Campaigns"",""count"":8},{""node"":""topic::law_justice_crime"",""label"":""Law Justice Crime"",""count"":8},{""node"":""per::trump"",""label"":""Trump"",""count"":8},{""node"":""topic::economy_trade_taxes"",""label"":""Economy Trade Taxes"",""count"":6},{""node"":""topic::defense_military_veterans"",""label"":""Defense Military Veterans"",""count"":5},{""node"":""loc::america"",""label"":""America"",""count"":5},{""node"":""loc::united states of america"",""label"":""United States Of America"",""count"":4}]"
2025-W15,2025-04-07,2025-04-13,73,0,73,3,70,106,548,16,12,45,Media Communications,topic::media_communications,21,United States,loc::united states,13,"[{""node"":""topic::media_communications"",""label"":""Media Communications"",""count"":21},{""node"":""topic::foreign_policy_diplomacy"",""label"":""Foreign Policy Diplomacy"",""count"":18},{""node"":""topic::energy_environment"",""label"":""Energy Environment"",""count"":14},{""node"":""loc::united states"",""label"":""United States"",""count"":13},{""node"":""per::trump"",""label"":""Trump"",""count"":11},{""node"":""topic::law_justice_crime"",""label"":""Law Justice Crime"",""count"":11},{""node"":""topic::congress_governance"",""label"":""Congress Governance"",""count"":10},{""node"":""loc::america"",""label"":""America"",""count"":9},{""node"":""topic::defense_military_veterans"",""label"":""Defense Military Veterans"",""count"":9},{""node"":""topic::economy_trade_taxes"",""label"":""Economy Trade Taxes"",""count"":8},{""node"":""topic::health_public_health"",""label"":""Health Public Health"",""count"":8},{""node"":""topic::endorsements_appointments"",""label"":""Endorsements Appointments"",""count"":8}]"
2025-W16,2025-04-14,2025-04-20,66,0,66,6,60,121,545,22,8,36,Media Communications,topic::media_communications,30,United States,loc::united states,7,"[{""node"":""topic::media_communications"",""label"":""Media Communications"",""count"":30},{""node"":""topic::law_justice_crime"",""label"":""Law Justice Crime"",""count"":14},{""node"":""topic::foreign_policy_diplomacy"",""label"":""Foreign Policy Diplomacy"",""count"":11},{""node"":""topic::immigration_border"",""label"":""Immigration Border"",""count"":10},{""node"":""loc::united states"",""label"":""United States"",""count"":7},{""node"":""topic::endorsements_appointments"",""label"":""Endorsements Appointments"",""count"":6},{""node"":""per::joe biden"",""label"":""Joe Biden"",""count"":6},{""node"":""loc::america"",""label"":""America"",""count"":5},{""node"":""loc::white house"",""label"":""White House"",""count"":5},{""node"":""topic::energy_environment"",""label"":""Energy Environment"",""count"":5},{""node"":""topic::health_public_health"",""label"":""Health Public Health"",""count"":5},{""node"":""topic::congress_governance"",""label"":""Congress Governance"",""count"":5}]"
2025-W17,2025-04-21,2025-04-27,49,0,49,6,43,103,448,18,12,19,Media Communications,topic::media_communications,17,B,per::b,5,"[{""node"":""topic::media_communications"",""label"":""Media Communications"",""count"":17},{""node"":""topic::foreign_policy_diplomacy"",""label"":""Foreign Policy Diplomacy"",""count"":12},{""node"":""topic::law_justice_crime"",""label"":""Law Justice Crime"",""count"":11},{""node"":""topic::immigration_border"",""label"":""Immigration Border"",""count"":8},{""node"":""topic::endorsements_appointments"",""label"":""Endorsements Appointments"",""count"":5},{""node"":""per::b"",""label"":""B"",""count"":5},{""node"":""topic::energy_environment"",""label"":""Energy Environment"",""count"":4},{""node"":""topic::congress_governance"",""label"":""Congress Governance"",""count"":4},{""node"":""loc::russia"",""label"":""Russia"",""count"":4},{""node"":""loc::ukraine"",""label"":""Ukraine"",""count"":4},{""node"":""per::iden"",""label"":""Iden"",""count"":3},{""node"":""per::joe biden"",""label"":""Joe Biden"",""count"":3}]"
2025-W18,2025-04-28,2025-05-04,77,0,77,6,71,122,590,15,15,47,Media Communications,topic::media_communications,37,Trump,per::trump,11,"[{""node"":""topic::media_communications"",""label"":""Media Communications"",""count"":37},{""node"":""topic::law_justice_crime"",""label"":""Law Justice Crime"",""count"":12},{""node"":""topic::health_public_health"",""label"":""Health Public Health"",""count"":12},{""node"":""topic::energy_environment"",""label"":""Energy Environment"",""count"":12},{""node"":""topic::immigration_border"",""label"":""Immigration Border"",""count"":12},{""node"":""per::trump"",""label"":""Trump"",""count"":11},{""node"":""topic::defense_military_veterans"",""label"":""Defense Military Veterans"",""count"":10},{""node"":""topic::congress_governance"",""label"":""Congress Governance"",""count"":7},{""node"":""topic::endorsements_appointments"",""label"":""Endorsements Appointments"",""count"":7},{""node"":""loc::america"",""label"":""America"",""count"":6},{""node"":""topic::foreign_policy_diplomacy"",""label"":""Foreign Policy Diplomacy"",""count"":6},{""node"":""org::congress"",""label"":""Congress"",""count"":5}]"
2025-W19,2025-05-05,2025-05-11,106,0,106,8,98,164,853,14,24,68,Media Communications,topic::media_communications,47,United States,loc::united states,11,"[{""node"":""topic::media_communications"",""label"":""Media Communications"",""count"":47},{""node"":""topic::endorsements_appointments"",""label"":""Endorsements Appointments"",""count"":21},{""node"":""topic::congress_governance"",""label"":""Congress Governance"",""count"":21},{""node"":""topic::foreign_policy_diplomacy"",""label"":""Foreign Policy Diplomacy"",""count"":18},{""node"":""topic::defense_military_veterans"",""label"":""Defense Military Veterans"",""count"":16},{""node"":""topic::law_justice_crime"",""label"":""Law Justice Crime"",""count"":15},{""node"":""topic::health_public_health"",""label"":""Health Public Health"",""count"":13},{""node"":""loc::united states"",""label"":""United States"",""count"":11},{""node"":""topic::immigration_border"",""label"":""Immigration Border"",""count"":10},{""node"":""topic::energy_environment"",""label"":""Energy Environment"",""count"":9},{""node"":""loc::america"",""label"":""America"",""count"":9},{""node"":""loc::u. s"",""label"":""U. S"",""count"":9}]"
2025-W20,2025-05-12,2025-05-18,72,0,72,22,50,102,454,22,19,31,Media Communications,topic::media_communications,37,America,loc::america,10,"[{""node"":""topic::media_communications"",""label"":""Media Communications"",""count"":37},{""node"":""topic::health_public_health"",""label"":""Health Public Health"",""count"":22},{""node"":""topic::law_justice_crime"",""label"":""Law Justice Crime"",""count"":14},{""node"":""topic::foreign_policy_diplomacy"",""label"":""Foreign Policy Diplomacy"",""count"":11},{""node"":""loc::america"",""label"":""America"",""count"":10},{""node"":""org::supreme court"",""label"":""Supreme Court"",""count"":7},{""node"":""topic::energy_environment"",""label"":""Energy Environment"",""count"":6},{""node"":""loc::united states"",""label"":""United States"",""count"":5},{""node"":""topic::immigration_border"",""label"":""Immigration Border"",""count"":5},{""node"":""topic::congress_governance"",""label"":""Congress Governance"",""count"":4},{""node"":""topic::elections_campaigns"",""label"":""Elections Campaigns"",""count"":4},{""node"":""loc::qatar"",""label"":""Qatar"",""count"":4}]"
2025-W21,2025-05-19,2025-05-25,41,0,41,3,38,94,413,8,7,26,Media Communications,topic::media_communications,16,United States,loc::united states,8,"[{""node"":""topic::media_communications"",""label"":""Media Communications"",""count"":16},{""node"":""topic::defense_military_veterans"",""label"":""Defense Military Veterans"",""count"":9},{""node"":""topic::congress_governance"",""label"":""Congress Governance"",""count"":8},{""node"":""topic::law_justice_crime"",""label"":""Law Justice Crime"",""count"":8},{""node"":""loc::united states"",""label"":""United States"",""count"":8},{""node"":""topic::foreign_policy_diplomacy"",""label"":""Foreign Policy Diplomacy"",""count"":7},{""node"":""topic::energy_environment"",""label"":""Energy Environment"",""count"":6},{""node"":""loc::u. s"",""label"":""U. S"",""count"":5},{""node"":""topic::elections_campaigns"",""label"":""Elections Campaigns"",""count"":4},{""node"":""topic::endorsements_appointments"",""label"":""Endorsements Appointments"",""count"":4},{""node"":""topic::social_culture_education"",""label"":""Social Culture Education"",""count"":4},{""node"":""topic::health_public_health"",""label"":""Health Public Health"",""count"":3}]"
2025-W22,2025-05-26,2025-06-01,64,0,64,4,60,110,487,14,7,43,Media Communications,topic::media_communications,18,United States,loc::united states,7,"[{""node"":""topic::media_communications"",""label"":""Media Communications"",""count"":18},{""node"":""topic::endorsements_appointments"",""label"":""Endorsements Appointments"",""count"":13},{""node"":""topic::law_justice_crime"",""label"":""Law Justice Crime"",""count"":12},{""node"":""topic::energy_environment"",""label"":""Energy Environment"",""count"":11},{""node"":""topic::foreign_policy_diplomacy"",""label"":""Foreign Policy Diplomacy"",""count"":8},{""node"":""topic::health_public_health"",""label"":""Health Public Health"",""count"":7},{""node"":""loc::united states"",""label"":""United States"",""count"":7},{""node"":""loc::america"",""label"":""America"",""count"":7},{""node"":""topic::congress_governance"",""label"":""Congress Governance"",""count"":6},{""node"":""topic::immigration_border"",""label"":""Immigration Border"",""count"":5},{""node"":""loc::united states of america"",""label"":""United States Of America"",""count"":4},{""node"":""loc::u. s"",""label"":""U. S"",""count"":4}]"
2025-W23,2025-06-02,2025-06-08,49,0,49,3,46,96,433,23,8,18,Media Communications,topic::media_communications,23,B,per::b,5,"[{""node"":""topic::media_communications"",""label"":""Media Communications"",""count"":23},{""node"":""topic::health_public_health"",""label"":""Health Public Health"",""count"":12},{""node"":""topic::foreign_policy_diplomacy"",""label"":""Foreign Policy Diplomacy"",""count"":10},{""node"":""topic::energy_environment"",""label"":""Energy Environment"",""count"":9},{""node"":""topic::congress_governance"",""label"":""Congress Governance"",""count"":9},{""node"":""topic::law_justice_crime"",""label"":""Law Justice Crime"",""count"":7},{""node"":""topic::immigration_border"",""label"":""Immigration Border"",""count"":5},{""node"":""per::b"",""label"":""B"",""count"":5},{""node"":""per::iden"",""label"":""Iden"",""count"":4},{""node"":""loc::china"",""label"":""China"",""count"":4},{""node"":""loc::iran"",""label"":""Iran"",""count"":3},{""node"":""loc::country"",""label"":""Country"",""count"":3}]"
2025-W24,2025-06-09,2025-06-15,58,0,58,2,56,84,395,22,5,31,Media Communications,topic::media_communications,18,Los Angeles,loc::los angeles,11,"[{""node"":""topic::media_communications"",""label"":""Media Communications"",""count"":18},{""node"":""topic::law_justice_crime"",""label"":""Law Justice Crime"",""count"":17},{""node"":""topic::defense_military_veterans"",""label"":""Defense Military Veterans"",""count"":14},{""node"":""topic::foreign_policy_diplomacy"",""label"":""Foreign Policy Diplomacy"",""count"":12},{""node"":""loc::los angeles"",""label"":""Los Angeles"",""count"":11},{""node"":""loc::america"",""label"":""America"",""count"":9},{""node"":""loc::iran"",""label"":""Iran"",""count"":6},{""node"":""topic::health_public_health"",""label"":""Health Public Health"",""count"":5},{""node"":""org::national guard"",""label"":""National Guard"",""count"":5},{""node"":""topic::energy_environment"",""label"":""Energy Environment"",""count"":5},{""node"":""per::gavin newscum"",""label"":""Gavin Newscum"",""count"":4},{""node"":""loc::united states"",""label"":""United States"",""count"":4}]"
2025-W25,2025-06-16,2025-06-22,70,0,70,1,69,135,867,18,7,45,Media Communications,topic::media_communications,31,America,loc::america,10,"[{""node"":""topic::media_communications"",""label"":""Media Communications"",""count"":31},{""node"":""topic::foreign_policy_diplomacy"",""label"":""Foreign Policy Diplomacy"",""count"":16},{""node"":""topic::law_justice_crime"",""label"":""Law Justice Crime"",""count"":15},{""node"":""topic::energy_environment"",""label"":""Energy Environment"",""count"":11},{""node"":""topic::immigration_border"",""label"":""Immigration Border"",""count"":10},{""node"":""loc::america"",""label"":""America"",""count"":10},{""node"":""loc::iran"",""label"":""Iran"",""count"":10},{""node"":""topic::congress_governance"",""label"":""Congress Governance"",""count"":9},{""node"":""topic::health_public_health"",""label"":""Health Public Health"",""count"":9},{""node"":""per::trump"",""label"":""Trump"",""count"":7},{""node"":""topic::endorsements_appointments"",""label"":""Endorsements Appointments"",""count"":6},{""node"":""topic::defense_military_veterans"",""label"":""Defense Military Veterans"",""count"":5}]"
2025-W26,2025-06-23,2025-06-29,111,0,111,5,106,135,730,41,18,52,Media Communications,topic::media_communications,43,Iran,loc::iran,21,"[{""node"":""topic::media_communications"",""label"":""Media Communications"",""count"":43},{""node"":""topic::foreign_policy_diplomacy"",""label"":""Foreign Policy Diplomacy"",""count"":33},{""node"":""loc::iran"",""label"":""Iran"",""count"":21},{""node"":""topic::congress_governance"",""label"":""Congress Governance"",""count"":21},{""node"":""topic::health_public_health"",""label"":""Health Public Health"",""count"":20},{""node"":""topic::energy_environment"",""label"":""Energy Environment"",""count"":16},{""node"":""topic::law_justice_crime"",""label"":""Law Justice Crime"",""count"":16},{""node"":""loc::israel"",""label"":""Israel"",""count"":12},{""node"":""topic::defense_military_veterans"",""label"":""Defense Military Veterans"",""count"":11},{""node"":""loc::america"",""label"":""America"",""count"":9},{""node"":""topic::elections_campaigns"",""label"":""Elections Campaigns"",""count"":7},{""node"":""loc::united states of america"",""label"":""United States Of America"",""count"":6}]"
2025-W27,2025-06-30,2025-07-06,74,0,74,4,70,125,610,14,12,48,Media Communications,topic::media_communications,30,America,loc::america,8,"[{""node"":""topic::media_communications"",""label"":""Media Communications"",""count"":30},{""node"":""topic::congress_governance"",""label"":""Congress Governance"",""count"":29},{""node"":""topic::health_public_health"",""label"":""Health Public Health"",""count"":18},{""node"":""topic::energy_environment"",""label"":""Energy Environment"",""count"":9},{""node"":""loc::america"",""label"":""America"",""count"":8},{""node"":""topic::foreign_policy_diplomacy"",""label"":""Foreign Policy Diplomacy"",""count"":7},{""node"":""topic::endorsements_appointments"",""label"":""Endorsements Appointments"",""count"":7},{""node"":""loc::united states"",""label"":""United States"",""count"":6},{""node"":""org::congress"",""label"":""Congress"",""count"":6},{""node"":""loc::country"",""label"":""Country"",""count"":5},{""node"":""org::house"",""label"":""House"",""count"":5},{""node"":""topic::law_justice_crime"",""label"":""Law Justice Crime"",""count"":5}]"
2025-W28,2025-07-07,2025-07-13,57,0,57,7,50,135,868,15,11,31,Media Communications,topic::media_communications,29,Trump,per::trump,6,"[{""node"":""topic::media_communications"",""label"":""Media Communications"",""count"":29},{""node"":""topic::law_justice_crime"",""label"":""Law Justice Crime"",""count"":11},{""node"":""topic::economy_trade_taxes"",""label"":""Economy Trade Taxes"",""count"":9},{""node"":""topic::foreign_policy_diplomacy"",""label"":""Foreign Policy Diplomacy"",""count"":8},{""node"":""topic::elections_campaigns"",""label"":""Elections Campaigns"",""count"":8},{""node"":""per::trump"",""label"":""Trump"",""count"":6},{""node"":""topic::endorsements_appointments"",""label"":""Endorsements Appointments"",""count"":6},{""node"":""loc::america"",""label"":""America"",""count"":5},{""node"":""topic::congress_governance"",""label"":""Congress Governance"",""count"":5},{""node"":""org::fbi"",""label"":""Fbi"",""count"":4},{""node"":""topic::defense_military_veterans"",""label"":""Defense Military Veterans"",""count"":4},{""node"":""loc::brazil"",""label"":""Brazil"",""count"":3}]"
2025-W29,2025-07-14,2025-07-20,83,0,83,8,75,157,860,18,17,48,Media Communications,topic::media_communications,35,Congress,org::congress,10,"[{""node"":""topic::media_communications"",""label"":""Media Communications"",""count"":35},{""node"":""topic::congress_governance"",""label"":""Congress Governance"",""count"":21},{""node"":""topic::energy_environment"",""label"":""Energy Environment"",""count"":18},{""node"":""topic::health_public_health"",""label"":""Health Public Health"",""count"":15},{""node"":""topic::law_justice_crime"",""label"":""Law Justice Crime"",""count"":15},{""node"":""topic::defense_military_veterans"",""label"":""Defense Military Veterans"",""count"":13},{""node"":""org::congress"",""label"":""Congress"",""count"":10},{""node"":""per::trump"",""label"":""Trump"",""count"":7},{""node"":""topic::immigration_border"",""label"":""Immigration Border"",""count"":7},{""node"":""topic::endorsements_appointments"",""label"":""Endorsements Appointments"",""count"":7},{""node"":""loc::america"",""label"":""America"",""count"":5},{""node"":""org::energy"",""label"":""Energy"",""count"":5}]"
2025-W30,2025-07-21,2025-07-27,75,0,75,7,68,142,737,17,13,45,Media Communications,topic::media_communications,35,U. S,loc::u. s,9,"[{""node"":""topic::media_communications"",""label"":""Media Communications"",""count"":35},{""node"":""topic::foreign_policy_diplomacy"",""label"":""Foreign Policy Diplomacy"",""count"":15},{""node"":""topic::law_justice_crime"",""label"":""Law Justice Crime"",""count"":13},{""node"":""topic::health_public_health"",""label"":""Health Public Health"",""count"":10},{""node"":""topic::endorsements_appointments"",""label"":""Endorsements Appointments"",""count"":10},{""node"":""loc::u. s"",""label"":""U. S"",""count"":9},{""node"":""per::trump"",""label"":""Trump"",""count"":9},{""node"":""topic::congress_governance"",""label"":""Congress Governance"",""count"":8},{""node"":""topic::energy_environment"",""label"":""Energy Environment"",""count"":7},{""node"":""topic::elections_campaigns"",""label"":""Elections Campaigns"",""count"":7},{""node"":""topic::defense_military_veterans"",""label"":""Defense Military Veterans"",""count"":6},{""node"":""loc::united states"",""label"":""United States"",""count"":5}]"
2025-W31,2025-07-28,2025-08-03,81,0,81,10,71,149,919,32,17,32,Media Communications,topic::media_communications,44,United States,loc::united states,7,"[{""node"":""topic::media_communications"",""label"":""Media Communications"",""count"":44},{""node"":""topic::health_public_health"",""label"":""Health Public Health"",""count"":14},{""node"":""topic::foreign_policy_diplomacy"",""label"":""Foreign Policy Diplomacy"",""count"":13},{""node"":""topic::congress_governance"",""label"":""Congress Governance"",""count"":12},{""node"":""topic::energy_environment"",""label"":""Energy Environment"",""count"":11},{""node"":""topic::law_justice_crime"",""label"":""Law Justice Crime"",""count"":10},{""node"":""topic::endorsements_appointments"",""label"":""Endorsements Appointments"",""count"":8},{""node"":""loc::united states"",""label"":""United States"",""count"":7},{""node"":""loc::america"",""label"":""America"",""count"":6},{""node"":""loc::usa"",""label"":""Usa"",""count"":6},{""node"":""per::powell"",""label"":""Powell"",""count"":6},{""node"":""topic::immigration_border"",""label"":""Immigration Border"",""count"":5}]"
2025-W32,2025-08-04,2025-08-10,73,0,73,8,65,99,317,19,14,40,Media Communications,topic::media_communications,32,White House,loc::white house,7,"[{""node"":""topic::media_communications"",""label"":""Media Communications"",""count"":32},{""node"":""topic::health_public_health"",""label"":""Health Public Health"",""count"":19},{""node"":""topic::foreign_policy_diplomacy"",""label"":""Foreign Policy Diplomacy"",""count"":12},{""node"":""topic::law_justice_crime"",""label"":""Law Justice Crime"",""count"":8},{""node"":""topic::endorsements_appointments"",""label"":""Endorsements Appointments"",""count"":7},{""node"":""loc::white house"",""label"":""White House"",""count"":7},{""node"":""topic::economy_trade_taxes"",""label"":""Economy Trade Taxes"",""count"":6},{""node"":""per::trump"",""label"":""Trump"",""count"":5},{""node"":""topic::energy_environment"",""label"":""Energy Environment"",""count"":4},{""node"":""topic::defense_military_veterans"",""label"":""Defense Military Veterans"",""count"":4},{""node"":""per::dj"",""label"":""Dj"",""count"":4},{""node"":""topic::congress_governance"",""label"":""Congress Governance"",""count"":3}]"
2025-W33,2025-08-11,2025-08-17,77,0,77,6,71,116,451,17,19,41,Media Communications,topic::media_communications,27,D. C,loc::d. c,5,"[{""node"":""topic::media_communications"",""label"":""Media Communications"",""count"":27},{""node"":""topic::health_public_health"",""label"":""Health Public Health"",""count"":19},{""node"":""topic::law_justice_crime"",""label"":""Law Justice Crime"",""count"":19},{""node"":""topic::endorsements_appointments"",""label"":""Endorsements Appointments"",""count"":16},{""node"":""topic::energy_environment"",""label"":""Energy Environment"",""count"":12},{""node"":""topic::foreign_policy_diplomacy"",""label"":""Foreign Policy Diplomacy"",""count"":9},{""node"":""loc::d. c"",""label"":""D. C"",""count"":5},{""node"":""loc::russia"",""label"":""Russia"",""count"":5},{""node"":""loc::america"",""label"":""America"",""count"":4},{""node"":""loc::alaska"",""label"":""Alaska"",""count"":4},{""node"":""topic::congress_governance"",""label"":""Congress Governance"",""count"":3},{""node"":""per::trump"",""label"":""Trump"",""count"":3}]"
2025-W34,2025-08-18,2025-08-24,93,0,93,6,87,203,1384,24,11,58,Media Communications,topic::media_communications,35,U. S,loc::u. s,13,"[{""node"":""topic::media_communications"",""label"":""Media Communications"",""count"":35},{""node"":""topic::congress_governance"",""label"":""Congress Governance"",""count"":20},{""node"":""topic::law_justice_crime"",""label"":""Law Justice Crime"",""count"":18},{""node"":""topic::foreign_policy_diplomacy"",""label"":""Foreign Policy Diplomacy"",""count"":18},{""node"":""topic::defense_military_veterans"",""label"":""Defense Military Veterans"",""count"":14},{""node"":""loc::u. s"",""label"":""U. S"",""count"":13},{""node"":""topic::energy_environment"",""label"":""Energy Environment"",""count"":13},{""node"":""topic::health_public_health"",""label"":""Health Public Health"",""count"":11},{""node"":""topic::endorsements_appointments"",""label"":""Endorsements Appointments"",""count"":11},{""node"":""loc::united states"",""label"":""United States"",""count"":10},{""node"":""loc::a"",""label"":""A"",""count"":10},{""node"":""topic::elections_campaigns"",""label"":""Elections Campaigns"",""count"":9}]"
2025-W35,2025-08-25,2025-08-31,64,0,64,4,60,96,368,24,10,30,Law Justice Crime,topic::law_justice_crime,24,Chicago,loc::chicago,4,"[{""node"":""topic::law_justice_crime"",""label"":""Law Justice Crime"",""count"":24},{""node"":""topic::media_communications"",""label"":""Media Communications"",""count"":24},{""node"":""topic::health_public_health"",""label"":""Health Public Health"",""count"":8},{""node"":""topic::congress_governance"",""label"":""Congress Governance"",""count"":7},{""node"":""topic::foreign_policy_diplomacy"",""label"":""Foreign Policy Diplomacy"",""count"":5},{""node"":""topic::endorsements_appointments"",""label"":""Endorsements Appointments"",""count"":4},{""node"":""loc::chicago"",""label"":""Chicago"",""count"":4},{""node"":""loc::dc"",""label"":""Dc"",""count"":4},{""node"":""loc::america"",""label"":""America"",""count"":4},{""node"":""loc::white house"",""label"":""White House"",""count"":4},{""node"":""topic::economy_trade_taxes"",""label"":""Economy Trade Taxes"",""count"":4},{""node"":""loc::united states"",""label"":""United States"",""count"":3}]"
2025-W36,2025-09-01,2025-09-07,39,0,39,2,37,87,466,21,7,11,Law Justice Crime,topic::law_justice_crime,15,America,loc::america,5,"[{""node"":""topic::law_justice_crime"",""label"":""Law Justice Crime"",""count"":15},{""node"":""topic::media_communications"",""label"":""Media Communications"",""count"":11},{""node"":""topic::health_public_health"",""label"":""Health Public Health"",""count"":6},{""node"":""topic::foreign_policy_diplomacy"",""label"":""Foreign Policy Diplomacy"",""count"":6},{""node"":""loc::america"",""label"":""America"",""count"":5},{""node"":""topic::endorsements_appointments"",""label"":""Endorsements Appointments"",""count"":4},{""node"":""loc::united states"",""label"":""United States"",""count"":4},{""node"":""topic::energy_environment"",""label"":""Energy Environment"",""count"":3},{""node"":""loc::chicago"",""label"":""Chicago"",""count"":3},{""node"":""loc::russia"",""label"":""Russia"",""count"":3},{""node"":""loc::united states of america"",""label"":""United States Of America"",""count"":3},{""node"":""loc::china"",""label"":""China"",""count"":3}]"
2025-W37,2025-09-08,2025-09-14,51,0,51,3,48,102,449,13,9,29,Media Communications,topic::media_communications,24,America,loc::america,7,"[{""node"":""topic::media_communications"",""label"":""Media Communications"",""count"":24},{""node"":""topic::law_justice_crime"",""label"":""Law Justice Crime"",""count"":12},{""node"":""topic::health_public_health"",""label"":""Health Public Health"",""count"":10},{""node"":""topic::defense_military_veterans"",""label"":""Defense Military Veterans"",""count"":8},{""node"":""loc::america"",""label"":""America"",""count"":7},{""node"":""topic::foreign_policy_diplomacy"",""label"":""Foreign Policy Diplomacy"",""count"":6},{""node"":""topic::congress_governance"",""label"":""Congress Governance"",""count"":6},{""node"":""loc::united states"",""label"":""United States"",""count"":4},{""node"":""per::charlie kirk"",""label"":""Charlie Kirk"",""count"":4},{""node"":""topic::elections_campaigns"",""label"":""Elections Campaigns"",""count"":4},{""node"":""per::trump"",""label"":""Trump"",""count"":3},{""node"":""loc::u. s"",""label"":""U. S"",""count"":3}]"
2025-W38,2025-09-15,2025-09-21,59,0,59,8,51,161,1043,23,12,24,Media Communications,topic::media_communications,31,Dj,per::dj,7,"[{""node"":""topic::media_communications"",""label"":""Media Communications"",""count"":31},{""node"":""topic::law_justice_crime"",""label"":""Law Justice Crime"",""count"":24},{""node"":""topic::foreign_policy_diplomacy"",""label"":""Foreign Policy Diplomacy"",""count"":13},{""node"":""topic::health_public_health"",""label"":""Health Public Health"",""count"":9},{""node"":""topic::endorsements_appointments"",""label"":""Endorsements Appointments"",""count"":7},{""node"":""per::dj"",""label"":""Dj"",""count"":7},{""node"":""topic::congress_governance"",""label"":""Congress Governance"",""count"":6},{""node"":""loc::d. c"",""label"":""D. C"",""count"":5},{""node"":""loc::united states of america"",""label"":""United States Of America"",""count"":5},{""node"":""topic::defense_military_veterans"",""label"":""Defense Military Veterans"",""count"":5},{""node"":""topic::immigration_border"",""label"":""Immigration Border"",""count"":4},{""node"":""topic::elections_campaigns"",""label"":""Elections Campaigns"",""count"":4}]"
2025-W39,2025-09-22,2025-09-28,55,0,55,12,43,140,792,16,11,28,Media Communications,topic::media_communications,27,America,loc::america,9,"[{""node"":""topic::media_communications"",""label"":""Media Communications"",""count"":27},{""node"":""topic::law_justice_crime"",""label"":""Law Justice Crime"",""count"":19},{""node"":""topic::foreign_policy_diplomacy"",""label"":""Foreign Policy Diplomacy"",""count"":13},{""node"":""loc::america"",""label"":""America"",""count"":9},{""node"":""topic::health_public_health"",""label"":""Health Public Health"",""count"":9},{""node"":""mention::rapidresponse47president"",""label"":""@rapidresponse47president"",""count"":7},{""node"":""mention::realdonaldtrump"",""label"":""@realdonaldtrump"",""count"":7},{""node"":""loc::united states"",""label"":""United States"",""count"":5},{""node"":""per::dj"",""label"":""Dj"",""count"":5},{""node"":""topic::endorsements_appointments"",""label"":""Endorsements Appointments"",""count"":4},{""node"":""topic::immigration_border"",""label"":""Immigration Border"",""count"":4},{""node"":""org::fbi"",""label"":""Fbi"",""count"":4}]"
2025-W40,2025-09-29,2025-10-05,40,0,40,4,36,102,431,19,5,16,Media Communications,topic::media_communications,16,Gaza,loc::gaza,5,"[{""node"":""topic::media_communications"",""label"":""Media Communications"",""count"":16},{""node"":""topic::law_justice_crime"",""label"":""Law Justice Crime"",""count"":12},{""node"":""topic::foreign_policy_diplomacy"",""label"":""Foreign Policy Diplomacy"",""count"":8},{""node"":""topic::health_public_health"",""label"":""Health Public Health"",""count"":5},{""node"":""loc::gaza"",""label"":""Gaza"",""count"":5},{""node"":""topic::congress_governance"",""label"":""Congress Governance"",""count"":5},{""node"":""org::hamas"",""label"":""Hamas"",""count"":5},{""node"":""topic::immigration_border"",""label"":""Immigration Border"",""count"":4},{""node"":""loc::israel"",""label"":""Israel"",""count"":4},{""node"":""topic::defense_military_veterans"",""label"":""Defense Military Veterans"",""count"":4},{""node"":""loc::united states"",""label"":""United States"",""count"":3},{""node"":""loc::united states of america"",""label"":""United States Of America"",""count"":3}]"
2025-W41,2025-10-06,2025-10-12,22,0,22,2,20,72,357,5,3,14,Media Communications,topic::media_communications,10,United States,loc::united states,3,"[{""node"":""topic::media_communications"",""label"":""Media Communications"",""count"":10},{""node"":""topic::congress_governance"",""label"":""Congress Governance"",""count"":7},{""node"":""topic::law_justice_crime"",""label"":""Law Justice Crime"",""count"":6},{""node"":""topic::health_public_health"",""label"":""Health Public Health"",""count"":5},{""node"":""topic::defense_military_veterans"",""label"":""Defense Military Veterans"",""count"":4},{""node"":""topic::endorsements_appointments"",""label"":""Endorsements Appointments"",""count"":3},{""node"":""loc::united states"",""label"":""United States"",""count"":3},{""node"":""topic::elections_campaigns"",""label"":""Elections Campaigns"",""count"":3},{""node"":""topic::foreign_policy_diplomacy"",""label"":""Foreign Policy Diplomacy"",""count"":2},{""node"":""topic::energy_environment"",""label"":""Energy Environment"",""count"":2},{""node"":""per::jack smith"",""label"":""Jack Smith"",""count"":2},{""node"":""loc::tennessee"",""label"":""Tennessee"",""count"":2}]"
